P	0102800000	Ilocos Norte
R	0	120.849609 18.651450 120.849609 18.646245 120.855103 18.646245 120.855103 18.641040 120.860596 18.635835 120.860596 18.620219 120.866089 18.620219 120.866089 18.609807 120.871582 18.609807 120.871582 18.604601 120.877075 18.604601 120.877075 18.599395 120.882568 18.599395 120.882568 18.594189 120.888062 18.594189 120.888062 18.583776 120.893555 18.583776 120.893555 18.573362 120.899048 18.573362 120.899048 18.568155 120.904541 18.568155 120.910034 18.562947 120.921021 18.562947 120.926514 18.557740 120.953979 18.557740 120.959473 18.562947 120.959473 18.568155 120.964966 18.568155 120.964966 18.573362 120.970459 18.578569 120.959473 18.463979 120.942993 18.119750 120.937500 18.104087 120.942993 18.004856 120.942993 17.989183 120.932007 17.973508 120.871582 17.957832 120.866089 17.963058 120.805664 17.931702 120.794678 17.916023 120.750732 17.900342 120.745239 17.900342 120.679321 17.832374 120.673828 17.827145 120.635376 17.821916 120.635376 17.816686 120.569458 17.785305 120.443115 17.905569 120.443115 17.900342 120.437622 17.905569 120.432129 17.905569 120.432129 17.916023 120.437622 17.916023 120.437622 17.926476 120.443115 17.926476 120.448608 17.931702 120.454102 17.931702 120.454102 17.936929 120.465088 17.942155 120.465088 17.947381 120.470581 17.952606 120.470581 17.957832 120.476074 17.957832 120.476074 17.963058 120.470581 17.963058 120.470581 17.968283 120.476074 17.968283 120.476074 17.978733 120.481567 17.978733 120.481567 17.983958 120.487061 17.983958 120.487061 17.989183 120.492554 17.989183 120.498047 17.994407 120.498047 18.004856 120.492554 18.004856 120.487061 18.010080 120.487061 18.015304 120.481567 18.015304 120.481567 18.020528 120.476074 18.020528 120.476074 18.041421 120.481567 18.046644 120.481567 18.072757 120.476074 18.077979 120.476074 18.083201 120.470581 18.083201 120.470581 18.088423 120.476074 18.088423 120.476074 18.093644 120.481567 18.093644 120.481567 18.098866 120.487061 18.104087 120.492554 18.104087 120.492554 18.109308 120.498047 18.114529 120.498047 18.119750 120.509033 18.124971 120.509033 18.135412 120.514526 18.140632 120.520020 18.151072 120.520020 18.177169 120.514526 18.182388 120.520020 18.182388 120.520020 18.198044 120.525513 18.198044 120.525513 18.208480 120.531006 18.213698 120.541992 18.218916 120.541992 18.224134 120.547485 18.229351 120.547485 18.234569 120.552979 18.234569 120.552979 18.245003 120.558472 18.250220 120.558472 18.260653 120.563965 18.260653 120.563965 18.276302 120.569458 18.281518 120.569458 18.286734 120.574951 18.286734 120.574951 18.291950 120.580444 18.291950 120.585938 18.302381 120.585938 18.307596 120.591431 18.307596 120.591431 18.318026 120.596924 18.323240 120.596924 18.349312 120.602417 18.359739 120.602417 18.375379 120.596924 18.375379 120.596924 18.411867 120.591431 18.411867 120.591431 18.427502 120.585938 18.432713 120.585938 18.437925 120.580444 18.437925 120.580444 18.463979 120.574951 18.463979 120.574951 18.458768 120.569458 18.463979 120.569458 18.484819 120.563965 18.484819 120.563965 18.495238 120.574951 18.505657 120.580444 18.505657 120.580444 18.516075 120.596924 18.516075 120.596924 18.521283 120.602417 18.521283 120.602417 18.526492 120.607910 18.526492 120.607910 18.531700 120.613403 18.531700 120.613403 18.536909 120.618896 18.542117 120.624390 18.542117 120.624390 18.547325 120.640869 18.547325 120.640869 18.542117 120.646362 18.542117 120.646362 18.536909 120.662842 18.536909 120.662842 18.531700 120.706787 18.531700 120.706787 18.526492 120.728760 18.526492 120.728760 18.531700 120.750732 18.531700 120.761719 18.542117 120.767212 18.542117 120.767212 18.547325 120.772705 18.547325 120.772705 18.552532 120.778198 18.552532 120.778198 18.557740 120.783691 18.557740 120.783691 18.568155 120.789185 18.573362 120.789185 18.578569 120.783691 18.578569 120.783691 18.599395 120.778198 18.599395 120.778198 18.615013 120.789185 18.625425 120.789185 18.630630 120.800171 18.630630 120.800171 18.635835 120.811157 18.635835 120.811157 18.630630 120.816650 18.630630 120.822144 18.635835 120.833130 18.635835 120.833130 18.646245 120.838623 18.646245 120.838623 18.651450 120.849609 18.651450
P	0102900000	Ilocos Sur
R	0	120.366211 17.680662 120.371704 17.680662 120.382690 17.691129 120.388184 17.691129 120.399170 17.701595 120.410156 17.701595 120.410156 17.706828 120.415649 17.706828 120.415649 17.712061 120.421143 17.717294 120.421143 17.727759 120.432129 17.727759 120.432129 17.732991 120.437622 17.732991 120.437622 17.743455 120.432129 17.748687 120.432129 17.753918 120.426636 17.753918 120.426636 17.759150 120.421143 17.759150 120.421143 17.753918 120.415649 17.753918 120.410156 17.759150 120.404663 17.759150 120.404663 17.764381 120.421143 17.764381 120.421143 17.769612 120.426636 17.774843 120.421143 17.774843 120.421143 17.780074 120.404663 17.780074 120.404663 17.800996 120.421143 17.800996 120.421143 17.806226 120.426636 17.806226 120.426636 17.811456 120.437622 17.811456 120.437622 17.821916 120.448608 17.821916 120.454102 17.816686 120.454102 17.821916 120.459595 17.827145 120.454102 17.827145 120.454102 17.832374 120.448608 17.832374 120.448608 17.837604 120.454102 17.837604 120.454102 17.842833 120.443115 17.842833 120.448608 17.848061 120.448608 17.853290 120.443115 17.858519 120.443115 17.863747 120.437622 17.863747 120.437622 17.868975 120.448608 17.868975 120.448608 17.879431 120.443115 17.879431 120.443115 17.905569 120.569458 17.785305 120.487061 17.544534 120.476074 17.534059 120.470581 17.513106 120.470581 17.486911 120.591431 17.492150 120.536499 17.345395 120.673828 17.240498 120.679321 17.240498 120.673828 17.193275 120.679321 17.193275 120.690308 17.182779 120.734253 17.167034 120.734253 17.161786 120.745239 17.161786 120.745239 17.156537 120.750732 17.156537 120.805664 17.172283 120.811157 17.156537 120.783691 16.967487 120.783691 16.920195 120.745239 16.925450 120.745239 16.920195 120.739746 16.920195 120.739746 16.914939 120.701294 16.914939 120.668335 16.909684 120.585938 16.772987 120.585938 16.767727 120.591431 16.720385 120.580444 16.694079 120.563965 16.667769 120.514526 16.920195 120.410156 16.920195 120.421143 16.930705 120.421143 16.935960 120.426636 16.935960 120.426636 16.946470 120.432129 16.946470 120.432129 16.951724 120.437622 16.956979 120.437622 16.967487 120.443115 16.967487 120.443115 16.977995 120.448608 16.977995 120.448608 17.051533 120.443115 17.056785 120.443115 17.062036 120.437622 17.072539 120.437622 17.114543 120.432129 17.114543 120.432129 17.140790 120.426636 17.151288 120.426636 17.167034 120.421143 17.177531 120.421143 17.193275 120.415649 17.198522 120.415649 17.203770 120.410156 17.209017 120.404663 17.209017 120.404663 17.219511 120.415649 17.219511 120.415649 17.224758 120.421143 17.230005 120.421143 17.250990 120.415649 17.250990 120.415649 17.261482 120.421143 17.261482 120.421143 17.277219 120.426636 17.277219 120.426636 17.282464 120.432129 17.282464 120.432129 17.287709 120.421143 17.287709 120.421143 17.308688 120.426636 17.308688 120.426636 17.329664 120.432129 17.334908 120.426636 17.334908 120.432129 17.340152 120.448608 17.340152 120.448608 17.345395 120.443115 17.345395 120.443115 17.350638 120.448608 17.355882 120.454102 17.355882 120.454102 17.366367 120.448608 17.366367 120.448608 17.371610 120.454102 17.376853 120.454102 17.387337 120.459595 17.387337 120.459595 17.418787 120.454102 17.418787 120.454102 17.424029 120.448608 17.429270 120.448608 17.444992 120.437622 17.444992 120.437622 17.450232 120.432129 17.450232 120.432129 17.476432 120.437622 17.476432 120.437622 17.481672 120.432129 17.486911 120.426636 17.486911 120.426636 17.492150 120.421143 17.497389 120.410156 17.486911 120.404663 17.486911 120.399170 17.492150 120.393677 17.492150 120.388184 17.497389 120.388184 17.502628 120.410156 17.502628 120.415649 17.507867 120.421143 17.507867 120.421143 17.513106 120.415649 17.513106 120.415649 17.518344 120.410156 17.518344 120.410156 17.513106 120.399170 17.513106 120.393677 17.518344 120.388184 17.518344 120.388184 17.523583 120.377197 17.523583 120.377197 17.528821 120.371704 17.528821 120.371704 17.534059 120.366211 17.534059 120.355225 17.544534 120.355225 17.549772 120.349731 17.549772 120.349731 17.555009 120.344238 17.560247 120.344238 17.591667 120.349731 17.596903 120.349731 17.623082 120.355225 17.623082 120.355225 17.638787 120.360718 17.644022 120.360718 17.649257 120.366211 17.649257 120.366211 17.659726 120.371704 17.664960 120.366211 17.664960 120.366211 17.670194 120.371704 17.670194 120.371704 17.675428 120.366211 17.675428 120.366211 17.680662
R	1	120.421143 17.507867 120.421143 17.502628 120.426636 17.502628 120.421143 17.507867
R	0	120.366211 17.680662 120.360718 17.680662 120.355225 17.675428 120.355225 17.680662 120.349731 17.680662 120.349731 17.685895 120.355225 17.685895 120.355225 17.691129 120.360718 17.691129 120.360718 17.685895 120.366211 17.680662
R	0	120.684814 17.240498 120.679321 17.240498 120.679321 17.245744 120.684814 17.245744 120.684814 17.240498
R	0	120.388184 17.518344 120.393677 17.513106 120.388184 17.513106 120.388184 17.518344
P	0103300000	La Union
R	0	120.514526 16.920195 120.563965 16.667769 120.514526 16.573023 120.514526 16.551962 120.465088 16.504566 120.470581 16.436085 120.454102 16.415009 120.454102 16.409740 120.448608 16.404470 120.454102 16.404470 120.454102 16.399201 120.487061 16.357039 120.481567 16.357039 120.481567 16.351768 120.492554 16.346497 120.498047 16.346497 120.492554 16.341226 120.498047 16.341226 120.498047 16.335954 120.492554 16.335954 120.492554 16.330683 120.503540 16.293779 120.503540 16.288506 120.514526 16.262141 120.514526 16.230498 120.426636 16.198850 120.415649 16.204125 120.415649 16.214675 120.410156 16.214675 120.410156 16.230498 120.404663 16.230498 120.404663 16.241046 120.399170 16.246320 120.399170 16.251594 120.393677 16.256867 120.388184 16.256867 120.388184 16.262141 120.382690 16.262141 120.377197 16.267414 120.377197 16.272687 120.366211 16.272687 120.360718 16.267414 120.355225 16.267414 120.355225 16.277960 120.349731 16.277960 120.349731 16.283233 120.344238 16.283233 120.344238 16.299051 120.338745 16.299051 120.338745 16.330683 120.344238 16.330683 120.344238 16.346497 120.333252 16.357039 120.333252 16.372851 120.322266 16.383391 120.322266 16.393931 120.327759 16.399201 120.327759 16.409740 120.333252 16.409740 120.333252 16.462427 120.327759 16.467695 120.327759 16.478230 120.322266 16.478230 120.322266 16.488765 120.316772 16.494032 120.305786 16.494032 120.305786 16.520366 120.311279 16.520366 120.311279 16.530898 120.316772 16.530898 120.316772 16.557227 120.322266 16.557227 120.322266 16.573023 120.311279 16.583552 120.305786 16.583552 120.305786 16.578288 120.300293 16.583552 120.300293 16.604610 120.289307 16.604610 120.283813 16.609874 120.283813 16.615138 120.278320 16.615138 120.278320 16.625665 120.283813 16.625665 120.283813 16.620402 120.289307 16.620402 120.289307 16.609874 120.305786 16.609874 120.311279 16.615138 120.311279 16.620402 120.316772 16.620402 120.316772 16.630929 120.311279 16.630929 120.305786 16.641455 120.311279 16.646718 120.311279 16.651981 120.316772 16.651981 120.316772 16.657244 120.322266 16.657244 120.322266 16.662506 120.327759 16.662506 120.327759 16.667769 120.333252 16.667769 120.333252 16.678293 120.338745 16.678293 120.338745 16.694079 120.333252 16.694079 120.338745 16.704602 120.338745 16.741428 120.333252 16.741428 120.333252 16.746688 120.338745 16.746688 120.338745 16.762468 120.333252 16.762468 120.333252 16.778246 120.327759 16.778246 120.327759 16.815058 120.333252 16.820316 120.333252 16.836090 120.338745 16.836090 120.338745 16.841348 120.344238 16.846605 120.355225 16.846605 120.360718 16.851862 120.366211 16.851862 120.366211 16.857120 120.377197 16.857120 120.377197 16.862377 120.382690 16.862377 120.382690 16.867634 120.388184 16.867634 120.388184 16.872890 120.393677 16.872890 120.393677 16.878147 120.399170 16.883403 120.404663 16.893916 120.399170 16.893916 120.399170 16.904428 120.404663 16.904428 120.404663 16.914939 120.410156 16.920195 120.514526 16.920195
R	0	120.377197 16.241046 120.371704 16.241046 120.371704 16.246320 120.377197 16.246320 120.377197 16.241046
R	0	120.366211 16.256867 120.360718 16.256867 120.360718 16.262141 120.366211 16.262141 120.366211 16.256867
R	0	120.366211 16.256867 120.371704 16.256867 120.371704 16.251594 120.366211 16.251594 120.366211 16.256867
R	0	120.377197 16.241046 120.382690 16.241046 120.377197 16.235772 120.377197 16.241046
P	0105500000	Pangasinan
R	0	119.921265 16.309596 119.915771 16.309596 119.915771 16.299051 119.915771 16.283233 119.921265 16.283233 119.921265 16.267414 119.915771 16.267414 119.915771 16.256867 119.921265 16.256867 119.921265 16.246320 119.932251 16.246320 119.943237 16.235772 119.954224 16.235772 119.959717 16.230498 119.976196 16.230498 119.981689 16.225224 119.981689 16.219949 119.976196 16.219949 119.976196 16.214675 119.970703 16.214675 119.976196 16.209400 119.981689 16.209400 119.981689 16.204125 119.992676 16.204125 119.992676 16.198850 119.998169 16.193575 120.003662 16.193575 120.003662 16.188300 120.009155 16.183024 120.009155 16.172473 120.025635 16.172473 120.031128 16.177749 120.031128 16.193575 120.036621 16.193575 120.042114 16.188300 120.042114 16.193575 120.047607 16.193575 120.047607 16.177749 120.058594 16.177749 120.058594 16.172473 120.069580 16.172473 120.069580 16.161921 120.080566 16.161921 120.086060 16.167197 120.086060 16.161921 120.091553 16.161921 120.091553 16.156645 120.097046 16.156645 120.097046 16.151369 120.102539 16.151369 120.102539 16.146092 120.108032 16.146092 120.108032 16.135539 120.102539 16.135539 120.102539 16.140816 120.097046 16.140816 120.097046 16.146092 120.086060 16.146092 120.086060 16.140816 120.091553 16.140816 120.091553 16.135539 120.097046 16.135539 120.097046 16.130262 120.102539 16.130262 120.102539 16.119708 120.097046 16.119708 120.097046 16.124985 120.091553 16.124985 120.091553 16.119708 120.086060 16.114431 120.091553 16.114431 120.091553 16.098598 120.097046 16.093320 120.108032 16.093320 120.108032 16.082764 120.097046 16.082764 120.097046 16.061650 120.108032 16.061650 120.108032 16.056371 120.113525 16.056371 120.119019 16.051093 120.124512 16.051093 120.135498 16.040534 120.146484 16.040534 120.151978 16.035255 120.168457 16.035255 120.179443 16.045813 120.184937 16.045813 120.190430 16.051093 120.201416 16.040534 120.212402 16.040534 120.212402 16.035255 120.234375 16.035255 120.234375 16.040534 120.261841 16.040534 120.261841 16.045813 120.272827 16.045813 120.278320 16.051093 120.289307 16.051093 120.300293 16.056371 120.305786 16.061650 120.311279 16.061650 120.316772 16.066929 120.327759 16.066929 120.327759 16.061650 120.333252 16.066929 120.333252 16.077486 120.338745 16.077486 120.338745 16.082764 120.344238 16.082764 120.349731 16.088042 120.355225 16.088042 120.366211 16.098598 120.366211 16.103876 120.371704 16.103876 120.371704 16.109153 120.382690 16.119708 120.388184 16.119708 120.388184 16.124985 120.393677 16.124985 120.393677 16.130262 120.399170 16.130262 120.399170 16.135539 120.404663 16.135539 120.404663 16.140816 120.410156 16.140816 120.410156 16.146092 120.415649 16.146092 120.415649 16.151369 120.421143 16.156645 120.421143 16.161921 120.426636 16.167197 120.426636 16.177749 120.421143 16.177749 120.421143 16.188300 120.415649 16.204125 120.426636 16.198850 120.514526 16.230498 120.629883 16.183024 120.629883 16.177749 120.767212 16.198850 120.871582 16.119708 120.921021 15.966610 120.893555 15.908508 120.893555 15.903225 120.888062 15.903225 120.882568 15.897942 120.871582 15.897942 120.871582 15.887376 120.866089 15.887376 120.866089 15.882093 120.871582 15.871525 120.871582 15.860958 120.866089 15.860958 120.866089 15.855674 120.860596 15.850389 120.860596 15.839820 120.833130 15.813396 120.728760 15.850389 120.723267 15.850389 120.712280 15.845105 120.712280 15.839820 120.706787 15.839820 120.701294 15.834536 120.690308 15.834536 120.690308 15.829251 120.657349 15.829251 120.657349 15.823966 120.635376 15.823966 120.635376 15.818681 120.613403 15.813396 120.613403 15.839820 120.607910 15.839820 120.607910 15.845105 120.602417 15.860958 120.574951 15.818681 120.574951 15.813396 120.426636 15.755249 120.426636 15.749963 120.421143 15.749963 120.377197 15.744676 120.371704 15.744676 120.371704 15.739388 120.366211 15.739388 120.366211 15.734101 120.360718 15.734101 120.360718 15.728814 120.355225 15.728814 120.360718 15.723526 120.355225 15.723526 120.355225 15.712951 120.360718 15.712951 120.355225 15.707663 120.349731 15.707663 120.349731 15.702375 120.344238 15.702375 120.344238 15.697086 120.338745 15.697086 120.338745 15.691798 120.333252 15.691798 120.333252 15.686510 120.327759 15.681221 120.327759 15.670643 120.322266 15.665354 120.322266 15.660065 120.316772 15.660065 120.311279 15.644197 120.294800 15.644197 120.289307 15.638907 120.289307 15.644197 120.250854 15.617747 120.124512 15.829251 120.119019 15.829251 120.119019 15.823966 120.113525 15.829251 120.108032 15.823966 120.102539 15.823966 120.102539 15.829251 120.091553 15.829251 120.086060 15.834536 120.075073 15.834536 120.075073 15.839820 120.064087 15.839820 120.064087 15.845105 120.058594 15.845105 120.058594 15.850389 120.053101 15.850389 120.053101 15.855674 120.047607 15.855674 120.047607 15.860958 120.042114 15.860958 120.042114 15.871525 120.014648 15.871525 120.014648 15.866242 120.020142 15.866242 120.009155 15.855674 120.009155 15.839820 120.003662 15.839820 120.003662 15.823966 119.998169 15.818681 119.992676 15.818681 119.976196 15.808110 119.976196 15.802825 119.970703 15.802825 119.965210 15.808110 119.948730 15.808110 119.943237 15.802825 119.943237 15.808110 119.937744 15.808110 119.937744 15.813396 119.926758 15.808110 119.915771 15.808110 119.893799 15.813396 119.882812 15.813396 119.893799 15.823966 119.904785 15.823966 119.904785 15.829251 119.910278 15.829251 119.910278 15.834536 119.915771 15.839820 119.910278 15.839820 119.910278 15.850389 119.904785 15.850389 119.904785 15.855674 119.910278 15.855674 119.910278 15.860958 119.904785 15.860958 119.904785 15.866242 119.899292 15.866242 119.899292 15.871525 119.893799 15.871525 119.893799 15.892659 119.888306 15.892659 119.888306 15.897942 119.882812 15.903225 119.882812 15.908508 119.877319 15.913791 119.877319 15.924356 119.871826 15.924356 119.871826 15.934920 119.866333 15.934920 119.866333 15.940202 119.860840 15.950766 119.860840 15.961329 119.833374 15.961329 119.833374 15.956048 119.827881 15.956048 119.822388 15.961329 119.822388 15.956048 119.811401 15.956048 119.811401 15.940202 119.805908 15.940202 119.805908 15.924356 119.800415 15.924356 119.800415 15.919074 119.794922 15.919074 119.794922 15.929638 119.778442 15.929638 119.778442 15.924356 119.772949 15.924356 119.772949 15.919074 119.767456 15.919074 119.767456 15.929638 119.761963 15.929638 119.761963 15.934920 119.767456 15.934920 119.761963 15.940202 119.756470 15.940202 119.761963 15.945484 119.756470 15.945484 119.756470 15.956048 119.750977 15.956048 119.750977 15.971892 119.756470 15.977173 119.756470 15.982454 119.761963 15.982454 119.761963 16.014136 119.767456 16.014136 119.767456 16.019416 119.772949 16.019416 119.772949 16.035255 119.767456 16.035255 119.767456 16.040534 119.756470 16.040534 119.756470 16.056371 119.761963 16.056371 119.761963 16.066929 119.767456 16.066929 119.767456 16.077486 119.761963 16.077486 119.761963 16.082764 119.767456 16.082764 119.767456 16.098598 119.761963 16.098598 119.761963 16.114431 119.772949 16.114431 119.772949 16.119708 119.778442 16.119708 119.778442 16.135539 119.772949 16.140816 119.772949 16.151369 119.767456 16.151369 119.767456 16.156645 119.772949 16.161921 119.767456 16.167197 119.756470 16.167197 119.750977 16.172473 119.756470 16.172473 119.756470 16.177749 119.761963 16.177749 119.761963 16.188300 119.756470 16.188300 119.756470 16.193575 119.761963 16.198850 119.761963 16.209400 119.767456 16.209400 119.767456 16.219949 119.772949 16.219949 119.772949 16.225224 119.778442 16.230498 119.778442 16.235772 119.783936 16.235772 119.783936 16.241046 119.778442 16.246320 119.772949 16.246320 119.772949 16.288506 119.778442 16.288506 119.778442 16.309596 119.783936 16.309596 119.783936 16.325411 119.789429 16.330683 119.794922 16.341226 119.800415 16.346497 119.805908 16.346497 119.805908 16.351768 119.811401 16.351768 119.811401 16.357039 119.816895 16.357039 119.816895 16.362310 119.844360 16.362310 119.849854 16.357039 119.855347 16.357039 119.855347 16.367580 119.871826 16.383391 119.877319 16.383391 119.877319 16.388661 119.882812 16.393931 119.882812 16.388661 119.888306 16.388661 119.893799 16.393931 119.899292 16.393931 119.904785 16.388661 119.904785 16.383391 119.910278 16.378121 119.915771 16.378121 119.915771 16.383391 119.926758 16.383391 119.926758 16.378121 119.921265 16.378121 119.921265 16.367580 119.932251 16.367580 119.932251 16.357039 119.926758 16.357039 119.926758 16.325411 119.921265 16.325411 119.921265 16.309596
R	1	119.959717 16.225224 119.954224 16.225224 119.954224 16.219949 119.959717 16.219949 119.959717 16.225224
R	0	120.119019 16.124985 120.119019 16.119708 120.124512 16.119708 120.124512 16.109153 120.108032 16.109153 120.108032 16.119708 120.113525 16.119708 120.119019 16.124985
R	0	120.075073 16.172473 120.069580 16.172473 120.069580 16.177749 120.075073 16.177749 120.075073 16.172473
R	0	119.965210 16.367580 119.965210 16.362310 119.959717 16.362310 119.959717 16.357039 119.954224 16.357039 119.954224 16.351768 119.948730 16.351768 119.943237 16.357039 119.948730 16.357039 119.948730 16.362310 119.954224 16.362310 119.954224 16.367580 119.959717 16.367580 119.965210 16.367580
R	0	119.915771 16.383391 119.910278 16.383391 119.910278 16.420278 119.915771 16.420278 119.915771 16.425548 119.921265 16.425548 119.921265 16.420278 119.932251 16.420278 119.932251 16.425548 119.937744 16.425548 119.937744 16.420278 119.943237 16.420278 119.943237 16.409740 119.948730 16.409740 119.954224 16.404470 119.954224 16.399201 119.959717 16.404470 119.959717 16.383391 119.965210 16.383391 119.965210 16.378121 119.959717 16.378121 119.965210 16.372851 119.959717 16.367580 119.959717 16.372851 119.948730 16.372851 119.948730 16.378121 119.932251 16.378121 119.932251 16.388661 119.915771 16.388661 119.915771 16.383391
R	0	120.108032 16.082764 120.113525 16.082764 120.113525 16.072207 120.108032 16.072207 120.108032 16.082764
R	0	119.921265 16.309596 119.926758 16.309596 119.926758 16.304323 119.937744 16.314868 119.937744 16.325411 119.943237 16.325411 119.943237 16.330683 119.959717 16.330683 119.965210 16.325411 119.965210 16.346497 119.970703 16.346497 119.970703 16.351768 119.976196 16.351768 119.976196 16.346497 119.987183 16.346497 119.987183 16.341226 119.992676 16.346497 119.992676 16.341226 119.998169 16.341226 119.998169 16.325411 120.003662 16.325411 120.003662 16.320139 120.009155 16.314868 120.020142 16.314868 120.020142 16.309596 120.014648 16.309596 120.014648 16.304323 120.009155 16.299051 120.009155 16.293779 120.003662 16.293779 120.003662 16.283233 119.998169 16.283233 119.998169 16.272687 120.003662 16.267414 120.003662 16.262141 120.014648 16.251594 120.020142 16.251594 120.020142 16.246320 120.014648 16.246320 120.020142 16.241046 120.014648 16.241046 120.014648 16.230498 120.003662 16.230498 120.003662 16.225224 119.998169 16.225224 119.998169 16.219949 119.992676 16.219949 119.992676 16.225224 119.987183 16.225224 119.987183 16.230498 119.981689 16.235772 119.987183 16.241046 119.981689 16.241046 119.976196 16.246320 119.981689 16.246320 119.976196 16.251594 119.970703 16.251594 119.970703 16.256867 119.965210 16.256867 119.965210 16.262141 119.954224 16.262141 119.948730 16.267414 119.959717 16.267414 119.959717 16.272687 119.954224 16.272687 119.954224 16.283233 119.948730 16.283233 119.948730 16.288506 119.943237 16.288506 119.943237 16.283233 119.937744 16.283233 119.937744 16.293779 119.932251 16.293779 119.932251 16.288506 119.926758 16.288506 119.921265 16.283233 119.921265 16.293779 119.915771 16.299051 119.921265 16.304323 119.921265 16.309596
P	0200900000	Batanes
R	0	121.849365 20.354928 121.849365 20.349777 121.854858 20.349777 121.854858 20.344627 121.865845 20.344627 121.865845 20.339476 121.871338 20.339476 121.871338 20.334326 121.876831 20.334326 121.876831 20.329175 121.882324 20.324024 121.882324 20.318872 121.887817 20.318872 121.887817 20.287961 121.882324 20.287961 121.882324 20.282809 121.871338 20.282809 121.871338 20.277656 121.865845 20.277656 121.860352 20.272503 121.860352 20.267350 121.865845 20.267350 121.865845 20.262197 121.854858 20.262197 121.854858 20.267350 121.849365 20.267350 121.849365 20.277656 121.843872 20.277656 121.843872 20.287961 121.849365 20.293113 121.843872 20.293113 121.843872 20.308569 121.838379 20.308569 121.838379 20.339476 121.843872 20.339476 121.843872 20.354928 121.849365 20.354928
R	0	121.816406 20.334326 121.816406 20.329175 121.821899 20.324024 121.816406 20.324024 121.816406 20.313721 121.810913 20.308569 121.810913 20.298266 121.805420 20.298266 121.805420 20.303418 121.799927 20.303418 121.799927 20.334326 121.816406 20.334326
R	0	122.008667 20.488773 122.008667 20.483628 122.025146 20.483628 122.025146 20.478482 122.030640 20.478482 122.030640 20.473335 122.036133 20.473335 122.036133 20.463043 122.030640 20.463043 122.025146 20.457896 122.025146 20.452749 122.019653 20.452749 122.014160 20.447602 122.003174 20.447602 121.997681 20.442455 121.992188 20.442455 121.981201 20.432160 121.986694 20.432160 121.986694 20.427013 121.981201 20.427013 121.981201 20.421865 121.970215 20.421865 121.970215 20.416717 121.964722 20.416717 121.964722 20.411569 121.959229 20.411569 121.959229 20.406420 121.964722 20.401272 121.964722 20.396123 121.975708 20.396123 121.975708 20.390974 121.981201 20.385825 121.981201 20.380676 121.970215 20.380676 121.970215 20.365228 121.959229 20.365228 121.959229 20.360078 121.953735 20.360078 121.953735 20.349777 121.948242 20.349777 121.942749 20.344627 121.942749 20.349777 121.915283 20.349777 121.915283 20.375527 121.920776 20.375527 121.920776 20.390974 121.926270 20.396123 121.926270 20.406420 121.931763 20.406420 121.937256 20.411569 121.942749 20.411569 121.942749 20.416717 121.948242 20.416717 121.948242 20.427013 121.953735 20.427013 121.959229 20.432160 121.959229 20.437308 121.964722 20.437308 121.964722 20.452749 121.959229 20.452749 121.959229 20.473335 121.964722 20.473335 121.964722 20.468189 121.970215 20.468189 121.975708 20.473335 121.981201 20.473335 121.981201 20.478482 121.986694 20.478482 121.992188 20.483628 121.997681 20.483628 121.997681 20.488773 122.008667 20.488773
R	0	121.871338 20.833144 121.871338 20.828010 121.876831 20.828010 121.876831 20.822875 121.882324 20.817741 121.882324 20.792066 121.871338 20.792066 121.871338 20.766387 121.876831 20.766387 121.876831 20.761250 121.871338 20.761250 121.876831 20.756114 121.865845 20.756114 121.865845 20.750977 121.854858 20.750977 121.854858 20.745840 121.860352 20.740703 121.854858 20.740703 121.854858 20.720153 121.849365 20.720153 121.849365 20.715015 121.843872 20.715015 121.843872 20.709877 121.838379 20.709877 121.832886 20.704739 121.832886 20.709877 121.827393 20.704739 121.827393 20.699600 121.821899 20.699600 121.821899 20.694462 121.816406 20.694462 121.816406 20.689323 121.799927 20.689323 121.799927 20.699600 121.794434 20.699600 121.794434 20.704739 121.788940 20.704739 121.788940 20.709877 121.783447 20.709877 121.783447 20.725291 121.788940 20.725291 121.788940 20.740703 121.794434 20.740703 121.794434 20.750977 121.799927 20.750977 121.799927 20.756114 121.810913 20.756114 121.810913 20.761250 121.816406 20.761250 121.816406 20.776659 121.821899 20.781795 121.821899 20.786931 121.827393 20.786931 121.827393 20.792066 121.832886 20.792066 121.827393 20.797201 121.832886 20.797201 121.832886 20.822875 121.838379 20.822875 121.843872 20.828010 121.849365 20.828010 121.849365 20.833144 121.871338 20.833144
R	0	121.931763 20.709877 121.931763 20.704739 121.937256 20.704739 121.937256 20.699600 121.920776 20.699600 121.920776 20.704739 121.926270 20.704739 121.926270 20.709877 121.931763 20.709877
R	0	121.953735 21.120374 121.953735 21.105000 121.948242 21.105000 121.948242 21.120374 121.953735 21.120374
P	0201500000	Cagayan
R	0	121.904297 18.271086 121.920776 18.271086 121.920776 18.265870 121.942749 18.265870 121.942749 18.271086 121.959229 18.271086 121.964722 18.276302 121.975708 18.276302 121.981201 18.281518 121.997681 18.281518 121.997681 18.286734 122.014160 18.286734 122.014160 18.291950 122.019653 18.291950 122.019653 18.297165 122.025146 18.297165 122.025146 18.307596 122.030640 18.307596 122.036133 18.312811 122.041626 18.312811 122.041626 18.318026 122.052612 18.318026 122.052612 18.328455 122.058105 18.333669 122.063599 18.333669 122.063599 18.344098 122.074585 18.344098 122.074585 18.349312 122.080078 18.349312 122.080078 18.354526 122.085571 18.354526 122.085571 18.359739 122.096558 18.359739 122.096558 18.380592 122.107544 18.380592 122.113037 18.375379 122.124023 18.375379 122.124023 18.380592 122.129517 18.380592 122.129517 18.391018 122.124023 18.396230 122.124023 18.406655 122.129517 18.406655 122.129517 18.417079 122.124023 18.422290 122.124023 18.432713 122.129517 18.443136 122.135010 18.443136 122.135010 18.453557 122.140503 18.458768 122.140503 18.469189 122.145996 18.469189 122.145996 18.490029 122.151489 18.490029 122.151489 18.495238 122.145996 18.495238 122.145996 18.505657 122.151489 18.510866 122.162476 18.510866 122.162476 18.521283 122.173462 18.521283 122.173462 18.516075 122.184448 18.516075 122.184448 18.521283 122.189941 18.521283 122.189941 18.516075 122.189941 18.510866 122.195435 18.510866 122.200928 18.510866 122.200928 18.516075 122.211914 18.516075 122.211914 18.521283 122.233887 18.521283 122.233887 18.516075 122.239380 18.516075 122.239380 18.505657 122.244873 18.500447 122.244873 18.479609 122.239380 18.479609 122.239380 18.469189 122.244873 18.469189 122.244873 18.463979 122.250366 18.463979 122.250366 18.448347 122.255859 18.448347 122.255859 18.437925 122.261353 18.432713 122.261353 18.427502 122.272339 18.427502 122.272339 18.417079 122.283325 18.417079 122.283325 18.411867 122.294312 18.411867 122.294312 18.406655 122.299805 18.406655 122.299805 18.396230 122.305298 18.396230 122.305298 18.391018 122.310791 18.391018 122.310791 18.380592 122.321777 18.380592 122.321777 18.370166 122.327271 18.364953 122.321777 18.364953 122.327271 18.359739 122.327271 18.349312 122.321777 18.349312 122.327271 18.344098 122.327271 18.333669 122.332764 18.328455 122.332764 18.318026 122.327271 18.318026 122.332764 18.312811 122.338257 18.312811 122.338257 18.307596 122.332764 18.307596 122.332764 18.297165 122.327271 18.297165 122.327271 18.286734 122.332764 18.286734 122.332764 18.276302 122.327271 18.271086 122.327271 18.265870 122.321777 18.265870 122.321777 18.245003 122.310791 18.239786 122.305298 18.239786 122.305298 18.229351 122.299805 18.229351 122.299805 18.218916 122.288818 18.208480 122.288818 18.198044 122.277832 18.198044 122.277832 18.192825 122.272339 18.192825 122.272339 18.187607 122.266846 18.187607 122.266846 18.182388 122.261353 18.182388 122.261353 18.177169 122.266846 18.177169 122.266846 18.171950 122.261353 18.171950 122.261353 18.166730 122.250366 18.166730 122.250366 18.161511 122.233887 18.161511 122.233887 18.156291 122.222900 18.156291 122.211914 18.145852 122.206421 18.145852 122.206421 18.135412 122.200928 18.135412 122.200928 18.130191 122.195435 18.124971 122.195435 18.114529 122.189941 18.119750 122.184448 18.119750 122.184448 18.114529 122.178955 18.114529 122.178955 18.104087 122.173462 18.104087 122.173462 18.093644 122.167969 18.088423 122.167969 18.072757 122.162476 18.072757 122.167969 18.067535 122.167969 18.062312 122.184448 18.062312 122.184448 18.057090 122.178955 18.057090 122.178955 18.051867 122.173462 18.046644 122.173462 18.030975 122.178955 18.030975 122.184448 18.025751 122.184448 18.020528 122.189941 18.015304 122.184448 18.015304 122.184448 18.004856 122.189941 18.004856 122.189941 17.994407 122.184448 17.994407 122.184448 17.989183 122.178955 17.989183 122.178955 17.983958 122.184448 17.983958 122.184448 17.973508 122.178955 17.973508 122.178955 17.926476 122.184448 17.926476 122.178955 17.921249 122.184448 17.921249 122.184448 17.916023 122.189941 17.916023 122.189941 17.910796 122.184448 17.910796 122.184448 17.905569 122.189941 17.905569 122.189941 17.900342 122.178955 17.900342 122.178955 17.895114 122.173462 17.895114 122.173462 17.889887 122.167969 17.889887 122.167969 17.879431 122.162476 17.879431 122.162476 17.853290 122.167969 17.853290 122.167969 17.842833 122.156982 17.842833 122.156982 17.837604 122.151489 17.837604 122.151489 17.827145 122.145996 17.827145 122.145996 17.821916 122.156982 17.821916 122.156982 17.811456 122.145996 17.811456 122.145996 17.806226 122.140503 17.806226 122.140503 17.795766 122.135010 17.795766 122.135010 17.790535 122.140503 17.790535 122.140503 17.764381 122.145996 17.764381 122.145996 17.732991 122.151489 17.732991 122.151489 17.717294 122.156982 17.717294 122.156982 17.712061 122.162476 17.712061 122.162476 17.706828 122.156982 17.706828 122.156982 17.701595 122.167969 17.701595 122.167969 17.696362 122.162476 17.696362 122.162476 17.691129 122.156982 17.685895 122.156982 17.680662 122.162476 17.680662 122.162476 17.670194 122.167969 17.670194 122.167969 17.659726 122.162476 17.659726 122.162476 17.638787 122.167969 17.633552 122.167969 17.628317 122.162476 17.628317 122.162476 17.607375 122.167969 17.602139 122.167969 17.591667 122.173462 17.586431 121.646118 17.502628 121.635132 17.518344 121.635132 17.523583 121.629639 17.523583 121.629639 17.528821 121.624146 17.528821 121.613159 17.560247 121.486816 17.649257 121.470337 17.659726 121.475830 17.659726 121.475830 17.670194 121.459351 17.670194 121.459351 17.664960 121.437378 17.670194 121.437378 17.691129 121.431885 17.696362 121.431885 17.717294 121.426392 17.717294 121.431885 17.722526 121.426392 17.722526 121.426392 17.727759 121.322021 17.806226 121.311035 17.811456 121.305542 17.811456 121.305542 17.816686 121.316528 17.816686 121.316528 17.973508 121.327515 17.973508 121.327515 17.978733 121.322021 17.978733 121.322021 17.994407 121.327515 17.994407 121.327515 17.989183 121.333008 17.994407 121.333008 18.004856 121.338501 18.004856 121.338501 18.015304 121.343994 18.015304 121.343994 18.025751 121.349487 18.020528 121.349487 18.030975 121.343994 18.030975 121.343994 18.036198 121.459351 18.124971 121.470337 18.124971 121.470337 18.130191 121.475830 18.130191 121.475830 18.135412 121.470337 18.135412 121.470337 18.140632 121.475830 18.140632 121.475830 18.145852 121.486816 18.145852 121.486816 18.151072 121.481323 18.151072 121.481323 18.156291 121.486816 18.156291 121.486816 18.161511 121.481323 18.161511 121.481323 18.166730 121.486816 18.166730 121.481323 18.171950 121.486816 18.218916 121.486816 18.224134 121.481323 18.307596 121.464844 18.307596 121.409912 18.328455 121.228638 18.437925 121.228638 18.443136 121.157227 18.542117 121.091309 18.531700 121.091309 18.536909 121.063843 18.536909 120.959473 18.463979 120.970459 18.578569 120.970459 18.583776 120.981445 18.583776 120.981445 18.594189 120.986938 18.594189 120.986938 18.599395 120.992432 18.599395 120.992432 18.594189 121.003418 18.594189 121.003418 18.599395 121.014404 18.599395 121.014404 18.604601 121.025391 18.604601 121.025391 18.609807 121.030884 18.609807 121.030884 18.620219 121.036377 18.620219 121.036377 18.615013 121.041870 18.615013 121.047363 18.609807 121.047363 18.620219 121.052856 18.620219 121.052856 18.609807 121.085815 18.609807 121.085815 18.615013 121.091309 18.615013 121.091309 18.620219 121.096802 18.620219 121.096802 18.625425 121.107788 18.625425 121.113281 18.630630 121.129761 18.630630 121.140747 18.625425 121.157227 18.625425 121.157227 18.620219 121.173706 18.620219 121.179199 18.615013 121.184692 18.615013 121.190186 18.609807 121.195679 18.609807 121.201172 18.604601 121.206665 18.604601 121.206665 18.599395 121.212158 18.599395 121.212158 18.594189 121.217651 18.594189 121.217651 18.588982 121.223145 18.588982 121.228638 18.583776 121.234131 18.583776 121.234131 18.578569 121.239624 18.578569 121.239624 18.573362 121.245117 18.573362 121.245117 18.568155 121.256104 18.568155 121.256104 18.562947 121.261597 18.557740 121.267090 18.557740 121.267090 18.552532 121.272583 18.552532 121.272583 18.547325 121.278076 18.547325 121.278076 18.542117 121.283569 18.542117 121.289062 18.536909 121.294556 18.536909 121.294556 18.531700 121.300049 18.531700 121.300049 18.526492 121.311035 18.526492 121.311035 18.521283 121.316528 18.521283 121.322021 18.516075 121.327515 18.516075 121.333008 18.510866 121.338501 18.510866 121.343994 18.505657 121.349487 18.505657 121.349487 18.500447 121.360474 18.500447 121.365967 18.495238 121.376953 18.495238 121.376953 18.490029 121.387939 18.490029 121.393433 18.484819 121.404419 18.484819 121.404419 18.479609 121.415405 18.479609 121.415405 18.474399 121.420898 18.474399 121.426392 18.469189 121.431885 18.469189 121.431885 18.463979 121.442871 18.463979 121.442871 18.458768 121.459351 18.458768 121.459351 18.453557 121.464844 18.453557 121.464844 18.448347 121.470337 18.448347 121.470337 18.443136 121.475830 18.443136 121.475830 18.437925 121.486816 18.437925 121.486816 18.432713 121.492310 18.432713 121.508789 18.417079 121.514282 18.417079 121.519775 18.411867 121.525269 18.411867 121.536255 18.401443 121.547241 18.401443 121.547241 18.396230 121.558228 18.396230 121.558228 18.391018 121.569214 18.391018 121.569214 18.385805 121.574707 18.385805 121.580200 18.380592 121.585693 18.380592 121.591187 18.375379 121.607666 18.375379 121.607666 18.364953 121.613159 18.364953 121.618652 18.354526 121.629639 18.354526 121.629639 18.359739 121.646118 18.359739 121.651611 18.354526 121.657104 18.354526 121.668091 18.349312 121.679077 18.349312 121.679077 18.344098 121.695557 18.344098 121.695557 18.338884 121.706543 18.338884 121.712036 18.333669 121.723022 18.333669 121.728516 18.328455 121.734009 18.328455 121.739502 18.323240 121.750488 18.323240 121.750488 18.318026 121.761475 18.318026 121.761475 18.312811 121.777954 18.312811 121.777954 18.307596 121.788940 18.307596 121.794434 18.302381 121.805420 18.302381 121.805420 18.297165 121.821899 18.297165 121.821899 18.291950 121.832886 18.291950 121.838379 18.286734 121.854858 18.286734 121.854858 18.281518 121.871338 18.281518 121.871338 18.276302 121.887817 18.276302 121.893311 18.271086 121.904297 18.271086
R	1	121.904297 18.271086 121.898804 18.265870 121.904297 18.265870 121.904297 18.271086
R	0	122.113037 18.380592 122.107544 18.380592 122.107544 18.385805 122.113037 18.380592
R	0	122.118530 18.505657 122.118530 18.500447 122.113037 18.500447 122.113037 18.505657 122.118530 18.505657
R	0	121.508789 19.248922 121.503296 19.248922 121.503296 19.254108 121.486816 19.254108 121.481323 19.259294 121.475830 19.259294 121.475830 19.264480 121.459351 19.264480 121.459351 19.269665 121.453857 19.269665 121.448364 19.264480 121.442871 19.269665 121.442871 19.274851 121.437378 19.274851 121.437378 19.280036 121.420898 19.280036 121.415405 19.285221 121.404419 19.285221 121.404419 19.295590 121.393433 19.295590 121.393433 19.300775 121.387939 19.300775 121.387939 19.305959 121.393433 19.311143 121.393433 19.316327 121.387939 19.321511 121.393433 19.326695 121.387939 19.326695 121.387939 19.331878 121.382446 19.331878 121.382446 19.337062 121.376953 19.337062 121.376953 19.342245 121.365967 19.342245 121.365967 19.347428 121.360474 19.347428 121.360474 19.352611 121.349487 19.352611 121.349487 19.357794 121.343994 19.357794 121.349487 19.362976 121.354980 19.362976 121.354980 19.368159 121.360474 19.368159 121.360474 19.362976 121.365967 19.362976 121.365967 19.357794 121.371460 19.362976 121.382446 19.362976 121.382446 19.368159 121.387939 19.368159 121.387939 19.373341 121.393433 19.373341 121.393433 19.388886 121.404419 19.388886 121.404419 19.394068 121.409912 19.394068 121.420898 19.388886 121.426392 19.388886 121.426392 19.383705 121.442871 19.383705 121.448364 19.378523 121.464844 19.378523 121.464844 19.373341 121.481323 19.373341 121.486816 19.368159 121.497803 19.368159 121.497803 19.373341 121.503296 19.373341 121.508789 19.378523 121.508789 19.383705 121.514282 19.383705 121.514282 19.388886 121.519775 19.388886 121.525269 19.383705 121.525269 19.362976 121.530762 19.357794 121.530762 19.342245 121.525269 19.342245 121.525269 19.326695 121.519775 19.326695 121.519775 19.321511 121.525269 19.316327 121.525269 19.305959 121.530762 19.305959 121.530762 19.300775 121.536255 19.300775 121.536255 19.290406 121.541748 19.285221 121.541748 19.269665 121.536255 19.269665 121.536255 19.264480 121.519775 19.264480 121.514282 19.259294 121.508789 19.259294 121.508789 19.248922
R	0	122.140503 18.578569 122.151489 18.578569 122.151489 18.573362 122.156982 18.573362 122.156982 18.542117 122.151489 18.542117 122.145996 18.536909 122.145996 18.526492 122.151489 18.526492 122.151489 18.521283 122.145996 18.521283 122.135010 18.521283 122.135010 18.516075 122.129517 18.516075 122.129517 18.510866 122.124023 18.510866 122.124023 18.505657 122.118530 18.505657 122.118530 18.510866 122.113037 18.510866 122.113037 18.516075 122.118530 18.516075 122.118530 18.521283 122.113037 18.521283 122.113037 18.526492 122.118530 18.526492 122.118530 18.542117 122.124023 18.542117 122.124023 18.547325 122.113037 18.547325 122.113037 18.562947 122.118530 18.562947 122.118530 18.568155 122.124023 18.568155 122.124023 18.573362 122.140503 18.573362 122.140503 18.578569
R	0	122.195435 18.516075 122.195435 18.510866 122.189941 18.516075 122.195435 18.516075
R	0	121.937256 19.004997 121.937256 18.999803 121.948242 18.999803 121.948242 18.994609 121.964722 18.979026 121.964722 18.973831 121.970215 18.973831 121.970215 18.968637 121.986694 18.968637 121.986694 18.963442 121.992188 18.963442 121.992188 18.942660 121.986694 18.942660 121.981201 18.937464 121.970215 18.937464 121.970215 18.932269 121.964722 18.932269 121.959229 18.937464 121.959229 18.932269 121.953735 18.927072 121.953735 18.916680 121.959229 18.916680 121.959229 18.911483 121.953735 18.906286 121.953735 18.901090 121.937256 18.901090 121.937256 18.895893 121.942749 18.895893 121.942749 18.890695 121.931763 18.890695 121.931763 18.885498 121.920776 18.885498 121.920776 18.880300 121.909790 18.880300 121.909790 18.875103 121.898804 18.875103 121.893311 18.869905 121.893311 18.859509 121.887817 18.859509 121.887817 18.854310 121.882324 18.854310 121.882324 18.849112 121.876831 18.843913 121.882324 18.843913 121.876831 18.838714 121.882324 18.838714 121.882324 18.833515 121.876831 18.833515 121.876831 18.823117 121.871338 18.823117 121.871338 18.817917 121.865845 18.817917 121.860352 18.812718 121.849365 18.812718 121.849365 18.817917 121.838379 18.817917 121.838379 18.828316 121.832886 18.833515 121.838379 18.838714 121.832886 18.838714 121.832886 18.854310 121.827393 18.854310 121.827393 18.875103 121.832886 18.875103 121.832886 18.869905 121.838379 18.869905 121.838379 18.875103 121.849365 18.875103 121.849365 18.880300 121.865845 18.880300 121.865845 18.885498 121.871338 18.890695 121.871338 18.895893 121.865845 18.901090 121.865845 18.911483 121.860352 18.916680 121.849365 18.916680 121.849365 18.927072 121.854858 18.927072 121.854858 18.932269 121.860352 18.932269 121.860352 18.937464 121.871338 18.942660 121.871338 18.953051 121.865845 18.953051 121.865845 18.963442 121.871338 18.963442 121.871338 18.968637 121.865845 18.968637 121.865845 18.973831 121.871338 18.973831 121.871338 18.979026 121.876831 18.984220 121.882324 18.984220 121.882324 18.989415 121.887817 18.994609 121.893311 18.994609 121.893311 18.999803 121.898804 18.999803 121.898804 19.004997 121.926270 19.004997 121.926270 18.999803 121.931763 18.999803 121.931763 19.004997 121.937256 19.004997
R	0	121.420898 18.906286 121.420898 18.901090 121.431885 18.901090 121.431885 18.895893 121.437378 18.895893 121.442871 18.890695 121.448364 18.890695 121.448364 18.885498 121.453857 18.885498 121.464844 18.880300 121.475830 18.880300 121.475830 18.885498 121.481323 18.885498 121.481323 18.875103 121.475830 18.869905 121.470337 18.869905 121.470337 18.864707 121.459351 18.864707 121.459351 18.859509 121.453857 18.859509 121.453857 18.854310 121.415405 18.854310 121.415405 18.849112 121.409912 18.854310 121.409912 18.849112 121.404419 18.854310 121.404419 18.849112 121.365967 18.849112 121.365967 18.843913 121.327515 18.843913 121.322021 18.838714 121.311035 18.838714 121.305542 18.843913 121.283569 18.843913 121.283569 18.849112 121.272583 18.859509 121.272583 18.864707 121.278076 18.864707 121.278076 18.869905 121.283569 18.869905 121.283569 18.885498 121.289062 18.885498 121.289062 18.880300 121.300049 18.880300 121.305542 18.875103 121.311035 18.875103 121.311035 18.880300 121.333008 18.880300 121.333008 18.885498 121.338501 18.885498 121.338501 18.890695 121.365967 18.890695 121.365967 18.895893 121.376953 18.895893 121.376953 18.901090 121.393433 18.901090 121.398926 18.906286 121.420898 18.906286
R	0	121.970215 19.575318 121.981201 19.564966 121.986694 19.564966 121.986694 19.559790 121.992188 19.559790 121.992188 19.502842 121.986694 19.502842 121.986694 19.497664 121.981201 19.497664 121.981201 19.492486 121.975708 19.487308 121.970215 19.487308 121.970215 19.482129 121.964722 19.482129 121.964722 19.476950 121.953735 19.476950 121.953735 19.482129 121.948242 19.482129 121.948242 19.487308 121.942749 19.487308 121.937256 19.492486 121.926270 19.492486 121.926270 19.497664 121.920776 19.502842 121.920776 19.508020 121.915283 19.508020 121.909790 19.513198 121.904297 19.513198 121.898804 19.518375 121.898804 19.528730 121.893311 19.533907 121.893311 19.549437 121.915283 19.549437 121.915283 19.554614 121.931763 19.554614 121.937256 19.559790 121.942749 19.559790 121.942749 19.554614 121.948242 19.559790 121.953735 19.559790 121.964722 19.570142 121.964722 19.575318 121.970215 19.575318
R	0	121.223145 19.171113 121.223145 19.165924 121.228638 19.165924 121.228638 19.155547 121.234131 19.155547 121.234131 19.124410 121.239624 19.124410 121.239624 19.114029 121.245117 19.114029 121.245117 19.088076 121.250610 19.088076 121.250610 19.036156 121.256104 19.036156 121.256104 19.025770 121.250610 19.025770 121.250610 19.015384 121.239624 19.015384 121.239624 19.025770 121.228638 19.036156 121.217651 19.036156 121.217651 19.041349 121.212158 19.041349 121.212158 19.046541 121.206665 19.046541 121.206665 19.051734 121.201172 19.056926 121.201172 19.062118 121.195679 19.067310 121.195679 19.108839 121.201172 19.108839 121.201172 19.129599 121.206665 19.129599 121.206665 19.139979 121.212158 19.139979 121.212158 19.171113 121.223145 19.171113
R	0	121.256104 18.875103 121.261597 18.869905 121.261597 18.854310 121.245117 18.854310 121.245117 18.875103 121.256104 18.875103
R	0	121.514282 19.445874 121.514282 19.435514 121.519775 19.430334 121.519775 19.425154 121.508789 19.425154 121.508789 19.435514 121.503296 19.435514 121.503296 19.440694 121.508789 19.445874 121.514282 19.445874
R	0	121.508789 19.248922 121.514282 19.248922 121.514282 19.243736 121.508789 19.243736 121.508789 19.248922
R	0	122.145996 18.521283 122.151489 18.516075 122.145996 18.516075 122.145996 18.521283
R	0	122.140503 18.578569 122.135010 18.578569 122.135010 18.583776 122.140503 18.578569
P	0203100000	Isabela
R	0	122.173462 17.586431 122.173462 17.581194 122.178955 17.581194 122.178955 17.565484 122.184448 17.565484 122.184448 17.555009 122.189941 17.549772 122.189941 17.544534 122.184448 17.544534 122.184448 17.534059 122.189941 17.534059 122.189941 17.528821 122.195435 17.528821 122.195435 17.518344 122.189941 17.518344 122.189941 17.513106 122.195435 17.507867 122.195435 17.497389 122.200928 17.492150 122.200928 17.481672 122.206421 17.481672 122.206421 17.471193 122.211914 17.465953 122.211914 17.455473 122.217407 17.455473 122.217407 17.444992 122.222900 17.444992 122.222900 17.434511 122.228394 17.434511 122.228394 17.429270 122.233887 17.424029 122.233887 17.418787 122.239380 17.418787 122.250366 17.413546 122.250366 17.408305 122.239380 17.408305 122.239380 17.403063 122.233887 17.403063 122.233887 17.397821 122.239380 17.397821 122.239380 17.387337 122.250366 17.387337 122.250366 17.376853 122.244873 17.376853 122.244873 17.366367 122.250366 17.361125 122.255859 17.361125 122.255859 17.355882 122.266846 17.355882 122.266846 17.361125 122.283325 17.361125 122.288818 17.355882 122.283325 17.350638 122.288818 17.350638 122.288818 17.334908 122.299805 17.334908 122.305298 17.340152 122.305298 17.334908 122.316284 17.334908 122.316284 17.340152 122.343750 17.340152 122.343750 17.334908 122.349243 17.340152 122.349243 17.334908 122.354736 17.334908 122.354736 17.340152 122.360229 17.340152 122.354736 17.345395 122.354736 17.350638 122.360229 17.350638 122.360229 17.355882 122.365723 17.355882 122.371216 17.350638 122.376709 17.350638 122.376709 17.345395 122.382202 17.345395 122.382202 17.334908 122.387695 17.334908 122.387695 17.329664 122.393188 17.324420 122.393188 17.319176 122.387695 17.319176 122.382202 17.324420 122.382202 17.319176 122.376709 17.324420 122.371216 17.324420 122.371216 17.319176 122.376709 17.319176 122.376709 17.313932 122.382202 17.313932 122.387695 17.308688 122.398682 17.308688 122.398682 17.303443 122.387695 17.303443 122.393188 17.298199 122.398682 17.298199 122.398682 17.292954 122.404175 17.298199 122.409668 17.298199 122.409668 17.303443 122.404175 17.303443 122.404175 17.319176 122.398682 17.319176 122.398682 17.324420 122.393188 17.329664 122.393188 17.340152 122.398682 17.340152 122.398682 17.334908 122.409668 17.334908 122.409668 17.329664 122.415161 17.324420 122.415161 17.313932 122.420654 17.313932 122.420654 17.303443 122.426147 17.298199 122.431641 17.298199 122.431641 17.292954 122.437134 17.292954 122.437134 17.271973 122.442627 17.271973 122.442627 17.240498 122.437134 17.245744 122.437134 17.256236 122.431641 17.256236 122.431641 17.271973 122.426147 17.271973 122.426147 17.277219 122.420654 17.277219 122.420654 17.282464 122.415161 17.282464 122.415161 17.271973 122.420654 17.271973 122.420654 17.219511 122.426147 17.219511 122.431641 17.214264 122.426147 17.209017 122.420654 17.209017 122.420654 17.203770 122.426147 17.203770 122.426147 17.188027 122.415161 17.188027 122.420654 17.182779 122.415161 17.182779 122.415161 17.172283 122.409668 17.172283 122.409668 17.161786 122.415161 17.161786 122.409668 17.156537 122.415161 17.151288 122.415161 17.140790 122.431641 17.125042 122.437134 17.125042 122.442627 17.119793 122.448120 17.119793 122.448120 17.114543 122.470093 17.114543 122.470093 17.119793 122.475586 17.119793 122.475586 17.114543 122.481079 17.114543 122.486572 17.119793 122.486572 17.125042 122.492065 17.125042 122.497559 17.130292 122.503052 17.130292 122.508545 17.135541 122.508545 17.140790 122.514038 17.140790 122.514038 17.135541 122.519531 17.130292 122.519531 17.104043 122.525024 17.104043 122.525024 17.093542 122.519531 17.093542 122.519531 17.072539 122.514038 17.072539 122.514038 17.056785 122.508545 17.056785 122.508545 17.046281 122.514038 17.046281 122.508545 17.041029 122.508545 17.035777 122.497559 17.035777 122.497559 17.030525 122.503052 17.030525 122.503052 17.020020 122.486572 17.020020 122.486572 17.009515 122.481079 17.009515 122.481079 16.999009 122.475586 16.999009 122.475586 16.983249 122.470093 16.983249 122.470093 16.977995 122.464600 16.977995 122.464600 16.956979 122.470093 16.956979 122.475586 16.951724 122.475586 16.946470 122.470093 16.946470 122.470093 16.941215 122.475586 16.935960 122.470093 16.935960 122.470093 16.925450 122.464600 16.925450 122.464600 16.920195 122.459106 16.914939 122.459106 16.893916 122.464600 16.888660 122.464600 16.883403 122.459106 16.883403 122.459106 16.872890 122.453613 16.872890 122.453613 16.862377 122.448120 16.862377 122.448120 16.851862 122.442627 16.846605 122.437134 16.846605 122.437134 16.830832 122.431641 16.836090 122.431641 16.804541 122.437134 16.804541 122.426147 16.794024 122.426147 16.788765 122.420654 16.788765 122.420654 16.778246 122.415161 16.778246 122.415161 16.767727 122.409668 16.767727 122.409668 16.762468 122.404175 16.762468 122.404175 16.757208 122.409668 16.757208 122.398682 16.746688 122.398682 16.736167 122.393188 16.736167 122.393188 16.725646 122.387695 16.725646 122.387695 16.720385 122.382202 16.715124 122.376709 16.715124 122.376709 16.704602 122.371216 16.699340 122.371216 16.694079 122.365723 16.694079 122.365723 16.688817 122.360229 16.688817 122.360229 16.678293 122.354736 16.673031 122.354736 16.657244 122.349243 16.657244 122.349243 16.651981 122.343750 16.651981 122.343750 16.641455 122.338257 16.641455 122.338257 16.625665 122.332764 16.625665 122.332764 16.615138 122.327271 16.615138 122.327271 16.609874 122.321777 16.609874 122.321777 16.599346 122.316284 16.594081 122.316284 16.583552 122.310791 16.583552 122.310791 16.573023 122.305298 16.573023 122.305298 16.562493 122.299805 16.562493 122.299805 16.551962 122.294312 16.551962 122.294312 16.546696 122.288818 16.541430 122.288818 16.536164 122.283325 16.536164 122.283325 16.530898 122.277832 16.525632 122.272339 16.525632 122.266846 16.520366 122.261353 16.520366 122.261353 16.515099 122.250366 16.515099 122.244873 16.509833 122.244873 16.504566 122.239380 16.504566 122.239380 16.494032 122.233887 16.488765 122.058105 16.509833 121.744995 16.393931 121.448364 16.636192 121.354980 16.757208 121.338501 16.751948 121.327515 16.757208 121.569214 16.909684 121.569214 16.951724 121.563721 16.951724 121.558228 17.014768 121.563721 17.014768 121.569214 17.077790 121.569214 17.130292 121.563721 17.140790 121.558228 17.140790 121.558228 17.146039 121.547241 17.266728 121.536255 17.266728 121.536255 17.271973 121.530762 17.277219 121.541748 17.319176 121.646118 17.502628 122.173462 17.586431
R	1	122.448120 17.114543 122.442627 17.114543 122.442627 17.104043 122.448120 17.104043 122.448120 17.114543
P	0205000000	Nueva Vizcaya
R	0	121.354980 16.757208 121.448364 16.636192 121.415405 16.620402 121.354980 16.499299 121.519775 16.341226 121.300049 16.209400 121.338501 16.019416 121.464844 15.924356 121.289062 15.765823 121.283569 15.755249 121.184692 16.077486 121.047363 16.135539 120.871582 16.119708 120.767212 16.198850 120.772705 16.214675 120.888062 16.520366 120.893555 16.557227 120.932007 16.599346 120.937500 16.583552 121.135254 16.646718 121.140747 16.646718 121.162720 16.636192 121.162720 16.646718 121.173706 16.646718 121.173706 16.641455 121.201172 16.641455 121.234131 16.651981 121.256104 16.651981 121.261597 16.657244 121.294556 16.662506 121.316528 16.699340 121.316528 16.709863 121.338501 16.751948 121.354980 16.757208
P	0205700000	Quirino
R	0	121.448364 16.636192 121.744995 16.393931 122.058105 16.509833 121.827393 16.235772 121.810913 16.219949 121.525269 15.966610 121.519775 15.966610 121.519775 15.961329 121.503296 15.950766 121.475830 15.929638 121.464844 15.924356 121.338501 16.019416 121.300049 16.209400 121.519775 16.341226 121.354980 16.499299 121.415405 16.620402 121.448364 16.636192
P	0300800000	Bataan
R	0	120.492554 14.413400 120.498047 14.413400 120.498047 14.408080 120.492554 14.408080 120.492554 14.413400
R	0	120.552979 14.822681 120.552979 14.817371 120.547485 14.817371 120.558472 14.806749 120.552979 14.806749 120.552979 14.801439 120.558472 14.801439 120.552979 14.796128 120.547485 14.796128 120.541992 14.796128 120.541992 14.790817 120.547485 14.790817 120.547485 14.774883 120.552979 14.774883 120.547485 14.769571 120.547485 14.758947 120.552979 14.758947 120.552979 14.743011 120.547485 14.743011 120.547485 14.711135 120.552979 14.711135 120.552979 14.700508 120.558472 14.700508 120.558472 14.695195 120.563965 14.700508 120.563965 14.679254 120.569458 14.679254 120.569458 14.668626 120.574951 14.668626 120.574951 14.657997 120.580444 14.657997 120.580444 14.642054 120.585938 14.642054 120.585938 14.588900 120.591431 14.583583 120.591431 14.578267 120.596924 14.567634 120.596924 14.562318 120.602417 14.562318 120.596924 14.557001 120.596924 14.546367 120.602417 14.546367 120.602417 14.535733 120.607910 14.535733 120.607910 14.514462 120.613403 14.509144 120.613403 14.503826 120.618896 14.503826 120.607910 14.498508 120.607910 14.477234 120.602417 14.477234 120.602417 14.461277 120.596924 14.461277 120.596924 14.455958 120.591431 14.455958 120.591431 14.450639 120.585938 14.445319 120.585938 14.440000 120.580444 14.440000 120.580444 14.434680 120.574951 14.434680 120.574951 14.429360 120.569458 14.434680 120.569458 14.429360 120.563965 14.424040 120.531006 14.424040 120.531006 14.429360 120.520020 14.429360 120.520020 14.424040 120.514526 14.424040 120.514526 14.429360 120.509033 14.429360 120.509033 14.434680 120.487061 14.434680 120.487061 14.424040 120.492554 14.424040 120.492554 14.418720 120.465088 14.418720 120.465088 14.424040 120.459595 14.424040 120.459595 14.434680 120.454102 14.434680 120.454102 14.440000 120.448608 14.440000 120.448608 14.445319 120.443115 14.445319 120.437622 14.440000 120.437622 14.445319 120.432129 14.445319 120.426636 14.440000 120.421143 14.440000 120.421143 14.455958 120.399170 14.455958 120.393677 14.461277 120.388184 14.461277 120.388184 14.466596 120.393677 14.466596 120.393677 14.471915 120.382690 14.471915 120.382690 14.477234 120.388184 14.477234 120.388184 14.482553 120.382690 14.482553 120.388184 14.487871 120.388184 14.493190 120.382690 14.493190 120.377197 14.498508 120.377197 14.509144 120.382690 14.509144 120.382690 14.514462 120.377197 14.519780 120.377197 14.530415 120.382690 14.530415 120.382690 14.535733 120.388184 14.535733 120.388184 14.546367 120.382690 14.546367 120.382690 14.551684 120.388184 14.551684 120.393677 14.557001 120.393677 14.562318 120.382690 14.562318 120.382690 14.572951 120.388184 14.572951 120.393677 14.578267 120.393677 14.588900 120.388184 14.588900 120.388184 14.599531 120.382690 14.599531 120.382690 14.604847 120.377197 14.610163 120.377197 14.615478 120.371704 14.615478 120.371704 14.620794 120.366211 14.620794 120.366211 14.626109 120.360718 14.626109 120.360718 14.620794 120.355225 14.626109 120.355225 14.620794 120.349731 14.620794 120.349731 14.626109 120.344238 14.626109 120.344238 14.631424 120.333252 14.631424 120.333252 14.636739 120.327759 14.636739 120.322266 14.631424 120.316772 14.631424 120.316772 14.626109 120.311279 14.626109 120.311279 14.636739 120.300293 14.636739 120.300293 14.647368 120.294800 14.657997 120.289307 14.657997 120.278320 14.668626 120.267334 14.668626 120.267334 14.673940 120.261841 14.673940 120.261841 14.679254 120.256348 14.684568 120.250854 14.684568 120.250854 14.716448 120.256348 14.721761 120.256348 14.737699 120.261841 14.737699 120.261841 14.732386 120.267334 14.732386 120.267334 14.737699 120.272827 14.732386 120.278320 14.732386 120.278320 14.737699 120.459595 14.923554 120.465088 14.923554 120.552979 14.822681
R	1	120.541992 14.806749 120.541992 14.817371 120.536499 14.812060 120.536499 14.806749 120.541992 14.806749
P	0301400000	Bulacan
R	0	121.179199 15.268288 121.311035 15.199386 121.349487 14.997852 121.333008 14.849231 121.333008 14.833302 121.223145 14.833302 121.223145 14.817371 121.217651 14.817371 121.217651 14.822681 121.212158 14.817371 121.195679 14.817371 121.195679 14.822681 121.162720 14.822681 121.162720 14.812060 121.140747 14.801439 121.129761 14.801439 121.129761 14.796128 121.124268 14.796128 121.129761 14.790817 121.124268 14.785505 121.118774 14.785505 121.107788 14.774883 121.107788 14.769571 121.085815 14.769571 121.085815 14.774883 121.074829 14.774883 121.074829 14.769571 121.069336 14.769571 121.069336 14.774883 121.063843 14.774883 121.063843 14.780194 121.052856 14.780194 121.047363 14.785505 121.047363 14.780194 121.041870 14.780194 121.041870 14.785505 121.030884 14.785505 121.030884 14.780194 121.025391 14.780194 121.025391 14.764259 121.019897 14.758947 121.008911 14.758947 121.008911 14.753635 120.997925 14.753635 120.997925 14.758947 120.986938 14.753635 120.986938 14.748323 120.981445 14.743011 120.981445 14.737699 120.975952 14.732386 120.981445 14.727073 120.975952 14.721761 120.953979 14.721761 120.953979 14.732386 120.948486 14.732386 120.937500 14.737699 120.937500 14.732386 120.932007 14.721761 120.937500 14.716448 120.937500 14.711135 120.953979 14.695195 120.942993 14.689881 120.937500 14.695195 120.932007 14.695195 120.932007 14.700508 120.921021 14.711135 120.915527 14.711135 120.915527 14.705822 120.910034 14.705822 120.910034 14.700508 120.904541 14.700508 120.904541 14.705822 120.899048 14.705822 120.899048 14.716448 120.904541 14.716448 120.904541 14.721761 120.893555 14.716448 120.882568 14.716448 120.882568 14.721761 120.871582 14.721761 120.866089 14.727073 120.866089 14.721761 120.860596 14.727073 120.855103 14.727073 120.855103 14.732386 120.849609 14.732386 120.849609 14.737699 120.844116 14.737699 120.838623 14.743011 120.838623 14.764259 120.827637 14.764259 120.833130 14.758947 120.827637 14.758947 120.827637 14.753635 120.822144 14.753635 120.822144 14.764259 120.816650 14.764259 120.816650 14.758947 120.811157 14.758947 120.811157 14.764259 120.800171 14.753635 120.794678 14.758947 120.772705 14.758947 120.772705 14.764259 120.761719 14.764259 120.761719 14.758947 120.756226 14.758947 120.756226 14.769571 120.750732 14.769571 120.750732 14.758947 120.745239 14.758947 120.739746 14.764259 120.739746 14.769571 120.734253 14.769571 120.734253 14.774883 120.728760 14.774883 120.728760 14.769571 120.723267 14.769571 120.723267 14.764259 120.712280 14.764259 120.706787 14.769571 120.706787 14.764259 120.695801 14.769571 120.695801 14.774883 120.690308 14.774883 120.690308 14.769571 120.684814 14.769571 120.953979 15.130462 120.926514 15.215288 121.179199 15.268288
R	1	120.761719 14.774883 120.756226 14.780194 120.756226 14.774883 120.761719 14.774883
P	0304900000	Nueva Ecija
R	0	121.047363 16.135539 121.184692 16.077486 121.283569 15.755249 121.354980 15.337167 121.311035 15.199386 121.179199 15.268288 120.926514 15.215288 120.866089 15.178181 120.734253 15.278886 120.750732 15.273587 120.756226 15.612456 120.613403 15.813396 120.635376 15.818681 120.635376 15.823966 120.657349 15.823966 120.657349 15.829251 120.690308 15.829251 120.690308 15.834536 120.701294 15.834536 120.706787 15.839820 120.712280 15.839820 120.712280 15.845105 120.723267 15.850389 120.728760 15.850389 120.833130 15.813396 120.860596 15.839820 120.860596 15.850389 120.866089 15.855674 120.866089 15.860958 120.871582 15.860958 120.871582 15.871525 120.866089 15.882093 120.866089 15.887376 120.871582 15.887376 120.871582 15.897942 120.882568 15.897942 120.888062 15.903225 120.893555 15.903225 120.893555 15.908508 120.921021 15.966610 120.871582 16.119708 121.047363 16.135539
P	0305400000	Pampanga
R	0	120.585938 14.822681 120.580444 14.817371 120.574951 14.817371 120.580444 14.822681 120.563965 14.822681 120.563965 14.827991 120.558472 14.827991 120.558472 14.822681 120.552979 14.822681 120.465088 14.923554 120.459595 14.923554 120.355225 15.135764 120.366211 15.167578 120.734253 15.278886 120.866089 15.178181 120.926514 15.215288 120.953979 15.130462 120.684814 14.769571 120.684814 14.774883 120.679321 14.774883 120.673828 14.769571 120.651855 14.769571 120.646362 14.774883 120.646362 14.780194 120.640869 14.780194 120.640869 14.785505 120.635376 14.785505 120.635376 14.796128 120.629883 14.796128 120.629883 14.801439 120.624390 14.801439 120.624390 14.796128 120.618896 14.796128 120.618896 14.806749 120.607910 14.806749 120.607910 14.812060 120.602417 14.812060 120.602417 14.827991 120.591431 14.827991 120.591431 14.822681 120.585938 14.822681
R	1	120.574951 14.843921 120.574951 14.833302 120.580444 14.833302 120.580444 14.838612 120.574951 14.843921
R	2	120.574951 14.843921 120.574951 14.849231 120.569458 14.849231 120.569458 14.838612 120.574951 14.843921
R	3	120.585938 14.822681 120.585938 14.827991 120.580444 14.827991 120.585938 14.822681
P	0306900000	Tarlac
R	0	120.602417 15.860958 120.607910 15.845105 120.607910 15.839820 120.613403 15.839820 120.613403 15.813396 120.756226 15.612456 120.750732 15.273587 120.734253 15.278886 120.366211 15.167578 120.162964 15.363653 120.250854 15.617747 120.289307 15.644197 120.289307 15.638907 120.294800 15.644197 120.311279 15.644197 120.316772 15.660065 120.322266 15.660065 120.322266 15.665354 120.327759 15.670643 120.327759 15.681221 120.333252 15.686510 120.333252 15.691798 120.338745 15.691798 120.338745 15.697086 120.344238 15.697086 120.344238 15.702375 120.349731 15.702375 120.349731 15.707663 120.355225 15.707663 120.360718 15.712951 120.355225 15.712951 120.355225 15.723526 120.360718 15.723526 120.355225 15.728814 120.360718 15.728814 120.360718 15.734101 120.366211 15.734101 120.366211 15.739388 120.371704 15.739388 120.371704 15.744676 120.377197 15.744676 120.421143 15.749963 120.426636 15.749963 120.426636 15.755249 120.574951 15.813396 120.574951 15.818681 120.602417 15.860958
P	0307100000	Zambales
R	0	119.915771 15.596584 119.910278 15.601875 119.910278 15.617747 119.904785 15.617747 119.904785 15.623037 119.915771 15.623037 119.915771 15.628327 119.921265 15.633617 119.921265 15.638907 119.926758 15.638907 119.921265 15.644197 119.926758 15.649486 119.921265 15.649486 119.921265 15.654776 119.926758 15.660065 119.932251 15.660065 119.932251 15.697086 119.926758 15.697086 119.921265 15.707663 119.904785 15.707663 119.904785 15.702375 119.893799 15.702375 119.893799 15.707663 119.888306 15.712951 119.888306 15.718239 119.882812 15.718239 119.882812 15.723526 119.871826 15.723526 119.871826 15.744676 119.882812 15.744676 119.882812 15.749963 119.904785 15.749963 119.910278 15.755249 119.910278 15.760536 119.904785 15.760536 119.904785 15.771109 119.899292 15.771109 119.899292 15.781682 119.893799 15.786968 119.893799 15.802825 119.888306 15.802825 119.888306 15.808110 119.893799 15.808110 119.893799 15.813396 119.915771 15.808110 119.926758 15.808110 119.937744 15.813396 119.937744 15.808110 119.943237 15.808110 119.943237 15.802825 119.948730 15.808110 119.965210 15.808110 119.970703 15.802825 119.976196 15.802825 119.976196 15.808110 119.992676 15.818681 119.998169 15.818681 120.003662 15.823966 120.003662 15.839820 120.009155 15.839820 120.009155 15.855674 120.020142 15.866242 120.014648 15.866242 120.014648 15.871525 120.042114 15.871525 120.042114 15.860958 120.047607 15.860958 120.047607 15.855674 120.053101 15.855674 120.053101 15.850389 120.058594 15.850389 120.058594 15.845105 120.064087 15.845105 120.064087 15.839820 120.075073 15.839820 120.075073 15.834536 120.086060 15.834536 120.091553 15.829251 120.102539 15.829251 120.102539 15.823966 120.108032 15.823966 120.113525 15.829251 120.119019 15.823966 120.119019 15.829251 120.124512 15.829251 120.250854 15.617747 120.162964 15.363653 120.366211 15.167578 120.355225 15.135764 120.459595 14.923554 120.278320 14.737699 120.278320 14.743011 120.261841 14.743011 120.256348 14.748323 120.245361 14.748323 120.245361 14.753635 120.250854 14.753635 120.245361 14.758947 120.239868 14.758947 120.239868 14.764259 120.261841 14.764259 120.261841 14.769571 120.267334 14.769571 120.267334 14.774883 120.278320 14.774883 120.278320 14.785505 120.261841 14.785505 120.261841 14.796128 120.267334 14.796128 120.272827 14.796128 120.272827 14.801439 120.283813 14.801439 120.283813 14.796128 120.289307 14.796128 120.294800 14.801439 120.294800 14.812060 120.300293 14.817371 120.289307 14.817371 120.289307 14.812060 120.283813 14.812060 120.283813 14.817371 120.278320 14.817371 120.272827 14.822681 120.272827 14.827991 120.267334 14.827991 120.267334 14.849231 120.245361 14.849231 120.239868 14.854541 120.245361 14.854541 120.245361 14.859850 120.234375 14.859850 120.234375 14.875778 120.206909 14.875778 120.206909 14.865160 120.201416 14.859850 120.206909 14.859850 120.206909 14.854541 120.212402 14.854541 120.212402 14.822681 120.206909 14.817371 120.212402 14.817371 120.212402 14.812060 120.217896 14.806749 120.206909 14.806749 120.206909 14.801439 120.201416 14.796128 120.201416 14.769571 120.195923 14.769571 120.195923 14.764259 120.190430 14.758947 120.190430 14.748323 120.184937 14.748323 120.184937 14.743011 120.173950 14.743011 120.173950 14.748323 120.168457 14.748323 120.157471 14.737699 120.157471 14.748323 120.151978 14.748323 120.151978 14.753635 120.146484 14.758947 120.146484 14.753635 120.124512 14.753635 120.124512 14.758947 120.119019 14.758947 120.119019 14.764259 120.135498 14.764259 120.135498 14.769571 120.130005 14.774883 120.124512 14.774883 120.124512 14.780194 120.119019 14.780194 120.119019 14.785505 120.113525 14.785505 120.113525 14.780194 120.091553 14.780194 120.086060 14.785505 120.086060 14.801439 120.091553 14.801439 120.091553 14.806749 120.102539 14.806749 120.102539 14.812060 120.108032 14.812060 120.108032 14.822681 120.086060 14.822681 120.086060 14.817371 120.080566 14.817371 120.080566 14.849231 120.086060 14.849231 120.080566 14.854541 120.069580 14.854541 120.075073 14.859850 120.075073 14.865160 120.064087 14.865160 120.064087 14.870469 120.069580 14.875778 120.069580 14.881087 120.058594 14.881087 120.058594 14.886396 120.053101 14.886396 120.053101 14.897013 120.058594 14.897013 120.058594 14.912938 120.064087 14.918246 120.058594 14.923554 120.058594 14.966013 120.064087 14.966013 120.064087 15.024380 120.058594 15.024380 120.058594 15.029686 120.053101 15.029686 120.053101 15.045601 120.058594 15.045601 120.058594 15.082732 120.053101 15.082732 120.053101 15.098643 120.047607 15.098643 120.047607 15.119856 120.042114 15.125159 120.042114 15.146369 120.036621 15.146369 120.036621 15.172879 120.031128 15.178181 120.031128 15.183482 120.025635 15.194085 120.025635 15.204687 120.020142 15.204687 120.020142 15.220589 120.014648 15.220589 120.014648 15.231190 120.009155 15.231190 120.009155 15.236490 120.014648 15.241790 120.014648 15.268288 120.003662 15.278886 120.003662 15.284185 119.998169 15.284185 119.998169 15.289484 119.992676 15.294783 119.992676 15.300081 119.987183 15.300081 119.987183 15.305380 119.981689 15.305380 119.981689 15.310678 119.976196 15.310678 119.976196 15.315976 119.970703 15.315976 119.970703 15.321274 119.965210 15.326572 119.965210 15.347762 119.959717 15.353059 119.954224 15.353059 119.954224 15.358356 119.948730 15.358356 119.954224 15.363653 119.948730 15.363653 119.948730 15.368950 119.943237 15.368950 119.943237 15.374247 119.937744 15.374247 119.937744 15.379543 119.932251 15.379543 119.932251 15.384839 119.926758 15.384839 119.926758 15.390136 119.921265 15.390136 119.921265 15.395432 119.915771 15.400728 119.904785 15.400728 119.904785 15.421910 119.899292 15.421910 119.893799 15.427206 119.888306 15.427206 119.888306 15.432501 119.893799 15.432501 119.893799 15.437796 119.899292 15.443091 119.899292 15.437796 119.904785 15.437796 119.915771 15.443091 119.915771 15.453680 119.910278 15.453680 119.910278 15.458975 119.904785 15.464269 119.904785 15.469563 119.899292 15.474857 119.899292 15.480151 119.904785 15.480151 119.904785 15.485445 119.910278 15.485445 119.910278 15.480151 119.915771 15.480151 119.915771 15.474857 119.937744 15.474857 119.937744 15.480151 119.948730 15.480151 119.948730 15.501326 119.954224 15.501326 119.954224 15.506619 119.959717 15.501326 119.959717 15.506619 119.965210 15.506619 119.965210 15.511912 119.959717 15.511912 119.959717 15.517205 119.965210 15.517205 119.965210 15.522498 119.954224 15.522498 119.954224 15.533083 119.948730 15.533083 119.948730 15.543668 119.943237 15.548960 119.943237 15.554253 119.937744 15.554253 119.937744 15.559544 119.948730 15.559544 119.948730 15.564836 119.954224 15.564836 119.948730 15.570128 119.948730 15.575419 119.937744 15.575419 119.937744 15.570128 119.926758 15.570128 119.926758 15.564836 119.921265 15.564836 119.915771 15.564836 119.915771 15.596584
R	1	119.915771 15.596584 119.921265 15.596584 119.915771 15.601875 119.915771 15.596584
R	0	119.789429 15.813396 119.794922 15.808110 119.800415 15.808110 119.805908 15.802825 119.800415 15.802825 119.800415 15.781682 119.794922 15.776395 119.789429 15.781682 119.789429 15.797539 119.783936 15.802825 119.783936 15.808110 119.789429 15.813396
R	0	119.926758 15.527791 119.932251 15.522498 119.921265 15.522498 119.921265 15.517205 119.904785 15.506619 119.904785 15.527791 119.926758 15.527791
R	0	120.261841 14.769571 120.256348 14.769571 120.256348 14.774883 120.261841 14.774883 120.261841 14.769571
R	0	120.267334 14.801439 120.267334 14.796128 120.261841 14.801439 120.267334 14.801439
R	0	119.921265 15.564836 119.921265 15.559544 119.915771 15.559544 119.921265 15.564836
P	0307700000	Aurora
R	0	121.635132 15.707663 121.607666 15.707663 121.613159 15.702375 121.607666 15.702375 121.607666 15.697086 121.613159 15.697086 121.613159 15.686510 121.607666 15.686510 121.607666 15.681221 121.596680 15.681221 121.596680 15.675932 121.591187 15.675932 121.585693 15.670643 121.596680 15.665354 121.596680 15.670643 121.613159 15.670643 121.613159 15.660065 121.618652 15.660065 121.618652 15.654776 121.613159 15.654776 121.613159 15.649486 121.607666 15.649486 121.607666 15.644197 121.596680 15.644197 121.596680 15.638907 121.591187 15.638907 121.591187 15.633617 121.585693 15.633617 121.580200 15.628327 121.585693 15.628327 121.585693 15.623037 121.574707 15.623037 121.574707 15.617747 121.569214 15.612456 121.569214 15.607166 121.563721 15.607166 121.563721 15.591293 121.558228 15.586002 121.552734 15.586002 121.552734 15.580711 121.547241 15.580711 121.547241 15.575419 121.541748 15.575419 121.536255 15.570128 121.536255 15.564836 121.530762 15.564836 121.530762 15.543668 121.514282 15.543668 121.508789 15.538376 121.508789 15.533083 121.503296 15.533083 121.503296 15.527791 121.497803 15.527791 121.492310 15.522498 121.492310 15.506619 121.486816 15.506619 121.492310 15.501326 121.492310 15.496032 121.486816 15.496032 121.486816 15.453680 121.481323 15.453680 121.481323 15.443091 121.475830 15.443091 121.481323 15.437796 121.475830 15.437796 121.475830 15.432501 121.481323 15.432501 121.481323 15.427206 121.475830 15.427206 121.475830 15.416615 121.464844 15.416615 121.459351 15.411319 121.453857 15.411319 121.453857 15.406024 121.448364 15.406024 121.448364 15.395432 121.442871 15.395432 121.442871 15.379543 121.437378 15.384839 121.431885 15.384839 121.431885 15.363653 121.426392 15.363653 121.426392 15.374247 121.415405 15.374247 121.415405 15.379543 121.409912 15.379543 121.409912 15.384839 121.398926 15.384839 121.398926 15.379543 121.393433 15.379543 121.393433 15.374247 121.387939 15.374247 121.387939 15.368950 121.382446 15.363653 121.382446 15.347762 121.376953 15.347762 121.376953 15.326572 121.371460 15.326572 121.371460 15.321274 121.376953 15.315976 121.376953 15.294783 121.382446 15.289484 121.382446 15.278886 121.387939 15.278886 121.393433 15.268288 121.393433 15.262989 121.398926 15.257689 121.398926 15.247090 121.404419 15.247090 121.404419 15.236490 121.409912 15.236490 121.409912 15.231190 121.415405 15.225889 121.415405 15.215288 121.409912 15.215288 121.398926 15.162276 121.398926 15.130462 121.354980 15.003158 121.349487 14.997852 121.311035 15.199386 121.354980 15.337167 121.283569 15.755249 121.289062 15.765823 121.464844 15.924356 121.475830 15.929638 121.503296 15.950766 121.519775 15.961329 121.519775 15.966610 121.525269 15.966610 121.810913 16.219949 121.827393 16.235772 122.058105 16.509833 122.233887 16.488765 122.233887 16.472963 122.228394 16.472963 122.228394 16.457159 122.222900 16.457159 122.222900 16.451891 122.217407 16.451891 122.217407 16.446622 122.211914 16.446622 122.211914 16.441354 122.206421 16.436085 122.206421 16.441354 122.200928 16.441354 122.200928 16.415009 122.211914 16.404470 122.211914 16.399201 122.217407 16.399201 122.217407 16.393931 122.228394 16.393931 122.228394 16.415009 122.233887 16.415009 122.233887 16.425548 122.239380 16.425548 122.239380 16.404470 122.233887 16.399201 122.233887 16.378121 122.228394 16.378121 122.228394 16.362310 122.222900 16.357039 122.211914 16.357039 122.211914 16.346497 122.206421 16.346497 122.206421 16.341226 122.195435 16.341226 122.195435 16.335954 122.189941 16.335954 122.189941 16.325411 122.195435 16.320139 122.189941 16.320139 122.189941 16.314868 122.184448 16.314868 122.184448 16.309596 122.178955 16.304323 122.178955 16.299051 122.184448 16.299051 122.184448 16.293779 122.189941 16.293779 122.189941 16.288506 122.195435 16.288506 122.200928 16.293779 122.206421 16.293779 122.206421 16.299051 122.211914 16.293779 122.217407 16.293779 122.217407 16.299051 122.222900 16.299051 122.222900 16.304323 122.228394 16.304323 122.228394 16.288506 122.222900 16.288506 122.222900 16.277960 122.217407 16.277960 122.217407 16.272687 122.211914 16.272687 122.206421 16.267414 122.206421 16.256867 122.200928 16.256867 122.200928 16.246320 122.206421 16.246320 122.206421 16.241046 122.200928 16.241046 122.200928 16.230498 122.189941 16.230498 122.189941 16.225224 122.178955 16.225224 122.178955 16.219949 122.173462 16.219949 122.173462 16.214675 122.167969 16.209400 122.167969 16.204125 122.162476 16.204125 122.162476 16.198850 122.151489 16.198850 122.151489 16.193575 122.140503 16.193575 122.140503 16.188300 122.124023 16.172473 122.124023 16.167197 122.118530 16.167197 122.113037 16.161921 122.113037 16.151369 122.107544 16.151369 122.107544 16.146092 122.096558 16.146092 122.096558 16.140816 122.091064 16.140816 122.091064 16.135539 122.085571 16.135539 122.085571 16.130262 122.080078 16.124985 122.074585 16.124985 122.069092 16.119708 122.069092 16.114431 122.063599 16.114431 122.063599 16.103876 122.069092 16.103876 122.069092 16.093320 122.074585 16.093320 122.069092 16.088042 122.063599 16.088042 122.063599 16.082764 122.058105 16.082764 122.058105 16.077486 122.052612 16.077486 122.047119 16.072207 122.047119 16.061650 122.041626 16.061650 122.041626 16.056371 122.030640 16.056371 122.030640 16.045813 122.025146 16.045813 122.025146 16.051093 122.019653 16.051093 122.014160 16.045813 122.014160 16.040534 122.008667 16.040534 122.008667 16.035255 122.003174 16.035255 122.003174 16.029975 121.992188 16.029975 121.992188 16.045813 121.997681 16.045813 121.997681 16.051093 122.003174 16.056371 122.003174 16.066929 122.008667 16.066929 122.008667 16.077486 122.014160 16.077486 122.014160 16.088042 122.019653 16.088042 122.019653 16.093320 122.025146 16.098598 122.025146 16.103876 122.030640 16.103876 122.030640 16.109153 122.036133 16.114431 122.047119 16.114431 122.047119 16.124985 122.052612 16.124985 122.052612 16.130262 122.063599 16.130262 122.063599 16.135539 122.069092 16.135539 122.069092 16.140816 122.085571 16.156645 122.085571 16.161921 122.091064 16.161921 122.091064 16.172473 122.096558 16.172473 122.091064 16.177749 122.091064 16.198850 122.096558 16.198850 122.096558 16.204125 122.102051 16.204125 122.102051 16.209400 122.113037 16.209400 122.113037 16.214675 122.118530 16.214675 122.118530 16.219949 122.124023 16.219949 122.124023 16.225224 122.129517 16.225224 122.129517 16.230498 122.135010 16.230498 122.135010 16.246320 122.140503 16.251594 122.140503 16.256867 122.135010 16.256867 122.129517 16.262141 122.129517 16.256867 122.113037 16.256867 122.118530 16.262141 122.085571 16.262141 122.085571 16.251594 122.091064 16.251594 122.091064 16.246320 122.085571 16.246320 122.085571 16.241046 122.074585 16.241046 122.074585 16.235772 122.069092 16.235772 122.069092 16.230498 122.063599 16.225224 122.063599 16.219949 122.069092 16.219949 122.069092 16.214675 122.063599 16.214675 122.063599 16.204125 122.069092 16.204125 122.069092 16.198850 122.074585 16.193575 122.080078 16.193575 122.080078 16.188300 122.052612 16.188300 122.052612 16.183024 122.047119 16.183024 122.047119 16.177749 122.041626 16.177749 122.041626 16.172473 122.036133 16.172473 122.036133 16.177749 122.014160 16.177749 122.014160 16.172473 122.003174 16.172473 122.003174 16.167197 121.992188 16.167197 121.986694 16.161921 121.986694 16.156645 121.981201 16.156645 121.981201 16.151369 121.975708 16.151369 121.975708 16.140816 121.970215 16.140816 121.970215 16.135539 121.948242 16.135539 121.948242 16.130262 121.937256 16.130262 121.937256 16.124985 121.909790 16.124985 121.909790 16.130262 121.898804 16.130262 121.893311 16.124985 121.876831 16.124985 121.871338 16.119708 121.865845 16.119708 121.860352 16.114431 121.860352 16.109153 121.854858 16.109153 121.854858 16.103876 121.843872 16.103876 121.843872 16.093320 121.838379 16.093320 121.838379 16.088042 121.832886 16.088042 121.832886 16.093320 121.827393 16.093320 121.827393 16.088042 121.821899 16.082764 121.816406 16.088042 121.810913 16.088042 121.805420 16.082764 121.805420 16.077486 121.794434 16.077486 121.794434 16.066929 121.788940 16.066929 121.788940 16.072207 121.783447 16.072207 121.783447 16.061650 121.777954 16.061650 121.777954 16.066929 121.772461 16.072207 121.761475 16.072207 121.761475 16.077486 121.755981 16.077486 121.744995 16.072207 121.734009 16.061650 121.734009 16.056371 121.728516 16.056371 121.728516 16.051093 121.717529 16.040534 121.712036 16.040534 121.712036 16.035255 121.706543 16.035255 121.701050 16.029975 121.695557 16.029975 121.695557 16.024696 121.690063 16.024696 121.690063 16.019416 121.684570 16.019416 121.684570 16.014136 121.673584 16.014136 121.673584 16.008856 121.662598 16.003576 121.662598 15.998295 121.657104 15.998295 121.657104 15.987734 121.651611 15.987734 121.651611 15.982454 121.657104 15.977173 121.651611 15.977173 121.651611 15.971892 121.646118 15.971892 121.646118 15.966610 121.624146 15.966610 121.624146 15.961329 121.618652 15.956048 121.624146 15.950766 121.618652 15.950766 121.618652 15.945484 121.607666 15.945484 121.602173 15.940202 121.602173 15.934920 121.585693 15.934920 121.585693 15.929638 121.580200 15.929638 121.580200 15.924356 121.574707 15.924356 121.574707 15.919074 121.569214 15.913791 121.569214 15.908508 121.563721 15.908508 121.558228 15.903225 121.558228 15.897942 121.552734 15.897942 121.552734 15.882093 121.547241 15.876809 121.547241 15.823966 121.552734 15.813396 121.552734 15.797539 121.558228 15.792254 121.558228 15.776395 121.563721 15.765823 121.569214 15.765823 121.569214 15.760536 121.574707 15.755249 121.591187 15.755249 121.591187 15.760536 121.613159 15.760536 121.613159 15.755249 121.629639 15.755249 121.635132 15.749963 121.635132 15.744676 121.629639 15.744676 121.635132 15.739388 121.640625 15.739388 121.640625 15.712951 121.635132 15.712951 121.635132 15.707663
R	0	122.233887 16.304323 122.228394 16.304323 122.228394 16.309596 122.233887 16.309596 122.233887 16.304323
R	0	121.635132 15.707663 121.640625 15.707663 121.640625 15.702375 121.635132 15.702375 121.635132 15.707663
P	0401000000	Batangas
R	0	121.091309 13.571242 121.091309 13.560562 121.096802 13.560562 121.096802 13.533860 121.091309 13.528519 121.074829 13.528519 121.074829 13.533860 121.063843 13.544541 121.058350 13.544541 121.058350 13.549881 121.052856 13.549881 121.052856 13.555222 121.047363 13.555222 121.047363 13.560562 121.041870 13.560562 121.041870 13.571242 121.047363 13.571242 121.047363 13.565902 121.058350 13.565902 121.058350 13.560562 121.063843 13.560562 121.063843 13.565902 121.074829 13.565902 121.074829 13.571242 121.091309 13.571242
R	0	120.613403 14.227113 120.613403 14.221789 120.618896 14.221789 120.844116 14.056659 121.036377 14.152556 121.195679 14.131249 121.245117 13.966054 121.239624 13.907408 121.459351 13.816744 121.459351 13.811410 121.448364 13.800741 121.442871 13.800741 121.442871 13.795406 121.437378 13.790071 121.437378 13.774066 121.431885 13.774066 121.431885 13.747389 121.437378 13.747389 121.437378 13.736717 121.448364 13.726045 121.448364 13.704699 121.442871 13.704699 121.442871 13.694025 121.448364 13.694025 121.453857 13.699362 121.464844 13.699362 121.464844 13.694025 121.470337 13.694025 121.470337 13.683351 121.453857 13.672676 121.448364 13.672676 121.442871 13.667338 121.437378 13.667338 121.437378 13.662001 121.431885 13.662001 121.431885 13.656663 121.415405 13.656663 121.415405 13.662001 121.409912 13.662001 121.409912 13.667338 121.404419 13.667338 121.398926 13.672676 121.387939 13.672676 121.387939 13.667338 121.376953 13.667338 121.376953 13.662001 121.365967 13.662001 121.365967 13.656663 121.360474 13.656663 121.360474 13.651325 121.349487 13.651325 121.349487 13.645987 121.338501 13.645987 121.338501 13.640649 121.333008 13.640649 121.333008 13.635310 121.327515 13.635310 121.316528 13.624633 121.316528 13.619295 121.311035 13.619295 121.311035 13.613956 121.305542 13.613956 121.300049 13.608617 121.300049 13.603278 121.294556 13.603278 121.294556 13.597939 121.256104 13.597939 121.256104 13.608617 121.250610 13.608617 121.250610 13.613956 121.245117 13.613956 121.245117 13.619295 121.239624 13.619295 121.239624 13.624633 121.234131 13.624633 121.234131 13.629972 121.212158 13.629972 121.212158 13.624633 121.206665 13.624633 121.201172 13.629972 121.195679 13.629972 121.195679 13.635310 121.190186 13.640649 121.190186 13.645987 121.173706 13.645987 121.162720 13.640649 121.151733 13.640649 121.140747 13.635310 121.124268 13.635310 121.118774 13.629972 121.107788 13.629972 121.107788 13.624633 121.085815 13.624633 121.080322 13.619295 121.074829 13.619295 121.074829 13.629972 121.052856 13.629972 121.052856 13.635310 121.036377 13.635310 121.036377 13.640649 121.041870 13.645987 121.041870 13.651325 121.047363 13.651325 121.047363 13.656663 121.052856 13.662001 121.052856 13.683351 121.047363 13.683351 121.047363 13.688688 121.052856 13.688688 121.052856 13.704699 121.058350 13.704699 121.058350 13.710035 121.063843 13.715372 121.058350 13.715372 121.058350 13.736717 121.052856 13.736717 121.052856 13.742053 121.047363 13.742053 121.047363 13.747389 121.041870 13.752725 121.041870 13.758060 121.047363 13.763396 121.041870 13.768731 121.036377 13.763396 121.036377 13.768731 121.025391 13.768731 121.025391 13.774066 121.019897 13.774066 121.014404 13.779402 121.003418 13.779402 120.997925 13.784737 120.981445 13.784737 120.975952 13.779402 120.970459 13.779402 120.970459 13.774066 120.964966 13.774066 120.964966 13.768731 120.959473 13.768731 120.959473 13.763396 120.953979 13.758060 120.953979 13.747389 120.948486 13.747389 120.948486 13.742053 120.942993 13.736717 120.937500 13.736717 120.937500 13.731381 120.932007 13.731381 120.926514 13.720708 120.926514 13.715372 120.921021 13.715372 120.921021 13.704699 120.915527 13.704699 120.915527 13.699362 120.910034 13.694025 120.904541 13.694025 120.904541 13.688688 120.893555 13.688688 120.893555 13.683351 120.888062 13.688688 120.888062 13.694025 120.882568 13.694025 120.882568 13.704699 120.877075 13.704699 120.877075 13.710035 120.871582 13.710035 120.871582 13.720708 120.877075 13.720708 120.877075 13.726045 120.882568 13.726045 120.882568 13.731381 120.888062 13.731381 120.888062 13.736717 120.893555 13.736717 120.893555 13.742053 120.904541 13.752725 120.910034 13.752725 120.910034 13.758060 120.926514 13.758060 120.926514 13.784737 120.921021 13.784737 120.921021 13.795406 120.915527 13.800741 120.910034 13.800741 120.910034 13.816744 120.904541 13.816744 120.904541 13.822078 120.910034 13.822078 120.910034 13.827412 120.915527 13.827412 120.915527 13.870080 120.910034 13.875413 120.910034 13.880746 120.904541 13.886079 120.899048 13.886079 120.899048 13.891411 120.893555 13.891411 120.893555 13.896744 120.888062 13.896744 120.882568 13.902076 120.866089 13.902076 120.860596 13.907408 120.844116 13.907408 120.838623 13.912740 120.833130 13.912740 120.827637 13.918072 120.822144 13.912740 120.822144 13.918072 120.811157 13.918072 120.805664 13.923404 120.789185 13.923404 120.789185 13.928736 120.783691 13.923404 120.783691 13.928736 120.756226 13.928736 120.756226 13.934067 120.734253 13.934067 120.728760 13.928736 120.712280 13.928736 120.712280 13.923404 120.706787 13.923404 120.706787 13.918072 120.701294 13.918072 120.701294 13.907408 120.695801 13.907408 120.695801 13.891411 120.701294 13.891411 120.701294 13.880746 120.706787 13.880746 120.712280 13.870080 120.717773 13.870080 120.717773 13.864747 120.723267 13.859414 120.723267 13.843414 120.717773 13.843414 120.712280 13.838080 120.706787 13.843414 120.701294 13.843414 120.701294 13.848747 120.690308 13.848747 120.690308 13.854081 120.668335 13.854081 120.668335 13.859414 120.662842 13.859414 120.662842 13.854081 120.657349 13.859414 120.657349 13.838080 120.651855 13.832746 120.651855 13.827412 120.657349 13.832746 120.657349 13.827412 120.662842 13.816744 120.662842 13.811410 120.668335 13.811410 120.668335 13.806075 120.673828 13.806075 120.673828 13.779402 120.668335 13.779402 120.668335 13.768731 120.651855 13.768731 120.651855 13.779402 120.646362 13.779402 120.646362 13.784737 120.640869 13.790071 120.640869 13.795406 120.635376 13.795406 120.635376 13.800741 120.629883 13.800741 120.629883 13.806075 120.624390 13.806075 120.624390 13.811410 120.618896 13.816744 120.629883 13.816744 120.629883 13.827412 120.624390 13.827412 120.624390 13.832746 120.618896 13.832746 120.618896 13.843414 120.624390 13.843414 120.624390 13.848747 120.618896 13.848747 120.624390 13.854081 120.624390 13.859414 120.618896 13.864747 120.618896 13.891411 120.624390 13.891411 120.624390 13.912740 120.618896 13.912740 120.618896 13.939399 120.613403 13.939399 120.613403 13.944730 120.618896 13.950061 120.618896 13.960723 120.607910 13.960723 120.607910 13.966054 120.602417 13.966054 120.602417 13.976715 120.607910 13.976715 120.607910 13.971385 120.613403 13.971385 120.613403 13.966054 120.618896 13.966054 120.618896 13.971385 120.629883 13.971385 120.629883 13.987376 120.624390 13.987376 120.624390 14.003367 120.613403 14.014026 120.618896 14.014026 120.618896 14.030015 120.613403 14.030015 120.613403 14.035344 120.618896 14.035344 120.624390 14.040673 120.624390 14.083301 120.618896 14.083301 120.618896 14.093957 120.624390 14.093957 120.624390 14.099285 120.618896 14.104613 120.624390 14.104613 120.624390 14.109940 120.618896 14.109940 120.618896 14.120595 120.613403 14.120595 120.613403 14.115267 120.607910 14.115267 120.607910 14.120595 120.591431 14.120595 120.591431 14.125922 120.596924 14.125922 120.596924 14.131249 120.596924 14.136576 120.591431 14.136576 120.591431 14.141902 120.607910 14.141902 120.607910 14.152556 120.602417 14.152556 120.596924 14.157882 120.596924 14.152556 120.591431 14.157882 120.585938 14.157882 120.585938 14.163208 120.591431 14.163208 120.591431 14.168534 120.574951 14.168534 120.574951 14.173860 120.607910 14.173860 120.607910 14.179186 120.613403 14.179186 120.613403 14.184512 120.602417 14.184512 120.602417 14.179186 120.596924 14.179186 120.596924 14.189838 120.585938 14.189838 120.585938 14.195163 120.580444 14.200488 120.585938 14.200488 120.585938 14.205814 120.591431 14.200488 120.591431 14.211139 120.585938 14.211139 120.585938 14.216464 120.591431 14.216464 120.591431 14.227113 120.596924 14.227113 120.596924 14.221789 120.607910 14.221789 120.602417 14.227113 120.613403 14.227113
R	0	120.838623 13.672676 120.849609 13.672676 120.849609 13.667338 120.855103 13.667338 120.860596 13.662001 120.877075 13.662001 120.882568 13.656663 120.937500 13.656663 120.937500 13.645987 120.942993 13.645987 120.942993 13.640649 120.948486 13.640649 120.942993 13.635310 120.942993 13.629972 120.926514 13.629972 120.921021 13.624633 120.899048 13.624633 120.899048 13.629972 120.882568 13.629972 120.877075 13.635310 120.871582 13.635310 120.871582 13.640649 120.866089 13.645987 120.855103 13.645987 120.849609 13.651325 120.844116 13.651325 120.838623 13.656663 120.838623 13.672676
R	0	120.591431 14.131249 120.580444 14.131249 120.574951 14.136576 120.591431 14.136576 120.591431 14.131249
R	0	120.838623 13.672676 120.833130 13.672676 120.833130 13.683351 120.838623 13.683351 120.838623 13.672676
P	0402100000	Cavite
R	0	120.915527 14.482553 120.921021 14.482553 120.921021 14.477234 120.915527 14.482553
R	0	120.607910 14.392118 120.607910 14.386797 120.591431 14.386797 120.585938 14.381476 120.585938 14.376155 120.574951 14.376155 120.574951 14.370834 120.569458 14.376155 120.563965 14.376155 120.563965 14.386797 120.569458 14.392118 120.580444 14.392118 120.585938 14.386797 120.585938 14.392118 120.607910 14.392118
R	0	120.904541 14.482553 120.904541 14.477234 120.899048 14.477234 120.899048 14.471915 120.893555 14.471915 120.893555 14.466596 120.888062 14.466596 120.888062 14.450639 120.893555 14.450639 120.893555 14.455958 120.899048 14.455958 120.899048 14.450639 120.904541 14.450639 120.904541 14.455958 120.915527 14.455958 120.915527 14.461277 120.921021 14.461277 120.926514 14.466596 120.926514 14.461277 120.932007 14.461277 120.937500 14.466596 120.953979 14.466596 120.959473 14.471915 120.964966 14.471915 120.970459 14.477234 120.970459 14.466596 120.964966 14.466596 120.964966 14.461277 120.970459 14.461277 120.970459 14.440000 120.975952 14.440000 120.975952 14.434680 120.986938 14.434680 120.986938 14.424040 120.992432 14.424040 120.992432 14.408080 120.997925 14.408080 120.997925 14.402759 121.003418 14.397439 121.003418 14.392118 121.008911 14.392118 121.008911 14.354870 121.014404 14.349548 121.008911 14.344226 121.036377 14.152556 120.844116 14.056659 120.618896 14.221789 120.624390 14.221789 120.624390 14.248411 120.618896 14.248411 120.624390 14.253735 120.624390 14.269707 120.629883 14.269707 120.629883 14.264383 120.635376 14.264383 120.635376 14.269707 120.640869 14.269707 120.640869 14.275030 120.651855 14.275030 120.651855 14.285677 120.657349 14.285677 120.657349 14.280354 120.668335 14.280354 120.668335 14.285677 120.673828 14.285677 120.673828 14.280354 120.684814 14.280354 120.684814 14.285677 120.690308 14.285677 120.690308 14.280354 120.695801 14.280354 120.695801 14.285677 120.706787 14.285677 120.706787 14.291001 120.717773 14.291001 120.717773 14.301647 120.723267 14.301647 120.723267 14.306969 120.728760 14.306969 120.728760 14.317615 120.750732 14.317615 120.750732 14.322937 120.756226 14.322937 120.756226 14.328260 120.767212 14.328260 120.767212 14.333582 120.772705 14.333582 120.772705 14.338904 120.778198 14.344226 120.778198 14.349548 120.783691 14.354870 120.789185 14.354870 120.789185 14.360191 120.794678 14.360191 120.794678 14.365513 120.800171 14.365513 120.800171 14.370834 120.811157 14.370834 120.811157 14.376155 120.816650 14.376155 120.822144 14.381476 120.822144 14.386797 120.827637 14.386797 120.827637 14.392118 120.833130 14.392118 120.838623 14.397439 120.838623 14.402759 120.844116 14.402759 120.844116 14.413400 120.849609 14.418720 120.849609 14.424040 120.866089 14.424040 120.866089 14.429360 120.871582 14.429360 120.871582 14.440000 120.877075 14.440000 120.877075 14.461277 120.882568 14.466596 120.882568 14.471915 120.888062 14.471915 120.888062 14.477234 120.893555 14.482553 120.893555 14.493190 120.899048 14.493190 120.910034 14.498508 120.921021 14.498508 120.915527 14.493190 120.904541 14.493190 120.904541 14.482553
R	1	120.778198 14.349548 120.783691 14.344226 120.783691 14.349548 120.778198 14.349548
R	0	120.921021 14.461277 120.915527 14.466596 120.921021 14.466596 120.921021 14.461277
P	0403400000	Laguna
R	0	121.426392 14.392118 121.420898 14.392118 121.420898 14.397439 121.415405 14.397439 121.415405 14.392118 121.409912 14.392118 121.409912 14.376155 121.404419 14.370834 121.404419 14.365513 121.398926 14.365513 121.398926 14.349548 121.393433 14.349548 121.393433 14.344226 121.387939 14.344226 121.387939 14.338904 121.382446 14.338904 121.448364 14.594216 121.453857 14.594216 121.635132 14.269707 121.486816 14.067317 121.245117 13.966054 121.195679 14.131249 121.036377 14.152556 121.008911 14.344226 121.019897 14.354870 121.025391 14.354870 121.025391 14.360191 121.030884 14.365513 121.036377 14.365513 121.041870 14.370834 121.047363 14.370834 121.047363 14.365513 121.052856 14.370834 121.052856 14.376155 121.063843 14.376155 121.063843 14.365513 121.069336 14.365513 121.069336 14.360191 121.080322 14.360191 121.091309 14.354870 121.091309 14.344226 121.096802 14.338904 121.102295 14.338904 121.102295 14.333582 121.113281 14.333582 121.113281 14.328260 121.118774 14.328260 121.118774 14.322937 121.124268 14.317615 121.124268 14.301647 121.129761 14.301647 121.129761 14.296324 121.135254 14.296324 121.135254 14.291001 121.140747 14.291001 121.140747 14.285677 121.146240 14.285677 121.146240 14.280354 121.151733 14.280354 121.151733 14.275030 121.157227 14.275030 121.157227 14.269707 121.162720 14.269707 121.162720 14.264383 121.168213 14.264383 121.168213 14.243087 121.173706 14.243087 121.173706 14.237762 121.184692 14.237762 121.190186 14.227113 121.184692 14.227113 121.190186 14.221789 121.190186 14.216464 121.184692 14.211139 121.184692 14.195163 121.179199 14.200488 121.179199 14.189838 121.184692 14.184512 121.206665 14.184512 121.212158 14.179186 121.223145 14.179186 121.223145 14.184512 121.228638 14.184512 121.228638 14.189838 121.234131 14.189838 121.234131 14.195163 121.239624 14.200488 121.239624 14.195163 121.245117 14.195163 121.245117 14.189838 121.267090 14.189838 121.267090 14.195163 121.289062 14.195163 121.294556 14.200488 121.300049 14.200488 121.305542 14.211139 121.311035 14.211139 121.311035 14.221789 121.316528 14.221789 121.316528 14.232438 121.327515 14.232438 121.327515 14.237762 121.338501 14.237762 121.338501 14.243087 121.343994 14.243087 121.343994 14.253735 121.349487 14.253735 121.349487 14.259059 121.354980 14.259059 121.354980 14.264383 121.365967 14.264383 121.365967 14.269707 121.376953 14.269707 121.376953 14.275030 121.382446 14.275030 121.382446 14.280354 121.393433 14.280354 121.393433 14.285677 121.398926 14.285677 121.398926 14.301647 121.409912 14.301647 121.415405 14.306969 121.415405 14.291001 121.437378 14.291001 121.437378 14.296324 121.426392 14.296324 121.426392 14.306969 121.431885 14.306969 121.431885 14.301647 121.437378 14.301647 121.437378 14.317615 121.442871 14.317615 121.431885 14.328260 121.426392 14.328260 121.426392 14.333582 121.420898 14.333582 121.426392 14.338904 121.426392 14.344226 121.431885 14.344226 121.431885 14.338904 121.437378 14.338904 121.437378 14.344226 121.442871 14.344226 121.442871 14.338904 121.459351 14.322937 121.459351 14.317615 121.464844 14.322937 121.470337 14.322937 121.470337 14.328260 121.475830 14.333582 121.475830 14.349548 121.481323 14.349548 121.481323 14.354870 121.475830 14.360191 121.470337 14.360191 121.475830 14.365513 121.475830 14.370834 121.470337 14.370834 121.470337 14.376155 121.464844 14.381476 121.464844 14.386797 121.453857 14.386797 121.453857 14.397439 121.437378 14.397439 121.437378 14.392118 121.431885 14.392118 121.431885 14.402759 121.426392 14.397439 121.426392 14.392118
R	0	121.426392 14.392118 121.431885 14.392118 121.431885 14.386797 121.426392 14.386797 121.426392 14.392118
P	0405600000	Quezon
R	0	121.734009 14.173860 121.734009 14.163208 121.739502 14.163208 121.739502 14.157882 121.744995 14.152556 121.744995 14.147229 121.750488 14.147229 121.750488 14.141902 121.755981 14.136576 121.761475 14.136576 121.761475 14.131249 121.766968 14.125922 121.772461 14.125922 121.777954 14.120595 121.777954 14.115267 121.783447 14.115267 121.788940 14.109940 121.794434 14.109940 121.794434 14.104613 121.799927 14.104613 121.799927 14.099285 121.805420 14.099285 121.805420 14.093957 121.810913 14.093957 121.827393 14.077973 121.832886 14.077973 121.843872 14.072645 121.849365 14.072645 121.849365 14.067317 121.854858 14.067317 121.854858 14.061988 121.860352 14.061988 121.860352 14.056659 121.865845 14.056659 121.865845 14.051331 121.871338 14.051331 121.871338 14.046002 121.876831 14.046002 121.887817 14.035344 121.887817 14.030015 121.893311 14.030015 121.898804 14.024685 121.898804 14.019356 121.909790 14.008696 121.915283 14.008696 121.920776 14.003367 121.926270 14.003367 121.926270 13.998037 121.931763 13.998037 121.937256 13.992706 121.942749 13.992706 121.942749 13.987376 121.953735 13.987376 121.959229 13.982046 121.981201 13.982046 121.986694 13.976715 121.992188 13.976715 121.997681 13.971385 121.997681 13.966054 122.003174 13.966054 122.003174 13.960723 122.014160 13.960723 122.014160 13.955392 122.030640 13.955392 122.030640 13.950061 122.036133 13.950061 122.036133 13.944730 122.052612 13.944730 122.052612 13.939399 122.080078 13.939399 122.080078 13.934067 122.096558 13.934067 122.096558 13.923404 122.124023 13.923404 122.124023 13.918072 122.129517 13.918072 122.129517 13.912740 122.140503 13.912740 122.140503 13.918072 122.162476 13.918072 122.167969 13.912740 122.178955 13.912740 122.184448 13.918072 122.184448 13.912740 122.195435 13.912740 122.195435 13.907408 122.206421 13.907408 122.206421 13.902076 122.222900 13.902076 122.222900 13.896744 122.233887 13.896744 122.239380 13.902076 122.233887 13.902076 122.233887 13.907408 122.239380 13.907408 122.239380 13.912740 122.244873 13.912740 122.244873 13.944730 122.222900 13.944730 122.222900 13.950061 122.211914 13.950061 122.206421 13.955392 122.206421 13.960723 122.195435 13.960723 122.195435 13.971385 122.189941 13.971385 122.189941 13.982046 122.184448 13.982046 122.184448 13.987376 122.178955 13.987376 122.178955 13.992706 122.184448 13.992706 122.184448 13.998037 122.195435 13.998037 122.195435 13.992706 122.200928 13.992706 122.200928 13.987376 122.206421 13.987376 122.206421 13.982046 122.217407 13.982046 122.217407 13.976715 122.233887 13.976715 122.233887 13.971385 122.266846 13.971385 122.266846 13.966054 122.272339 13.966054 122.266846 13.960723 122.283325 13.960723 122.283325 13.955392 122.288818 13.960723 122.299805 13.960723 122.299805 13.966054 122.305298 13.966054 122.305298 13.976715 122.299805 13.976715 122.299805 13.987376 122.294312 13.987376 122.294312 13.992706 122.299805 13.992706 122.299805 14.003367 122.305298 14.003367 122.305298 13.998037 122.310791 14.003367 122.310791 14.008696 122.316284 14.008696 122.316284 14.014026 122.321777 14.014026 122.321777 14.019356 122.316284 14.024685 122.310791 14.024685 122.310791 14.019356 122.305298 14.014026 122.288818 14.014026 122.288818 14.019356 122.283325 14.024685 122.288818 14.024685 122.288818 14.040673 122.283325 14.040673 122.277832 14.046002 122.277832 14.040673 122.272339 14.040673 122.272339 14.046002 122.266846 14.046002 122.266846 14.051331 122.261353 14.051331 122.261353 14.056659 122.250366 14.056659 122.250366 14.061988 122.244873 14.061988 122.244873 14.067317 122.233887 14.067317 122.233887 14.072645 122.228394 14.072645 122.228394 14.077973 122.217407 14.077973 122.217407 14.083301 122.200928 14.083301 122.200928 14.088629 122.195435 14.088629 122.195435 14.093957 122.189941 14.093957 122.195435 14.099285 122.189941 14.099285 122.189941 14.104613 122.184448 14.104613 122.184448 14.115267 122.178955 14.115267 122.178955 14.120595 122.173462 14.120595 122.173462 14.125922 122.167969 14.125922 122.167969 14.141902 122.162476 14.141902 122.162476 14.147229 122.167969 14.152556 122.167969 14.147229 122.173462 14.147229 122.173462 14.141902 122.178955 14.141902 122.178955 14.136576 122.189941 14.136576 122.189941 14.152556 122.184448 14.152556 122.184448 14.163208 122.189941 14.163208 122.189941 14.173860 122.195435 14.173860 122.200928 14.179186 122.206421 14.179186 122.206421 14.184512 122.211914 14.184512 122.211914 14.189838 122.228394 14.189838 122.228394 14.195163 122.233887 14.195163 122.233887 14.189838 122.239380 14.189838 122.239380 14.184512 122.244873 14.184512 122.244873 14.200488 122.250366 14.200488 122.250366 14.216464 122.244873 14.216464 122.244873 14.221789 122.250366 14.221789 122.250366 14.243087 122.266846 14.243087 122.266846 14.248411 122.272339 14.243087 122.277832 14.243087 122.272339 14.237762 122.277832 14.237762 122.277832 14.232438 122.272339 14.232438 122.272339 14.221789 122.266846 14.221789 122.272339 14.216464 122.272339 14.205814 122.266846 14.200488 122.266846 14.184512 122.261353 14.184512 122.261353 14.179186 122.266846 14.179186 122.261353 14.173860 122.261353 14.168534 122.272339 14.168534 122.272339 14.157882 122.266846 14.157882 122.266846 14.147229 122.272339 14.141902 122.266846 14.141902 122.266846 14.125922 122.272339 14.120595 122.288818 14.120595 122.288818 14.125922 122.294312 14.125922 122.294312 14.131249 122.299805 14.131249 122.299805 14.136576 122.310791 14.136576 122.310791 14.120595 122.305298 14.115267 122.305298 14.088629 122.299805 14.088629 122.299805 14.072645 122.305298 14.072645 122.305298 14.067317 122.310791 14.067317 122.316284 14.061988 122.316284 14.067317 122.321777 14.067317 122.321777 14.061988 122.338257 14.061988 122.409668 14.093957 122.415161 14.093957 122.415161 14.099285 122.420654 14.099285 122.420654 14.109940 122.431641 14.109940 122.431641 14.115267 122.684326 14.056659 122.706299 14.046002 122.794189 14.014026 122.552490 13.944730 122.546997 13.950061 122.546997 13.955392 122.541504 13.955392 122.541504 13.960723 122.536011 13.960723 122.536011 13.966054 122.530518 13.960723 122.530518 13.950061 122.536011 13.950061 122.536011 13.944730 122.530518 13.939399 122.525024 13.939399 122.525024 13.928736 122.530518 13.928736 122.530518 13.923404 122.519531 13.923404 122.519531 13.928736 122.514038 13.928736 122.481079 13.928736 122.481079 13.934067 122.475586 13.928736 122.475586 13.934067 122.470093 13.928736 122.470093 13.934067 122.464600 13.934067 122.459106 13.928736 122.448120 13.928736 122.448120 13.939399 122.437134 13.939399 122.437134 13.944730 122.420654 13.944730 122.420654 13.928736 122.426147 13.928736 122.431641 13.923404 122.437134 13.923404 122.437134 13.918072 122.442627 13.918072 122.442627 13.912740 122.448120 13.907408 122.453613 13.907408 122.453613 13.891411 122.459106 13.891411 122.459106 13.886079 122.464600 13.886079 122.464600 13.880746 122.470093 13.880746 122.470093 13.870080 122.475586 13.864747 122.475586 13.859414 122.486572 13.859414 122.486572 13.848747 122.492065 13.848747 122.492065 13.843414 122.503052 13.843414 122.503052 13.838080 122.508545 13.838080 122.508545 13.832746 122.503052 13.832746 122.503052 13.827412 122.514038 13.816744 122.519531 13.816744 122.519531 13.811410 122.508545 13.811410 122.508545 13.806075 122.514038 13.806075 122.514038 13.779402 122.508545 13.779402 122.508545 13.768731 122.514038 13.768731 122.514038 13.752725 122.519531 13.752725 122.519531 13.742053 122.525024 13.742053 122.525024 13.731381 122.497559 13.731381 122.497559 13.736717 122.492065 13.736717 122.492065 13.731381 122.486572 13.731381 122.486572 13.726045 122.481079 13.726045 122.486572 13.720708 122.481079 13.720708 122.481079 13.694025 122.486572 13.694025 122.486572 13.688688 122.492065 13.683351 122.492065 13.678013 122.497559 13.678013 122.497559 13.672676 122.503052 13.672676 122.503052 13.656663 122.497559 13.656663 122.497559 13.640649 122.503052 13.640649 122.503052 13.635310 122.508545 13.635310 122.519531 13.624633 122.519531 13.619295 122.525024 13.619295 122.525024 13.613956 122.530518 13.613956 122.530518 13.608617 122.536011 13.608617 122.536011 13.603278 122.546997 13.603278 122.546997 13.597939 122.552490 13.592600 122.546997 13.592600 122.546997 13.587260 122.541504 13.587260 122.546997 13.581921 122.557983 13.581921 122.557983 13.576581 122.574463 13.576581 122.574463 13.571242 122.579956 13.571242 122.579956 13.565902 122.563477 13.565902 122.563477 13.549881 122.568970 13.549881 122.568970 13.544541 122.574463 13.539201 122.574463 13.533860 122.579956 13.533860 122.579956 13.528519 122.585449 13.528519 122.585449 13.523179 122.601929 13.523179 122.601929 13.517838 122.596436 13.517838 122.596436 13.512497 122.601929 13.507155 122.601929 13.501814 122.607422 13.501814 122.607422 13.491131 122.612915 13.491131 122.612915 13.485790 122.618408 13.491131 122.623901 13.480448 122.623901 13.475106 122.645874 13.453737 122.645874 13.448395 122.651367 13.448395 122.651367 13.432367 122.656860 13.432367 122.656860 13.427024 122.662354 13.427024 122.656860 13.421681 122.662354 13.421681 122.662354 13.405651 122.667847 13.405651 122.667847 13.394963 122.673340 13.394963 122.673340 13.378932 122.678833 13.378932 122.678833 13.368243 122.673340 13.368243 122.673340 13.346865 122.678833 13.341520 122.678833 13.293411 122.684326 13.293411 122.684326 13.288065 122.678833 13.288065 122.678833 13.266680 122.684326 13.266680 122.684326 13.272026 122.695312 13.261333 122.695312 13.239945 122.700806 13.239945 122.700806 13.218556 122.678833 13.218556 122.673340 13.213208 122.662354 13.213208 122.662354 13.207860 122.656860 13.207860 122.656860 13.202513 122.651367 13.197165 122.640381 13.197165 122.640381 13.186468 122.634888 13.186468 122.623901 13.175771 122.623901 13.170423 122.612915 13.170423 122.612915 13.165074 122.601929 13.165074 122.596436 13.159725 122.596436 13.165074 122.585449 13.165074 122.585449 13.170423 122.579956 13.170423 122.574463 13.175771 122.568970 13.175771 122.568970 13.181120 122.563477 13.181120 122.563477 13.186468 122.557983 13.186468 122.557983 13.191816 122.552490 13.191816 122.552490 13.197165 122.546997 13.197165 122.546997 13.213208 122.541504 13.213208 122.541504 13.218556 122.536011 13.218556 122.536011 13.223904 122.530518 13.223904 122.530518 13.229251 122.525024 13.229251 122.525024 13.234598 122.519531 13.234598 122.514038 13.239945 122.508545 13.239945 122.503052 13.245293 122.503052 13.250640 122.514038 13.250640 122.514038 13.266680 122.508545 13.272026 122.514038 13.272026 122.514038 13.277373 122.525024 13.277373 122.525024 13.282719 122.519531 13.282719 122.519531 13.288065 122.514038 13.288065 122.514038 13.293411 122.508545 13.293411 122.508545 13.298757 122.519531 13.298757 122.519531 13.309449 122.525024 13.309449 122.519531 13.314794 122.519531 13.325485 122.525024 13.325485 122.525024 13.330830 122.519531 13.330830 122.519531 13.346865 122.514038 13.352210 122.508545 13.352210 122.508545 13.362899 122.503052 13.362899 122.503052 13.373588 122.497559 13.373588 122.497559 13.389620 122.492065 13.389620 122.492065 13.405651 122.486572 13.405651 122.486572 13.410994 122.481079 13.416337 122.475586 13.416337 122.475586 13.421681 122.470093 13.421681 122.470093 13.427024 122.464600 13.427024 122.459106 13.432367 122.459106 13.437709 122.453613 13.437709 122.453613 13.443052 122.448120 13.443052 122.448120 13.453737 122.442627 13.453737 122.431641 13.464422 122.431641 13.469764 122.426147 13.469764 122.426147 13.475106 122.420654 13.475106 122.415161 13.480448 122.415161 13.485790 122.409668 13.491131 122.409668 13.496473 122.404175 13.501814 122.404175 13.507155 122.409668 13.507155 122.404175 13.512497 122.404175 13.523179 122.398682 13.523179 122.393188 13.528519 122.387695 13.528519 122.376709 13.539201 122.365723 13.544541 122.365723 13.549881 122.343750 13.549881 122.343750 13.555222 122.332764 13.560562 122.327271 13.565902 122.332764 13.565902 122.332764 13.571242 122.338257 13.571242 122.338257 13.576581 122.332764 13.581921 122.327271 13.581921 122.327271 13.587260 122.316284 13.592600 122.288818 13.592600 122.283325 13.587260 122.283325 13.576581 122.272339 13.576581 122.272339 13.581921 122.266846 13.581921 122.266846 13.587260 122.277832 13.587260 122.277832 13.603278 122.266846 13.603278 122.266846 13.608617 122.261353 13.608617 122.261353 13.603278 122.244873 13.603278 122.244873 13.597939 122.228394 13.597939 122.228394 13.603278 122.222900 13.603278 122.217407 13.608617 122.211914 13.608617 122.211914 13.603278 122.206421 13.603278 122.206421 13.608617 122.200928 13.608617 122.200928 13.624633 122.195435 13.629972 122.200928 13.629972 122.200928 13.640649 122.195435 13.640649 122.195435 13.651325 122.189941 13.651325 122.189941 13.656663 122.178955 13.667338 122.173462 13.667338 122.173462 13.683351 122.167969 13.683351 122.167969 13.694025 122.162476 13.694025 122.162476 13.699362 122.156982 13.704699 122.156982 13.715372 122.151489 13.715372 122.151489 13.720708 122.145996 13.720708 122.145996 13.715372 122.140503 13.715372 122.140503 13.720708 122.135010 13.720708 122.135010 13.731381 122.129517 13.736717 122.129517 13.742053 122.135010 13.742053 122.135010 13.747389 122.129517 13.747389 122.129517 13.752725 122.118530 13.752725 122.118530 13.758060 122.113037 13.758060 122.113037 13.763396 122.107544 13.763396 122.102051 13.768731 122.102051 13.784737 122.091064 13.784737 122.091064 13.779402 122.085571 13.779402 122.085571 13.784737 122.074585 13.784737 122.074585 13.779402 122.063599 13.779402 122.063599 13.774066 122.052612 13.774066 122.052612 13.779402 122.047119 13.779402 122.047119 13.784737 122.041626 13.784737 122.041626 13.790071 122.030640 13.790071 122.025146 13.795406 122.025146 13.806075 122.019653 13.806075 122.014160 13.800741 122.008667 13.806075 122.008667 13.811410 122.003174 13.811410 122.003174 13.806075 121.992188 13.806075 121.986694 13.800741 121.986694 13.806075 121.981201 13.806075 121.981201 13.811410 121.975708 13.811410 121.975708 13.816744 121.981201 13.816744 121.981201 13.832746 121.975708 13.832746 121.975708 13.838080 121.970215 13.843414 121.970215 13.838080 121.959229 13.838080 121.959229 13.848747 121.948242 13.848747 121.948242 13.854081 121.937256 13.848747 121.926270 13.848747 121.926270 13.854081 121.904297 13.854081 121.904297 13.859414 121.898804 13.859414 121.893311 13.864747 121.893311 13.870080 121.887817 13.870080 121.887817 13.880746 121.882324 13.880746 121.882324 13.891411 121.871338 13.891411 121.871338 13.896744 121.860352 13.886079 121.854858 13.886079 121.854858 13.896744 121.849365 13.896744 121.849365 13.902076 121.843872 13.902076 121.843872 13.896744 121.838379 13.896744 121.832886 13.902076 121.827393 13.896744 121.827393 13.902076 121.821899 13.902076 121.821899 13.907408 121.816406 13.907408 121.816406 13.912740 121.810913 13.912740 121.810913 13.918072 121.816406 13.923404 121.816406 13.944730 121.805420 13.944730 121.805420 13.950061 121.788940 13.950061 121.788940 13.939399 121.788940 13.912740 121.794434 13.912740 121.794434 13.907408 121.799927 13.907408 121.799927 13.891411 121.794434 13.886079 121.794434 13.880746 121.783447 13.880746 121.783447 13.891411 121.788940 13.896744 121.788940 13.907408 121.777954 13.907408 121.777954 13.902076 121.772461 13.902076 121.772461 13.896744 121.766968 13.896744 121.766968 13.891411 121.761475 13.891411 121.761475 13.886079 121.755981 13.891411 121.755981 13.886079 121.744995 13.886079 121.744995 13.891411 121.739502 13.891411 121.739502 13.902076 121.744995 13.907408 121.744995 13.918072 121.739502 13.918072 121.739502 13.923404 121.744995 13.923404 121.750488 13.918072 121.750488 13.928736 121.755981 13.928736 121.755981 13.934067 121.750488 13.934067 121.744995 13.939399 121.744995 13.944730 121.750488 13.944730 121.755981 13.939399 121.755981 13.944730 121.761475 13.939399 121.783447 13.939399 121.777954 13.944730 121.772461 13.944730 121.766968 13.950061 121.766968 13.960723 121.755981 13.960723 121.755981 13.966054 121.723022 13.966054 121.723022 13.971385 121.712036 13.971385 121.712036 13.966054 121.706543 13.966054 121.706543 13.960723 121.695557 13.960723 121.695557 13.955392 121.690063 13.955392 121.690063 13.944730 121.695557 13.944730 121.695557 13.939399 121.701050 13.939399 121.701050 13.934067 121.695557 13.934067 121.701050 13.928736 121.701050 13.918072 121.690063 13.918072 121.690063 13.923404 121.679077 13.923404 121.673584 13.918072 121.668091 13.918072 121.668091 13.912740 121.662598 13.918072 121.662598 13.912740 121.651611 13.912740 121.646118 13.907408 121.618652 13.907408 121.624146 13.902076 121.618652 13.902076 121.613159 13.896744 121.596680 13.896744 121.596680 13.891411 121.585693 13.891411 121.580200 13.886079 121.574707 13.886079 121.569214 13.880746 121.563721 13.880746 121.563721 13.875413 121.552734 13.875413 121.547241 13.870080 121.536255 13.870080 121.536255 13.864747 121.525269 13.864747 121.525269 13.859414 121.508789 13.859414 121.508789 13.854081 121.492310 13.854081 121.492310 13.848747 121.486816 13.848747 121.486816 13.843414 121.475830 13.843414 121.475830 13.838080 121.470337 13.838080 121.470337 13.832746 121.459351 13.822078 121.459351 13.816744 121.239624 13.907408 121.245117 13.966054 121.486816 14.067317 121.635132 14.269707 121.453857 14.594216 121.448364 14.594216 121.333008 14.833302 121.333008 14.849231 121.349487 14.997852 121.354980 15.003158 121.398926 15.130462 121.398926 15.162276 121.409912 15.215288 121.420898 15.215288 121.420898 15.209988 121.437378 15.209988 121.442871 15.204687 121.448364 15.204687 121.448364 15.199386 121.453857 15.199386 121.453857 15.204687 121.459351 15.199386 121.464844 15.199386 121.464844 15.194085 121.470337 15.194085 121.470337 15.188784 121.475830 15.188784 121.475830 15.183482 121.481323 15.183482 121.481323 15.162276 121.486816 15.156974 121.486816 15.146369 121.492310 15.141067 121.492310 15.125159 121.497803 15.119856 121.492310 15.114553 121.497803 15.114553 121.497803 15.109250 121.492310 15.103946 121.497803 15.103946 121.497803 15.093339 121.503296 15.088036 121.503296 15.082732 121.497803 15.082732 121.497803 15.072124 121.503296 15.072124 121.503296 15.061515 121.508789 15.056210 121.508789 15.050906 121.514282 15.050906 121.514282 15.040296 121.519775 15.040296 121.519775 15.034991 121.525269 15.034991 121.525269 15.029686 121.530762 15.029686 121.530762 15.024380 121.536255 15.024380 121.536255 15.013769 121.541748 15.013769 121.541748 15.008464 121.547241 15.003158 121.547241 14.987240 121.552734 14.987240 121.558228 14.981933 121.558228 14.971320 121.563721 14.971320 121.563721 14.960706 121.569214 14.955399 121.569214 14.950092 121.574707 14.950092 121.574707 14.912938 121.580200 14.912938 121.580200 14.886396 121.585693 14.886396 121.585693 14.881087 121.591187 14.875778 121.591187 14.870469 121.596680 14.870469 121.613159 14.854541 121.613159 14.849231 121.607666 14.849231 121.607666 14.838612 121.602173 14.838612 121.602173 14.822681 121.607666 14.822681 121.607666 14.817371 121.624146 14.801439 121.624146 14.790817 121.629639 14.790817 121.629639 14.785505 121.640625 14.785505 121.640625 14.780194 121.651611 14.780194 121.651611 14.774883 121.657104 14.774883 121.662598 14.769571 121.657104 14.764259 121.668091 14.764259 121.668091 14.758947 121.673584 14.758947 121.673584 14.753635 121.679077 14.748323 121.684570 14.748323 121.690063 14.743011 121.690063 14.737699 121.695557 14.737699 121.706543 14.727073 121.712036 14.727073 121.712036 14.721761 121.717529 14.721761 121.717529 14.716448 121.723022 14.716448 121.723022 14.711135 121.728516 14.705822 121.728516 14.700508 121.734009 14.700508 121.734009 14.689881 121.717529 14.689881 121.717529 14.695195 121.712036 14.700508 121.690063 14.700508 121.690063 14.695195 121.673584 14.695195 121.673584 14.689881 121.662598 14.689881 121.662598 14.684568 121.657104 14.684568 121.657104 14.679254 121.651611 14.679254 121.646118 14.673940 121.646118 14.668626 121.640625 14.668626 121.635132 14.663312 121.635132 14.668626 121.629639 14.668626 121.629639 14.673940 121.618652 14.673940 121.618652 14.679254 121.613159 14.679254 121.613159 14.668626 121.607666 14.668626 121.607666 14.657997 121.602173 14.652683 121.602173 14.647368 121.607666 14.647368 121.607666 14.615478 121.613159 14.610163 121.607666 14.604847 121.607666 14.599531 121.613159 14.594216 121.618652 14.594216 121.618652 14.578267 121.624146 14.567634 121.624146 14.546367 121.629639 14.541050 121.629639 14.535733 121.624146 14.535733 121.624146 14.514462 121.629639 14.514462 121.629639 14.503826 121.635132 14.503826 121.635132 14.487871 121.640625 14.487871 121.640625 14.466596 121.646118 14.466596 121.646118 14.461277 121.651611 14.461277 121.651611 14.450639 121.646118 14.450639 121.651611 14.445319 121.651611 14.429360 121.657104 14.429360 121.657104 14.397439 121.662598 14.397439 121.662598 14.392118 121.668091 14.392118 121.668091 14.386797 121.673584 14.386797 121.673584 14.381476 121.679077 14.381476 121.684570 14.376155 121.684570 14.370834 121.690063 14.370834 121.690063 14.365513 121.695557 14.360191 121.701050 14.360191 121.701050 14.354870 121.706543 14.349548 121.712036 14.349548 121.712036 14.338904 121.723022 14.338904 121.723022 14.328260 121.728516 14.328260 121.728516 14.312292 121.734009 14.312292 121.734009 14.285677 121.728516 14.285677 121.728516 14.269707 121.734009 14.269707 121.734009 14.264383 121.739502 14.264383 121.739502 14.259059 121.750488 14.259059 121.750488 14.253735 121.755981 14.253735 121.755981 14.243087 121.761475 14.243087 121.761475 14.232438 121.755981 14.232438 121.755981 14.221789 121.750488 14.221789 121.750488 14.211139 121.755981 14.205814 121.750488 14.205814 121.744995 14.200488 121.744995 14.195163 121.734009 14.195163 121.734009 14.173860
R	1	122.514038 13.928736 122.514038 13.934067 122.508545 13.934067 122.514038 13.928736
R	2	122.310791 14.003367 122.310791 13.998037 122.316284 13.998037 122.316284 14.003367 122.310791 14.003367
R	3	121.618652 14.679254 121.624146 14.684568 121.618652 14.684568 121.618652 14.679254
R	4	122.530518 13.960723 122.525024 13.960723 122.525024 13.955392 122.530518 13.960723
R	5	121.734009 14.173860 121.728516 14.179186 121.728516 14.173860 121.734009 14.173860
R	0	122.722778 13.362899 122.722778 13.325485 122.711792 13.325485 122.711792 13.357554 122.717285 13.357554 122.717285 13.362899 122.722778 13.362899
R	0	121.931763 14.237762 121.931763 14.232438 121.937256 14.232438 121.937256 14.227113 121.942749 14.227113 121.942749 14.221789 121.948242 14.221789 121.948242 14.216464 121.953735 14.216464 121.953735 14.211139 121.959229 14.205814 121.964722 14.205814 121.964722 14.200488 121.970215 14.200488 121.986694 14.184512 121.992188 14.184512 121.992188 14.179186 121.997681 14.179186 121.997681 14.173860 122.008667 14.173860 122.008667 14.163208 122.014160 14.163208 122.014160 14.157882 122.019653 14.157882 122.019653 14.152556 122.030640 14.152556 122.036133 14.147229 122.036133 14.141902 122.041626 14.141902 122.052612 14.131249 122.063599 14.131249 122.069092 14.125922 122.069092 14.120595 122.074585 14.115267 122.080078 14.115267 122.080078 14.109940 122.085571 14.109940 122.091064 14.104613 122.096558 14.104613 122.096558 14.099285 122.107544 14.099285 122.107544 14.093957 122.118530 14.093957 122.118530 14.088629 122.129517 14.088629 122.129517 14.083301 122.135010 14.077973 122.135010 14.072645 122.140503 14.067317 122.151489 14.067317 122.151489 14.061988 122.156982 14.061988 122.156982 14.056659 122.162476 14.056659 122.162476 14.051331 122.167969 14.051331 122.167969 14.046002 122.173462 14.046002 122.173462 14.035344 122.178955 14.035344 122.178955 14.030015 122.184448 14.030015 122.184448 14.024685 122.189941 14.019356 122.189941 14.003367 122.173462 14.003367 122.173462 13.998037 122.167969 13.998037 122.167969 14.003367 122.156982 14.003367 122.156982 14.008696 122.145996 14.008696 122.140503 14.014026 122.135010 14.014026 122.135010 14.019356 122.124023 14.019356 122.124023 14.024685 122.113037 14.024685 122.113037 14.030015 122.107544 14.030015 122.107544 14.040673 122.096558 14.040673 122.096558 14.046002 122.091064 14.046002 122.091064 14.051331 122.085571 14.051331 122.085571 14.056659 122.074585 14.056659 122.069092 14.061988 122.058105 14.061988 122.058105 14.067317 122.052612 14.067317 122.052612 14.077973 122.047119 14.077973 122.047119 14.083301 122.041626 14.083301 122.041626 14.088629 122.030640 14.088629 122.030640 14.093957 122.019653 14.093957 122.019653 14.099285 122.014160 14.099285 122.014160 14.093957 122.008667 14.093957 122.008667 14.104613 122.003174 14.104613 122.003174 14.109940 121.997681 14.109940 121.997681 14.104613 121.992188 14.104613 121.992188 14.109940 121.986694 14.109940 121.986694 14.115267 121.981201 14.115267 121.981201 14.120595 121.975708 14.120595 121.975708 14.125922 121.970215 14.125922 121.970215 14.131249 121.964722 14.131249 121.964722 14.136576 121.959229 14.136576 121.959229 14.147229 121.953735 14.147229 121.953735 14.152556 121.948242 14.152556 121.948242 14.157882 121.942749 14.157882 121.942749 14.168534 121.937256 14.168534 121.937256 14.173860 121.931763 14.179186 121.931763 14.189838 121.920776 14.189838 121.920776 14.195163 121.915283 14.195163 121.915283 14.205814 121.920776 14.211139 121.920776 14.216464 121.926270 14.221789 121.926270 14.237762 121.931763 14.237762
R	0	121.832886 14.934170 121.832886 14.928862 121.827393 14.928862 121.827393 14.934170 121.821899 14.934170 121.821899 14.939477 121.816406 14.934170 121.816406 14.923554 121.805420 14.923554 121.799927 14.934170 121.799927 14.939477 121.805420 14.939477 121.805420 14.950092 121.810913 14.955399 121.810913 14.966013 121.816406 14.966013 121.816406 14.992546 121.821899 14.997852 121.816406 14.997852 121.821899 15.003158 121.832886 15.003158 121.827393 15.008464 121.832886 15.008464 121.832886 15.019075 121.827393 15.019075 121.827393 15.024380 121.832886 15.024380 121.832886 15.034991 121.838379 15.034991 121.838379 15.040296 121.854858 15.040296 121.854858 15.034991 121.860352 15.034991 121.860352 15.029686 121.871338 15.029686 121.876831 15.034991 121.882324 15.034991 121.876831 15.029686 121.887817 15.029686 121.893311 15.034991 121.904297 15.034991 121.898804 15.040296 121.909790 15.040296 121.909790 15.045601 121.920776 15.045601 121.926270 15.050906 121.931763 15.050906 121.931763 15.056210 121.937256 15.056210 121.937256 15.040296 121.942749 15.040296 121.948242 15.045601 121.942749 15.045601 121.942749 15.056210 121.970215 15.056210 121.970215 15.050906 121.975708 15.050906 121.975708 15.040296 121.986694 15.040296 121.986694 15.045601 121.997681 15.045601 122.014160 15.029686 122.019653 15.029686 122.019653 15.019075 122.014160 15.019075 122.014160 15.013769 122.008667 15.013769 122.008667 15.008464 122.025146 15.008464 122.025146 15.013769 122.030640 15.013769 122.030640 15.008464 122.036133 15.008464 122.036133 15.013769 122.041626 15.008464 122.047119 15.008464 122.047119 14.992546 122.052612 14.987240 122.052612 14.976627 122.058105 14.971320 122.052612 14.966013 122.058105 14.966013 122.058105 14.960706 122.052612 14.960706 122.047119 14.960706 122.047119 14.966013 122.041626 14.971320 122.041626 14.981933 122.036133 14.981933 122.036133 14.987240 122.030640 14.987240 122.030640 14.992546 122.014160 14.992546 122.014160 14.987240 122.008667 14.987240 122.008667 14.981933 122.003174 14.981933 122.003174 14.971320 121.997681 14.971320 121.997681 14.966013 121.992188 14.966013 121.992188 14.955399 122.003174 14.955399 122.003174 14.960706 122.014160 14.960706 122.014160 14.955399 122.008667 14.950092 122.008667 14.944785 122.014160 14.944785 122.014160 14.934170 122.019653 14.928862 122.019653 14.918246 122.003174 14.918246 121.997681 14.912938 121.992188 14.912938 121.986694 14.907630 121.981201 14.907630 121.986694 14.902322 121.975708 14.902322 121.975708 14.907630 121.970215 14.912938 121.970215 14.902322 121.964722 14.902322 121.964722 14.886396 121.975708 14.886396 121.970215 14.881087 121.970215 14.875778 121.964722 14.875778 121.964722 14.870469 121.970215 14.870469 121.970215 14.865160 121.975708 14.865160 121.975708 14.859850 121.981201 14.854541 121.981201 14.843921 121.986694 14.843921 121.986694 14.838612 121.992188 14.833302 122.008667 14.833302 122.008667 14.822681 122.014160 14.822681 122.014160 14.817371 122.019653 14.817371 122.019653 14.812060 122.025146 14.812060 122.019653 14.806749 122.019653 14.801439 122.025146 14.801439 122.019653 14.796128 122.025146 14.796128 122.025146 14.769571 122.019653 14.764259 122.025146 14.764259 122.025146 14.748323 122.030640 14.748323 122.030640 14.732386 122.025146 14.732386 122.030640 14.727073 122.030640 14.721761 122.036133 14.721761 122.036133 14.711135 122.030640 14.705822 122.025146 14.705822 122.019653 14.700508 122.019653 14.689881 122.014160 14.684568 122.014160 14.679254 122.008667 14.673940 122.003174 14.673940 122.003174 14.663312 121.997681 14.663312 121.992188 14.657997 121.986694 14.657997 121.986694 14.652683 121.981201 14.652683 121.981201 14.647368 121.975708 14.642054 121.959229 14.642054 121.959229 14.636739 121.953735 14.636739 121.953735 14.631424 121.948242 14.631424 121.948242 14.626109 121.931763 14.626109 121.931763 14.631424 121.926270 14.631424 121.926270 14.636739 121.915283 14.636739 121.915283 14.642054 121.909790 14.647368 121.909790 14.663312 121.904297 14.668626 121.904297 14.721761 121.909790 14.727073 121.909790 14.721761 121.915283 14.721761 121.915283 14.705822 121.937256 14.705822 121.937256 14.732386 121.931763 14.732386 121.931763 14.748323 121.920776 14.758947 121.920776 14.774883 121.915283 14.774883 121.915283 14.790817 121.909790 14.790817 121.909790 14.801439 121.904297 14.806749 121.898804 14.806749 121.898804 14.812060 121.893311 14.812060 121.893311 14.817371 121.887817 14.817371 121.887817 14.827991 121.882324 14.827991 121.882324 14.833302 121.876831 14.833302 121.876831 14.865160 121.871338 14.865160 121.871338 14.881087 121.865845 14.886396 121.865845 14.891705 121.860352 14.891705 121.860352 14.897013 121.854858 14.897013 121.854858 14.907630 121.849365 14.907630 121.849365 14.918246 121.854858 14.918246 121.854858 14.923554 121.843872 14.923554 121.832886 14.934170
R	1	121.832886 14.939477 121.838379 14.939477 121.838379 14.955399 121.821899 14.955399 121.821899 14.950092 121.832886 14.950092 121.832886 14.939477
R	2	121.832886 14.997852 121.827393 14.997852 121.827393 14.992546 121.832886 14.992546 121.838379 14.987240 121.838379 14.997852 121.832886 14.997852
R	3	121.838379 14.987240 121.832886 14.987240 121.832886 14.981933 121.838379 14.987240
R	0	122.211914 14.843921 122.211914 14.833302 122.206421 14.833302 122.206421 14.827991 122.200928 14.822681 122.200928 14.812060 122.189941 14.812060 122.189941 14.806749 122.200928 14.806749 122.200928 14.801439 122.206421 14.801439 122.206421 14.796128 122.217407 14.796128 122.217407 14.790817 122.239380 14.790817 122.239380 14.796128 122.244873 14.796128 122.244873 14.790817 122.255859 14.790817 122.261353 14.785505 122.261353 14.780194 122.255859 14.780194 122.255859 14.774883 122.250366 14.774883 122.250366 14.769571 122.255859 14.769571 122.255859 14.764259 122.261353 14.764259 122.261353 14.737699 122.255859 14.737699 122.255859 14.721761 122.244873 14.721761 122.244873 14.732386 122.239380 14.732386 122.239380 14.743011 122.233887 14.743011 122.233887 14.748323 122.228394 14.748323 122.228394 14.753635 122.206421 14.753635 122.206421 14.758947 122.200928 14.758947 122.200928 14.764259 122.189941 14.764259 122.184448 14.769571 122.178955 14.769571 122.178955 14.774883 122.173462 14.774883 122.162476 14.785505 122.156982 14.785505 122.156982 14.790817 122.145996 14.790817 122.145996 14.796128 122.124023 14.796128 122.118530 14.801439 122.107544 14.801439 122.107544 14.812060 122.102051 14.812060 122.107544 14.817371 122.102051 14.822681 122.102051 14.827991 122.096558 14.827991 122.096558 14.838612 122.102051 14.838612 122.107544 14.833302 122.107544 14.838612 122.118530 14.838612 122.118530 14.833302 122.124023 14.833302 122.124023 14.838612 122.129517 14.838612 122.129517 14.827991 122.145996 14.827991 122.145996 14.833302 122.151489 14.833302 122.151489 14.838612 122.162476 14.838612 122.162476 14.833302 122.167969 14.833302 122.167969 14.838612 122.178955 14.838612 122.178955 14.843921 122.184448 14.843921 122.184448 14.838612 122.195435 14.838612 122.195435 14.833302 122.200928 14.827991 122.200928 14.838612 122.206421 14.838612 122.206421 14.843921 122.211914 14.843921
R	0	122.409668 14.732386 122.409668 14.727073 122.415161 14.727073 122.415161 14.721761 122.420654 14.716448 122.426147 14.716448 122.431641 14.711135 122.437134 14.700508 122.437134 14.695195 122.431641 14.695195 122.431641 14.689881 122.420654 14.689881 122.420654 14.684568 122.393188 14.684568 122.387695 14.679254 122.332764 14.679254 122.332764 14.673940 122.321777 14.673940 122.316284 14.679254 122.305298 14.679254 122.310791 14.684568 122.310791 14.689881 122.321777 14.700508 122.327271 14.700508 122.327271 14.705822 122.332764 14.705822 122.332764 14.711135 122.365723 14.711135 122.365723 14.716448 122.371216 14.716448 122.371216 14.721761 122.376709 14.721761 122.376709 14.727073 122.387695 14.727073 122.387695 14.732386 122.409668 14.732386
R	0	121.827393 14.306969 121.827393 14.301647 121.838379 14.301647 121.838379 14.296324 121.843872 14.296324 121.843872 14.301647 121.849365 14.301647 121.849365 14.285677 121.843872 14.285677 121.843872 14.280354 121.838379 14.280354 121.838379 14.269707 121.832886 14.269707 121.832886 14.259059 121.827393 14.259059 121.827393 14.253735 121.821899 14.248411 121.816406 14.248411 121.816406 14.253735 121.821899 14.253735 121.821899 14.264383 121.816406 14.264383 121.816406 14.269707 121.805420 14.269707 121.805420 14.296324 121.810913 14.296324 121.810913 14.301647 121.821899 14.301647 121.821899 14.306969 121.827393 14.306969
R	0	122.025146 14.881087 122.025146 14.875778 122.047119 14.875778 122.047119 14.870469 122.058105 14.870469 122.069092 14.859850 122.069092 14.854541 122.074585 14.854541 122.074585 14.849231 122.080078 14.849231 122.080078 14.843921 122.085571 14.843921 122.085571 14.838612 122.074585 14.838612 122.074585 14.843921 122.069092 14.843921 122.069092 14.849231 122.047119 14.849231 122.047119 14.838612 122.041626 14.838612 122.041626 14.843921 122.036133 14.843921 122.036133 14.849231 122.030640 14.849231 122.025146 14.843921 122.025146 14.854541 122.019653 14.859850 122.019653 14.865160 122.014160 14.865160 122.014160 14.875778 122.019653 14.875778 122.019653 14.881087 122.025146 14.881087
R	0	122.585449 13.560562 122.596436 13.560562 122.596436 13.555222 122.601929 13.555222 122.607422 13.549881 122.607422 13.544541 122.612915 13.544541 122.612915 13.539201 122.618408 13.539201 122.618408 13.533860 122.629395 13.533860 122.634888 13.528519 122.634888 13.517838 122.629395 13.517838 122.629395 13.512497 122.612915 13.512497 122.612915 13.517838 122.607422 13.517838 122.607422 13.533860 122.601929 13.533860 122.590942 13.544541 122.590942 13.549881 122.585449 13.549881 122.585449 13.560562
R	0	122.151489 14.918246 122.151489 14.912938 122.156982 14.912938 122.156982 14.902322 122.151489 14.902322 122.151489 14.891705 122.145996 14.891705 122.145996 14.897013 122.140503 14.897013 122.140503 14.912938 122.145996 14.918246 122.151489 14.918246
R	0	122.030640 14.445319 122.036133 14.440000 122.041626 14.440000 122.041626 14.413400 122.036133 14.413400 122.036133 14.418720 122.030640 14.424040 122.030640 14.434680 122.025146 14.434680 122.025146 14.440000 122.030640 14.440000 122.030640 14.445319
R	0	122.162476 14.939477 122.156982 14.939477 122.156982 14.934170 122.151489 14.934170 122.145996 14.939477 122.145996 14.944785 122.151489 14.944785 122.151489 14.950092 122.162476 14.950092 122.162476 14.939477
R	0	122.019653 14.902322 122.019653 14.897013 122.014160 14.897013 122.014160 14.891705 122.008667 14.891705 122.008667 14.897013 122.003174 14.897013 122.003174 14.902322 122.019653 14.902322
R	0	122.151489 14.934170 122.151489 14.923554 122.140503 14.923554 122.140503 14.928862 122.145996 14.928862 122.145996 14.934170 122.151489 14.934170
R	0	121.624146 14.663312 121.624146 14.657997 121.618652 14.657997 121.618652 14.663312 121.624146 14.663312
R	0	122.052612 14.955399 122.058105 14.955399 122.058105 14.950092 122.052612 14.950092 122.052612 14.955399
R	0	122.019653 14.960706 122.014160 14.960706 122.014160 14.966013 122.019653 14.966013 122.019653 14.960706
R	0	122.579956 13.565902 122.585449 13.565902 122.585449 13.560562 122.579956 13.560562 122.579956 13.565902
R	0	121.613159 13.896744 121.618652 13.896744 121.618652 13.891411 121.613159 13.891411 121.613159 13.896744
R	0	122.025146 14.902322 122.019653 14.902322 122.019653 14.907630 122.025146 14.902322
R	0	121.827393 13.896744 121.827393 13.891411 121.821899 13.891411 121.827393 13.896744
R	0	122.167969 14.152556 122.162476 14.157882 122.167969 14.157882 122.167969 14.152556
P	0405800000	Rizal
R	0	121.333008 14.833302 121.448364 14.594216 121.382446 14.338904 121.371460 14.338904 121.360474 14.333582 121.349487 14.322937 121.349487 14.317615 121.343994 14.317615 121.343994 14.312292 121.333008 14.312292 121.333008 14.301647 121.327515 14.301647 121.327515 14.296324 121.322021 14.296324 121.322021 14.291001 121.316528 14.291001 121.316528 14.285677 121.311035 14.285677 121.305542 14.291001 121.305542 14.328260 121.322021 14.344226 121.322021 14.365513 121.327515 14.365513 121.322021 14.370834 121.327515 14.370834 121.327515 14.376155 121.333008 14.381476 121.333008 14.402759 121.338501 14.402759 121.338501 14.429360 121.333008 14.429360 121.333008 14.434680 121.327515 14.434680 121.327515 14.461277 121.322021 14.461277 121.322021 14.466596 121.305542 14.466596 121.300049 14.471915 121.305542 14.471915 121.305542 14.482553 121.278076 14.482553 121.278076 14.493190 121.272583 14.498508 121.272583 14.503826 121.256104 14.503826 121.256104 14.498508 121.245117 14.498508 121.245117 14.503826 121.239624 14.503826 121.239624 14.493190 121.234131 14.487871 121.234131 14.482553 121.239624 14.482553 121.239624 14.477234 121.234131 14.477234 121.234131 14.471915 121.228638 14.471915 121.228638 14.477234 121.223145 14.477234 121.217651 14.471915 121.217651 14.461277 121.223145 14.461277 121.223145 14.434680 121.217651 14.429360 121.223145 14.429360 121.223145 14.424040 121.228638 14.418720 121.228638 14.402759 121.234131 14.397439 121.234131 14.370834 121.239624 14.365513 121.239624 14.349548 121.245117 14.349548 121.250610 14.344226 121.250610 14.349548 121.261597 14.338904 121.267090 14.338904 121.267090 14.333582 121.245117 14.333582 121.245117 14.328260 121.239624 14.328260 121.239624 14.317615 121.245117 14.312292 121.245117 14.306969 121.239624 14.306969 121.239624 14.285677 121.234131 14.285677 121.234131 14.296324 121.228638 14.301647 121.234131 14.301647 121.228638 14.306969 121.228638 14.312292 121.223145 14.312292 121.223145 14.333582 121.217651 14.333582 121.217651 14.344226 121.212158 14.349548 121.217651 14.349548 121.217651 14.365513 121.223145 14.365513 121.223145 14.381476 121.217651 14.381476 121.223145 14.386797 121.217651 14.386797 121.217651 14.392118 121.223145 14.392118 121.223145 14.418720 121.217651 14.418720 121.217651 14.413400 121.212158 14.413400 121.212158 14.418720 121.206665 14.418720 121.206665 14.429360 121.212158 14.429360 121.212158 14.434680 121.206665 14.434680 121.206665 14.440000 121.201172 14.440000 121.201172 14.450639 121.195679 14.450639 121.195679 14.461277 121.190186 14.461277 121.184692 14.466596 121.184692 14.471915 121.190186 14.471915 121.190186 14.477234 121.184692 14.482553 121.184692 14.487871 121.179199 14.487871 121.173706 14.493190 121.173706 14.498508 121.168213 14.498508 121.168213 14.509144 121.162720 14.509144 121.162720 14.514462 121.157227 14.514462 121.157227 14.519780 121.151733 14.519780 121.146240 14.514462 121.146240 14.519780 121.140747 14.519780 121.140747 14.525098 121.146240 14.525098 121.140747 14.530415 121.140747 14.535733 121.129761 14.535733 121.129761 14.530415 121.124268 14.535733 121.124268 14.530415 121.118774 14.530415 121.118774 14.514462 121.107788 14.514462 121.102295 14.519780 121.102295 14.535733 121.107788 14.535733 121.107788 14.551684 121.096802 14.557001 121.096802 14.567634 121.102295 14.578267 121.107788 14.578267 121.107788 14.588900 121.102295 14.588900 121.102295 14.594216 121.107788 14.594216 121.107788 14.604847 121.102295 14.610163 121.102295 14.626109 121.107788 14.636739 121.129761 14.636739 121.129761 14.642054 121.135254 14.652683 121.129761 14.663312 121.129761 14.668626 121.118774 14.668626 121.118774 14.673940 121.113281 14.673940 121.113281 14.668626 121.107788 14.668626 121.107788 14.679254 121.113281 14.684568 121.113281 14.700508 121.118774 14.695195 121.118774 14.700508 121.124268 14.711135 121.124268 14.721761 121.129761 14.721761 121.129761 14.727073 121.118774 14.727073 121.118774 14.732386 121.124268 14.732386 121.124268 14.737699 121.118774 14.737699 121.118774 14.753635 121.124268 14.758947 121.124268 14.769571 121.129761 14.769571 121.135254 14.774883 121.135254 14.780194 121.129761 14.774883 121.118774 14.774883 121.107788 14.764259 121.102295 14.764259 121.102295 14.769571 121.107788 14.769571 121.107788 14.774883 121.118774 14.785505 121.124268 14.785505 121.129761 14.790817 121.124268 14.796128 121.129761 14.796128 121.129761 14.801439 121.140747 14.801439 121.162720 14.812060 121.162720 14.822681 121.195679 14.822681 121.195679 14.817371 121.212158 14.817371 121.217651 14.822681 121.217651 14.817371 121.223145 14.817371 121.223145 14.833302 121.333008 14.833302
P	0500500000	Albay
R	0	123.859863 13.250640 123.865356 13.245293 123.865356 13.239945 123.865356 13.234598 123.870850 13.234598 123.870850 13.229251 123.876343 13.229251 123.876343 13.223904 123.870850 13.223904 123.865356 13.229251 123.859863 13.223904 123.837891 13.223904 123.837891 13.229251 123.815918 13.229251 123.815918 13.234598 123.804932 13.234598 123.804932 13.239945 123.799438 13.239945 123.799438 13.234598 123.793945 13.234598 123.793945 13.239945 123.788452 13.239945 123.788452 13.234598 123.777466 13.234598 123.777466 13.229251 123.771973 13.223904 123.771973 13.218556 123.766479 13.218556 123.766479 13.207860 123.760986 13.202513 123.760986 13.191816 123.755493 13.186468 123.755493 13.143678 123.760986 13.143678 123.760986 13.132979 123.766479 13.132979 123.766479 13.127629 123.777466 13.127629 123.782959 13.122280 123.782959 13.116930 123.788452 13.116930 123.782959 13.111580 123.782959 13.106230 123.777466 13.100880 123.777466 13.090179 123.755493 13.090179 123.755493 13.079478 123.760986 13.079478 123.760986 13.074128 123.766479 13.074128 123.766479 13.068777 123.760986 13.068777 123.760986 13.063426 123.755493 13.063426 123.755493 13.058075 123.766479 13.058075 123.766479 13.052724 123.777466 13.052724 123.777466 13.047372 123.804932 13.047372 123.804932 13.052724 123.810425 13.052724 123.810425 13.063426 123.821411 13.063426 123.821411 13.074128 123.826904 13.074128 123.832397 13.079478 123.837891 13.079478 123.837891 13.111580 123.848877 13.111580 123.848877 13.106230 123.854370 13.106230 123.854370 13.111580 123.859863 13.111580 123.859863 13.116930 123.865356 13.116930 123.865356 13.127629 123.859863 13.132979 123.865356 13.138328 123.876343 13.138328 123.881836 13.143678 123.892822 13.143678 123.892822 13.138328 123.909302 13.138328 123.909302 13.122280 123.925781 13.122280 123.931274 13.111580 123.766479 12.988500 123.486328 12.993853 123.480835 12.988500 123.475342 12.993853 123.469849 12.993853 123.469849 12.999205 123.464355 12.999205 123.464355 13.004558 123.458862 13.004558 123.458862 13.015262 123.453369 13.015262 123.453369 13.025966 123.442383 13.025966 123.442383 13.031318 123.431396 13.031318 123.431396 13.036669 123.425903 13.036669 123.425903 13.042021 123.409424 13.042021 123.409424 13.047372 123.403931 13.047372 123.398438 13.042021 123.392944 13.042021 123.392944 13.036669 123.387451 13.036669 123.387451 13.042021 123.376465 13.036669 123.370972 13.036669 123.370972 13.025966 123.365479 13.025966 123.359985 13.020614 123.354492 13.020614 123.348999 13.015262 123.332520 13.015262 123.332520 13.009910 123.327026 13.009910 123.321533 13.004558 123.321533 13.009910 123.316040 13.009910 123.316040 13.015262 123.310547 13.020614 123.310547 13.025966 123.305054 13.025966 123.305054 13.036669 123.299561 13.036669 123.305054 13.042021 123.305054 13.047372 123.299561 13.047372 123.299561 13.052724 123.294067 13.058075 123.288574 13.058075 123.288574 13.052724 123.283081 13.052724 123.283081 13.058075 123.288574 13.063426 123.294067 13.074128 123.294067 13.100880 123.288574 13.106230 123.288574 13.116930 123.294067 13.116930 123.294067 13.138328 123.288574 13.138328 123.288574 13.149027 123.294067 13.149027 123.305054 13.159725 123.305054 13.165074 123.310547 13.165074 123.310547 13.170423 123.305054 13.170423 123.305054 13.186468 123.310547 13.186468 123.310547 13.191816 123.316040 13.191816 123.316040 13.186468 123.321533 13.191816 123.327026 13.191816 123.327026 13.202513 123.321533 13.202513 123.321533 13.207860 123.316040 13.213208 123.316040 13.223904 123.310547 13.223904 123.310547 13.229251 123.305054 13.234598 123.305054 13.239945 123.299561 13.239945 123.299561 13.245293 123.294067 13.250640 123.294067 13.255986 123.283081 13.255986 123.283081 13.261333 123.354492 13.304103 123.370972 13.336175 123.574219 13.362899 123.601685 13.523179 123.601685 13.517838 123.607178 13.512497 123.612671 13.512497 123.612671 13.507155 123.618164 13.501814 123.618164 13.496473 123.623657 13.496473 123.623657 13.491131 123.634644 13.491131 123.634644 13.485790 123.645630 13.485790 123.651123 13.480448 123.678589 13.480448 123.678589 13.475106 123.684082 13.469764 123.684082 13.459080 123.689575 13.459080 123.689575 13.453737 123.695068 13.453737 123.695068 13.448395 123.700562 13.448395 123.700562 13.432367 123.706055 13.427024 123.706055 13.421681 123.711548 13.421681 123.711548 13.416337 123.717041 13.405651 123.717041 13.400307 123.722534 13.394963 123.722534 13.389620 123.728027 13.389620 123.728027 13.384276 123.733521 13.378932 123.728027 13.378932 123.728027 13.368243 123.739014 13.368243 123.739014 13.330830 123.744507 13.330830 123.744507 13.325485 123.760986 13.325485 123.760986 13.320140 123.766479 13.320140 123.771973 13.314794 123.777466 13.314794 123.777466 13.309449 123.782959 13.309449 123.782959 13.298757 123.804932 13.298757 123.804932 13.293411 123.810425 13.293411 123.810425 13.288065 123.815918 13.288065 123.815918 13.250640 123.821411 13.250640 123.821411 13.245293 123.826904 13.245293 123.826904 13.239945 123.832397 13.239945 123.832397 13.250640 123.826904 13.250640 123.826904 13.266680 123.843384 13.266680 123.843384 13.261333 123.848877 13.261333 123.848877 13.245293 123.859863 13.245293 123.859863 13.250640
R	0	123.782959 13.127629 123.777466 13.127629 123.782959 13.132979 123.782959 13.127629
R	0	123.980713 13.282719 123.975220 13.282719 123.975220 13.293411 123.980713 13.293411 123.980713 13.282719
R	0	123.739014 13.373588 123.744507 13.368243 123.739014 13.368243 123.739014 13.373588
R	0	124.090576 13.261333 124.085083 13.261333 124.085083 13.255986 124.079590 13.255986 124.074097 13.250640 124.063110 13.250640 124.063110 13.245293 124.068604 13.245293 124.068604 13.239945 124.063110 13.239945 124.063110 13.234598 124.057617 13.229251 124.046631 13.229251 124.046631 13.223904 124.041138 13.223904 124.041138 13.218556 124.008179 13.218556 124.002686 13.223904 123.991699 13.223904 123.991699 13.234598 123.964233 13.234598 123.964233 13.229251 123.958740 13.229251 123.953247 13.234598 123.947754 13.234598 123.947754 13.239945 123.942261 13.239945 123.942261 13.245293 123.936768 13.245293 123.936768 13.250640 123.931274 13.250640 123.931274 13.255986 123.925781 13.255986 123.925781 13.261333 123.914795 13.261333 123.914795 13.277373 123.920288 13.277373 123.920288 13.282719 123.909302 13.282719 123.909302 13.288065 123.953247 13.288065 123.958740 13.282719 123.975220 13.282719 123.975220 13.277373 123.980713 13.277373 123.980713 13.272026 123.986206 13.266680 123.980713 13.261333 123.991699 13.261333 123.991699 13.266680 123.997192 13.266680 123.997192 13.288065 124.008179 13.288065 124.008179 13.282719 124.019165 13.282719 124.019165 13.277373 124.024658 13.277373 124.024658 13.272026 124.030151 13.272026 124.030151 13.266680 124.024658 13.266680 124.024658 13.261333 124.030151 13.261333 124.030151 13.255986 124.035645 13.261333 124.041138 13.261333 124.035645 13.266680 124.046631 13.266680 124.046631 13.272026 124.041138 13.272026 124.041138 13.277373 124.057617 13.277373 124.063110 13.272026 124.079590 13.272026 124.079590 13.266680 124.090576 13.266680 124.090576 13.261333
R	0	124.140015 13.234598 124.140015 13.229251 124.161987 13.229251 124.161987 13.223904 124.172974 13.223904 124.178467 13.218556 124.178467 13.223904 124.183960 13.218556 124.189453 13.218556 124.189453 13.213208 124.194946 13.218556 124.194946 13.213208 124.205933 13.213208 124.205933 13.207860 124.211426 13.207860 124.211426 13.197165 124.216919 13.197165 124.216919 13.175771 124.211426 13.170423 124.200439 13.170423 124.200439 13.175771 124.194946 13.175771 124.194946 13.170423 124.183960 13.170423 124.183960 13.175771 124.178467 13.170423 124.178467 13.175771 124.167480 13.175771 124.167480 13.181120 124.151001 13.181120 124.151001 13.186468 124.140015 13.186468 124.140015 13.191816 124.134521 13.186468 124.101562 13.186468 124.101562 13.191816 124.090576 13.191816 124.085083 13.197165 124.079590 13.197165 124.079590 13.202513 124.068604 13.202513 124.068604 13.213208 124.090576 13.213208 124.090576 13.218556 124.107056 13.218556 124.107056 13.223904 124.123535 13.223904 124.123535 13.234598 124.140015 13.234598
R	0	123.936768 13.320140 123.931274 13.314794 123.931274 13.320140 123.936768 13.320140
R	0	124.090576 13.261333 124.096069 13.261333 124.101562 13.255986 124.090576 13.255986 124.090576 13.261333
R	0	123.859863 13.250640 123.859863 13.255986 123.854370 13.255986 123.854370 13.266680 123.848877 13.266680 123.848877 13.272026 123.837891 13.272026 123.843384 13.277373 123.848877 13.277373 123.848877 13.298757 123.854370 13.304103 123.854370 13.314794 123.859863 13.314794 123.859863 13.320140 123.854370 13.325485 123.848877 13.325485 123.848877 13.330830 123.843384 13.336175 123.843384 13.341520 123.837891 13.341520 123.832397 13.341520 123.832397 13.346865 123.826904 13.346865 123.826904 13.352210 123.815918 13.352210 123.810425 13.357554 123.804932 13.357554 123.804932 13.362899 123.799438 13.362899 123.799438 13.368243 123.793945 13.368243 123.793945 13.378932 123.782959 13.378932 123.782959 13.384276 123.777466 13.384276 123.777466 13.389620 123.771973 13.389620 123.771973 13.394963 123.766479 13.400307 123.766479 13.405651 123.771973 13.400307 123.788452 13.400307 123.788452 13.394963 123.810425 13.394963 123.810425 13.389620 123.815918 13.389620 123.815918 13.384276 123.821411 13.384276 123.821411 13.373588 123.826904 13.373588 123.826904 13.368243 123.843384 13.368243 123.843384 13.373588 123.848877 13.373588 123.848877 13.362899 123.843384 13.362899 123.843384 13.357554 123.837891 13.357554 123.837891 13.346865 123.843384 13.346865 123.843384 13.352210 123.859863 13.352210 123.859863 13.346865 123.865356 13.346865 123.865356 13.352210 123.870850 13.352210 123.870850 13.341520 123.881836 13.341520 123.881836 13.346865 123.887329 13.346865 123.887329 13.341520 123.892822 13.341520 123.892822 13.336175 123.898315 13.336175 123.898315 13.341520 123.903809 13.341520 123.909302 13.336175 123.909302 13.330830 123.925781 13.330830 123.925781 13.325485 123.931274 13.325485 123.931274 13.320140 123.925781 13.320140 123.925781 13.314794 123.920288 13.309449 123.920288 13.304103 123.914795 13.304103 123.914795 13.309449 123.909302 13.309449 123.909302 13.304103 123.903809 13.304103 123.903809 13.293411 123.892822 13.293411 123.892822 13.282719 123.887329 13.282719 123.887329 13.266680 123.892822 13.266680 123.892822 13.255986 123.898315 13.255986 123.903809 13.250640 123.903809 13.245293 123.909302 13.245293 123.909302 13.234598 123.903809 13.234598 123.903809 13.239945 123.898315 13.239945 123.898315 13.234598 123.892822 13.234598 123.892822 13.229251 123.887329 13.229251 123.887329 13.223904 123.881836 13.223904 123.881836 13.229251 123.876343 13.229251 123.870850 13.234598 123.870850 13.255986 123.865356 13.255986 123.865356 13.250640 123.859863 13.250640
R	0	123.936768 13.320140 123.936768 13.325485 123.942261 13.320140 123.947754 13.320140 123.942261 13.314794 123.947754 13.309449 123.947754 13.304103 123.925781 13.304103 123.925781 13.309449 123.931274 13.309449 123.931274 13.314794 123.936768 13.314794 123.936768 13.320140
P	0501600000	Camarines Norte
R	0	122.915039 14.216464 122.920532 14.221789 122.920532 14.205814 122.926025 14.205814 122.926025 14.200488 122.931519 14.200488 122.931519 14.195163 122.926025 14.195163 122.931519 14.189838 122.942505 14.189838 122.942505 14.173860 122.947998 14.173860 122.947998 14.168534 122.953491 14.163208 122.958984 14.163208 122.958984 14.157882 122.964478 14.157882 122.964478 14.152556 122.969971 14.152556 122.969971 14.147229 122.980957 14.147229 122.980957 14.136576 122.986450 14.136576 122.986450 14.131249 122.997437 14.120595 123.002930 14.120595 123.002930 14.115267 123.008423 14.109940 123.008423 14.099285 123.013916 14.099285 123.013916 14.104613 123.019409 14.104613 123.019409 14.109940 123.030396 14.109940 123.030396 14.099285 123.041382 14.099285 123.041382 14.088629 123.046875 14.083301 123.046875 14.067317 123.030396 14.067317 123.030396 14.030015 123.035889 14.024685 123.041382 14.024685 123.041382 14.014026 123.046875 14.014026 123.046875 14.003367 123.052368 14.003367 123.052368 13.998037 123.057861 13.998037 123.057861 13.992706 123.068848 13.992706 123.068848 13.987376 123.079834 13.987376 123.079834 13.982046 123.085327 13.982046 123.085327 13.960723 123.079834 13.960723 123.079834 13.955392 123.085327 13.950061 123.085327 13.923404 123.090820 13.923404 123.090820 13.896744 123.096313 13.896744 123.096313 13.886079 123.090820 13.886079 123.090820 13.880746 123.085327 13.880746 123.085327 13.875413 123.079834 13.870080 123.079834 13.880746 123.074341 13.880746 123.074341 13.875413 123.068848 13.875413 123.068848 13.870080 123.063354 13.864747 123.063354 13.854081 123.057861 13.854081 123.057861 13.848747 123.063354 13.848747 123.063354 13.843414 123.057861 13.843414 123.063354 13.838080 122.794189 14.014026 122.706299 14.046002 122.684326 14.056659 122.431641 14.115267 122.431641 14.109940 122.420654 14.109940 122.420654 14.099285 122.415161 14.099285 122.415161 14.093957 122.409668 14.093957 122.338257 14.061988 122.321777 14.061988 122.321777 14.067317 122.316284 14.067317 122.316284 14.061988 122.310791 14.067317 122.305298 14.067317 122.305298 14.072645 122.299805 14.072645 122.299805 14.088629 122.305298 14.088629 122.305298 14.104613 122.332764 14.104613 122.332764 14.109940 122.338257 14.115267 122.349243 14.115267 122.349243 14.125922 122.354736 14.125922 122.354736 14.136576 122.349243 14.136576 122.349243 14.141902 122.343750 14.141902 122.343750 14.147229 122.338257 14.152556 122.338257 14.168534 122.332764 14.168534 122.338257 14.173860 122.338257 14.189838 122.332764 14.189838 122.332764 14.200488 122.338257 14.200488 122.343750 14.205814 122.349243 14.205814 122.349243 14.211139 122.343750 14.216464 122.349243 14.216464 122.349243 14.221789 122.354736 14.221789 122.354736 14.216464 122.365723 14.216464 122.371216 14.211139 122.376709 14.211139 122.382202 14.216464 122.382202 14.221789 122.376709 14.221789 122.376709 14.227113 122.371216 14.227113 122.365723 14.232438 122.365723 14.243087 122.360229 14.243087 122.360229 14.253735 122.371216 14.253735 122.371216 14.259059 122.376709 14.259059 122.376709 14.269707 122.382202 14.275030 122.382202 14.285677 122.387695 14.285677 122.393188 14.280354 122.398682 14.280354 122.404175 14.285677 122.409668 14.285677 122.415161 14.291001 122.415161 14.306969 122.420654 14.306969 122.426147 14.306969 122.426147 14.301647 122.437134 14.301647 122.437134 14.306969 122.431641 14.306969 122.431641 14.317615 122.437134 14.317615 122.442627 14.312292 122.442627 14.322937 122.448120 14.322937 122.448120 14.317615 122.459106 14.317615 122.459106 14.322937 122.453613 14.322937 122.453613 14.328260 122.464600 14.328260 122.464600 14.333582 122.470093 14.333582 122.470093 14.338904 122.475586 14.338904 122.475586 14.328260 122.486572 14.328260 122.492065 14.333582 122.492065 14.338904 122.503052 14.338904 122.503052 14.328260 122.508545 14.328260 122.508545 14.317615 122.525024 14.317615 122.525024 14.322937 122.519531 14.328260 122.514038 14.328260 122.514038 14.338904 122.508545 14.338904 122.508545 14.344226 122.519531 14.344226 122.525024 14.344226 122.525024 14.333582 122.530518 14.338904 122.546997 14.338904 122.546997 14.333582 122.552490 14.333582 122.552490 14.328260 122.568970 14.328260 122.568970 14.322937 122.585449 14.322937 122.585449 14.317615 122.601929 14.317615 122.612915 14.312292 122.601929 14.312292 122.601929 14.306969 122.596436 14.306969 122.596436 14.301647 122.601929 14.301647 122.601929 14.296324 122.612915 14.296324 122.612915 14.291001 122.629395 14.291001 122.629395 14.285677 122.640381 14.285677 122.640381 14.296324 122.645874 14.301647 122.651367 14.301647 122.651367 14.296324 122.656860 14.296324 122.656860 14.291001 122.662354 14.291001 122.662354 14.301647 122.667847 14.301647 122.667847 14.296324 122.673340 14.296324 122.673340 14.291001 122.678833 14.291001 122.678833 14.285677 122.684326 14.285677 122.684326 14.280354 122.689819 14.280354 122.695312 14.285677 122.689819 14.285677 122.689819 14.296324 122.684326 14.296324 122.684326 14.301647 122.678833 14.301647 122.678833 14.312292 122.673340 14.312292 122.673340 14.328260 122.667847 14.328260 122.667847 14.338904 122.684326 14.338904 122.684326 14.344226 122.689819 14.344226 122.689819 14.338904 122.717285 14.338904 122.717285 14.328260 122.711792 14.328260 122.711792 14.317615 122.717285 14.317615 122.717285 14.312292 122.739258 14.312292 122.739258 14.317615 122.744751 14.317615 122.744751 14.328260 122.761230 14.328260 122.761230 14.322937 122.766724 14.317615 122.766724 14.322937 122.772217 14.322937 122.772217 14.317615 122.777710 14.317615 122.777710 14.312292 122.783203 14.312292 122.783203 14.306969 122.788696 14.306969 122.788696 14.312292 122.794189 14.312292 122.794189 14.296324 122.788696 14.296324 122.783203 14.291001 122.788696 14.285677 122.788696 14.280354 122.794189 14.280354 122.794189 14.285677 122.799683 14.285677 122.799683 14.291001 122.805176 14.291001 122.805176 14.280354 122.799683 14.280354 122.799683 14.275030 122.821655 14.275030 122.821655 14.280354 122.827148 14.285677 122.843628 14.285677 122.843628 14.280354 122.849121 14.280354 122.854614 14.275030 122.854614 14.269707 122.865601 14.269707 122.865601 14.264383 122.871094 14.259059 122.871094 14.253735 122.876587 14.253735 122.876587 14.248411 122.882080 14.248411 122.882080 14.237762 122.887573 14.237762 122.893066 14.232438 122.893066 14.227113 122.904053 14.227113 122.904053 14.221789 122.904053 14.216464 122.909546 14.216464 122.909546 14.205814 122.915039 14.205814 122.915039 14.216464
R	1	122.349243 14.200488 122.349243 14.195163 122.343750 14.195163 122.343750 14.184512 122.354736 14.184512 122.354736 14.200488 122.349243 14.200488
R	2	122.904053 14.200488 122.893066 14.200488 122.893066 14.195163 122.904053 14.195163 122.904053 14.200488
R	3	122.915039 14.200488 122.915039 14.195163 122.920532 14.195163 122.920532 14.200488 122.915039 14.200488
R	4	122.909546 14.195163 122.909546 14.189838 122.915039 14.189838 122.915039 14.195163 122.909546 14.195163
R	5	122.904053 14.200488 122.909546 14.195163 122.909546 14.200488 122.904053 14.200488
R	6	122.349243 14.205814 122.354736 14.205814 122.354736 14.211139 122.349243 14.205814
R	7	122.898560 14.221789 122.898560 14.216464 122.904053 14.216464 122.898560 14.221789
R	8	122.898560 14.221789 122.893066 14.221789 122.893066 14.216464 122.898560 14.221789
R	0	122.958984 14.493190 122.958984 14.487871 122.953491 14.487871 122.953491 14.477234 122.947998 14.477234 122.947998 14.471915 122.958984 14.471915 122.958984 14.466596 122.937012 14.466596 122.942505 14.461277 122.942505 14.450639 122.937012 14.445319 122.931519 14.445319 122.931519 14.450639 122.937012 14.450639 122.937012 14.455958 122.920532 14.455958 122.920532 14.450639 122.915039 14.445319 122.898560 14.445319 122.898560 14.455958 122.909546 14.455958 122.909546 14.461277 122.920532 14.461277 122.920532 14.466596 122.926025 14.471915 122.926025 14.466596 122.931519 14.466596 122.931519 14.471915 122.937012 14.471915 122.937012 14.482553 122.942505 14.487871 122.947998 14.487871 122.947998 14.493190 122.958984 14.493190
R	0	123.112793 14.046002 123.112793 14.030015 123.107300 14.030015 123.107300 14.035344 123.096313 14.035344 123.096313 14.046002 123.112793 14.046002
R	0	122.969971 14.408080 122.953491 14.408080 122.953491 14.413400 122.947998 14.413400 122.942505 14.418720 122.942505 14.424040 122.937012 14.429360 122.931519 14.424040 122.931519 14.429360 122.926025 14.429360 122.926025 14.434680 122.937012 14.434680 122.937012 14.440000 122.942505 14.440000 122.942505 14.429360 122.947998 14.429360 122.947998 14.424040 122.953491 14.424040 122.953491 14.418720 122.958984 14.418720 122.964478 14.413400 122.964478 14.418720 122.969971 14.418720 122.969971 14.413400 122.975464 14.413400 122.975464 14.408080 122.969971 14.408080
R	0	123.063354 14.131249 123.063354 14.125922 123.068848 14.131249 123.068848 14.099285 123.063354 14.099285 123.063354 14.109940 123.057861 14.109940 123.057861 14.125922 123.052368 14.125922 123.052368 14.131249 123.063354 14.131249
R	0	123.112793 14.077973 123.096313 14.077973 123.096313 14.083301 123.101807 14.083301 123.101807 14.088629 123.107300 14.088629 123.107300 14.083301 123.112793 14.083301 123.112793 14.077973
R	0	122.805176 14.418720 122.810669 14.413400 122.810669 14.408080 122.816162 14.408080 122.816162 14.397439 122.821655 14.397439 122.821655 14.386797 122.816162 14.386797 122.810669 14.392118 122.810669 14.397439 122.805176 14.397439 122.805176 14.418720
R	0	122.640381 14.296324 122.629395 14.296324 122.629395 14.322937 122.634888 14.317615 122.634888 14.301647 122.640381 14.301647 122.640381 14.296324
R	0	122.420654 14.312292 122.415161 14.312292 122.420654 14.317615 122.420654 14.312292
R	0	122.525024 14.349548 122.519531 14.344226 122.519531 14.349548 122.525024 14.349548
R	0	123.112793 14.077973 123.118286 14.077973 123.118286 14.072645 123.112793 14.072645 123.112793 14.077973
R	0	122.656860 14.306969 122.651367 14.306969 122.651367 14.312292 122.656860 14.312292 122.656860 14.306969
R	0	122.656860 14.306969 122.662354 14.301647 122.656860 14.301647 122.656860 14.306969
R	0	122.969971 14.408080 122.975464 14.402759 122.969971 14.402759 122.969971 14.408080
R	0	122.915039 14.216464 122.909546 14.221789 122.915039 14.221789 122.915039 14.216464
P	0501700000	Camarines Sur
R	0	123.348999 14.088629 123.343506 14.088629 123.343506 14.083301 123.338013 14.083301 123.338013 14.088629 123.327026 14.088629 123.327026 14.093957 123.338013 14.093957 123.338013 14.099285 123.343506 14.099285 123.343506 14.093957 123.348999 14.093957 123.348999 14.088629
R	0	123.601685 13.950061 123.601685 13.955392 123.607178 13.955392 123.607178 13.950061 123.601685 13.950061
R	0	123.596191 13.907408 123.590698 13.907408 123.590698 13.912740 123.596191 13.907408
R	0	123.563232 13.955392 123.568726 13.950061 123.563232 13.950061 123.563232 13.955392
R	0	123.502808 13.939399 123.497314 13.939399 123.497314 13.944730 123.502808 13.944730 123.502808 13.939399
R	0	123.601685 13.923404 123.596191 13.923404 123.601685 13.918072 123.596191 13.918072 123.590698 13.923404 123.585205 13.923404 123.579712 13.928736 123.579712 13.934067 123.585205 13.934067 123.585205 13.928736 123.596191 13.928736 123.601685 13.923404
R	0	123.832397 13.976715 123.832397 13.971385 123.837891 13.971385 123.837891 13.966054 123.832397 13.966054 123.832397 13.950061 123.837891 13.950061 123.837891 13.944730 123.832397 13.944730 123.832397 13.928736 123.837891 13.928736 123.837891 13.923404 123.832397 13.923404 123.837891 13.918072 123.837891 13.891411 123.826904 13.891411 123.826904 13.912740 123.815918 13.912740 123.815918 13.923404 123.810425 13.923404 123.810425 13.928736 123.815918 13.928736 123.815918 13.939399 123.810425 13.944730 123.815918 13.944730 123.815918 13.950061 123.821411 13.950061 123.821411 13.955392 123.815918 13.955392 123.815918 13.966054 123.821411 13.966054 123.821411 13.971385 123.815918 13.976715 123.821411 13.976715 123.826904 13.971385 123.826904 13.976715 123.832397 13.976715
R	0	123.316040 14.125922 123.316040 14.120595 123.321533 14.115267 123.321533 14.109940 123.327026 14.109940 123.327026 14.099285 123.321533 14.099285 123.321533 14.088629 123.316040 14.088629 123.316040 14.099285 123.310547 14.099285 123.310547 14.104613 123.305054 14.109940 123.305054 14.115267 123.294067 14.115267 123.294067 14.120595 123.288574 14.120595 123.288574 14.125922 123.316040 14.125922
R	0	123.563232 13.987376 123.568726 13.987376 123.574219 13.982046 123.579712 13.982046 123.579712 13.976715 123.574219 13.976715 123.574219 13.971385 123.568726 13.971385 123.568726 13.976715 123.563232 13.987376
R	0	123.788452 13.880746 123.777466 13.880746 123.777466 13.886079 123.782959 13.886079 123.782959 13.891411 123.788452 13.891411 123.788452 13.880746
R	0	123.859863 13.960723 123.865356 13.960723 123.865356 13.955392 123.870850 13.955392 123.870850 13.950061 123.859863 13.950061 123.859863 13.960723
R	0	123.804932 13.848747 123.799438 13.843414 123.799438 13.848747 123.804932 13.848747
R	0	123.848877 13.870080 123.848877 13.864747 123.843384 13.864747 123.843384 13.870080 123.848877 13.870080
R	0	123.854370 13.870080 123.848877 13.870080 123.848877 13.880746 123.854370 13.880746 123.854370 13.870080
R	0	123.645630 13.976715 123.645630 13.971385 123.640137 13.971385 123.640137 13.982046 123.645630 13.982046 123.645630 13.976715
R	0	123.788452 13.880746 123.793945 13.880746 123.793945 13.870080 123.788452 13.870080 123.788452 13.880746
R	0	122.810669 13.645987 122.799683 13.645987 122.799683 13.651325 122.805176 13.651325 122.810669 13.645987
R	0	123.568726 13.944730 123.574219 13.939399 123.574219 13.934067 123.568726 13.934067 123.568726 13.944730
R	0	123.563232 13.987376 123.552246 13.987376 123.552246 13.992706 123.557739 13.992706 123.563232 13.987376
R	0	123.925781 13.726045 123.931274 13.726045 123.931274 13.720708 123.925781 13.720708 123.925781 13.726045
R	0	123.859863 13.960723 123.854370 13.960723 123.854370 13.966054 123.859863 13.966054 123.859863 13.960723
R	0	123.574219 13.971385 123.579712 13.971385 123.579712 13.966054 123.574219 13.966054 123.574219 13.971385
R	0	123.370972 14.040673 123.376465 14.040673 123.376465 14.035344 123.370972 14.035344 123.370972 14.040673
R	0	123.579712 13.987376 123.579712 13.982046 123.574219 13.987376 123.579712 13.987376
R	0	123.711548 13.939399 123.706055 13.939399 123.706055 13.944730 123.711548 13.939399
R	0	123.645630 13.976715 123.651123 13.976715 123.651123 13.971385 123.645630 13.976715
R	0	123.370972 14.040673 123.365479 14.035344 123.365479 14.040673 123.370972 14.040673
R	0	123.601685 13.923404 123.607178 13.923404 123.607178 13.928736 123.601685 13.928736 123.596191 13.934067 123.601685 13.934067 123.601685 13.944730 123.607178 13.944730 123.612671 13.950061 123.618164 13.950061 123.618164 13.939399 123.623657 13.939399 123.623657 13.944730 123.623657 13.950061 123.618164 13.955392 123.623657 13.955392 123.623657 13.960723 123.629150 13.960723 123.629150 13.955392 123.634644 13.955392 123.634644 13.966054 123.640137 13.960723 123.645630 13.960723 123.645630 13.955392 123.651123 13.955392 123.651123 13.971385 123.656616 13.971385 123.656616 13.966054 123.662109 13.960723 123.667603 13.960723 123.667603 13.966054 123.673096 13.966054 123.673096 13.955392 123.678589 13.950061 123.678589 13.939399 123.673096 13.939399 123.673096 13.934067 123.656616 13.934067 123.656616 13.928736 123.651123 13.928736 123.651123 13.923404 123.645630 13.923404 123.645630 13.918072 123.640137 13.918072 123.640137 13.912740 123.629150 13.912740 123.629150 13.907408 123.623657 13.907408 123.618164 13.912740 123.612671 13.912740 123.612671 13.918072 123.601685 13.918072 123.601685 13.923404
R	1	123.651123 13.955392 123.651123 13.944730 123.656616 13.944730 123.656616 13.960723 123.651123 13.955392
R	2	123.634644 13.955392 123.634644 13.950061 123.640137 13.950061 123.640137 13.955392 123.634644 13.955392
R	3	123.623657 13.944730 123.629150 13.939399 123.629150 13.944730 123.623657 13.944730
R	0	123.563232 13.955392 123.563232 13.966054 123.574219 13.966054 123.574219 13.955392 123.579712 13.955392 123.579712 13.950061 123.574219 13.950061 123.574219 13.944730 123.568726 13.944730 123.568726 13.950061 123.568726 13.955392 123.563232 13.955392
R	0	123.348999 14.088629 123.354492 14.088629 123.354492 14.077973 123.359985 14.077973 123.359985 14.061988 123.354492 14.061988 123.354492 14.051331 123.359985 14.051331 123.359985 14.046002 123.365479 14.040673 123.359985 14.035344 123.359985 14.030015 123.354492 14.030015 123.348999 14.030015 123.348999 14.024685 123.343506 14.024685 123.343506 14.019356 123.354492 14.019356 123.354492 14.014026 123.348999 14.014026 123.348999 14.008696 123.365479 14.008696 123.365479 14.019356 123.376465 14.019356 123.376465 14.024685 123.381958 14.024685 123.381958 14.030015 123.387451 14.035344 123.387451 14.030015 123.392944 14.030015 123.392944 14.014026 123.387451 14.014026 123.387451 14.008696 123.398438 14.008696 123.398438 14.003367 123.403931 14.003367 123.403931 13.992706 123.392944 13.992706 123.392944 13.982046 123.398438 13.987376 123.398438 13.976715 123.403931 13.976715 123.403931 13.987376 123.414917 13.987376 123.414917 13.950061 123.409424 13.950061 123.409424 13.944730 123.414917 13.944730 123.414917 13.934067 123.425903 13.934067 123.425903 13.923404 123.431396 13.918072 123.431396 13.923404 123.442383 13.923404 123.442383 13.918072 123.453369 13.918072 123.453369 13.928736 123.458862 13.934067 123.458862 13.939399 123.453369 13.934067 123.447876 13.934067 123.447876 13.960723 123.469849 13.960723 123.469849 13.955392 123.475342 13.955392 123.475342 13.950061 123.480835 13.955392 123.480835 13.950061 123.486328 13.944730 123.486328 13.939399 123.497314 13.939399 123.497314 13.934067 123.491821 13.934067 123.491821 13.928736 123.486328 13.928736 123.486328 13.923404 123.497314 13.923404 123.491821 13.918072 123.491821 13.912740 123.497314 13.912740 123.497314 13.918072 123.502808 13.918072 123.502808 13.923404 123.508301 13.923404 123.508301 13.928736 123.519287 13.928736 123.519287 13.912740 123.524780 13.912740 123.524780 13.918072 123.535767 13.918072 123.535767 13.912740 123.541260 13.912740 123.541260 13.934067 123.546753 13.934067 123.546753 13.928736 123.552246 13.928736 123.552246 13.923404 123.557739 13.923404 123.557739 13.918072 123.574219 13.918072 123.574219 13.907408 123.579712 13.907408 123.579712 13.902076 123.585205 13.902076 123.585205 13.907408 123.590698 13.907408 123.596191 13.902076 123.596191 13.896744 123.601685 13.896744 123.607178 13.891411 123.623657 13.891411 123.629150 13.886079 123.634644 13.886079 123.640137 13.880746 123.645630 13.880746 123.645630 13.891411 123.656616 13.891411 123.656616 13.886079 123.667603 13.886079 123.667603 13.880746 123.689575 13.880746 123.700562 13.886079 123.700562 13.891411 123.706055 13.896744 123.706055 13.907408 123.700562 13.907408 123.700562 13.912740 123.706055 13.912740 123.706055 13.918072 123.717041 13.918072 123.717041 13.923404 123.711548 13.928736 123.711548 13.939399 123.717041 13.939399 123.722534 13.934067 123.722534 13.928736 123.728027 13.923404 123.728027 13.918072 123.733521 13.918072 123.733521 13.907408 123.728027 13.902076 123.733521 13.902076 123.733521 13.891411 123.744507 13.891411 123.744507 13.886079 123.750000 13.880746 123.750000 13.875413 123.755493 13.875413 123.755493 13.864747 123.766479 13.864747 123.766479 13.859414 123.777466 13.859414 123.777466 13.848747 123.782959 13.848747 123.782959 13.843414 123.788452 13.848747 123.788452 13.843414 123.799438 13.843414 123.804932 13.838080 123.804932 13.832746 123.810425 13.832746 123.815918 13.827412 123.826904 13.827412 123.826904 13.822078 123.837891 13.822078 123.837891 13.816744 123.854370 13.816744 123.859863 13.822078 123.865356 13.822078 123.865356 13.827412 123.870850 13.827412 123.870850 13.822078 123.876343 13.816744 123.876343 13.811410 123.881836 13.806075 123.887329 13.806075 123.887329 13.800741 123.892822 13.800741 123.898315 13.795406 123.914795 13.795406 123.914795 13.790071 123.931274 13.790071 123.931274 13.795406 123.942261 13.795406 123.942261 13.774066 123.942261 13.768731 123.953247 13.768731 123.953247 13.758060 123.947754 13.758060 123.947754 13.752725 123.964233 13.752725 123.964233 13.758060 123.969727 13.752725 123.969727 13.742053 123.975220 13.742053 123.975220 13.731381 123.969727 13.731381 123.969727 13.720708 123.975220 13.720708 123.975220 13.715372 123.969727 13.715372 123.969727 13.710035 123.964233 13.715372 123.964233 13.726045 123.942261 13.726045 123.942261 13.731381 123.936768 13.736717 123.931274 13.731381 123.925781 13.731381 123.925781 13.726045 123.914795 13.726045 123.914795 13.731381 123.909302 13.731381 123.909302 13.726045 123.887329 13.726045 123.887329 13.731381 123.881836 13.736717 123.865356 13.736717 123.865356 13.731381 123.859863 13.731381 123.859863 13.720708 123.854370 13.720708 123.848877 13.715372 123.848877 13.710035 123.843384 13.710035 123.843384 13.704699 123.837891 13.704699 123.837891 13.699362 123.826904 13.699362 123.826904 13.694025 123.821411 13.694025 123.821411 13.688688 123.799438 13.688688 123.793945 13.694025 123.777466 13.694025 123.777466 13.699362 123.766479 13.699362 123.766479 13.704699 123.755493 13.704699 123.750000 13.710035 123.744507 13.710035 123.744507 13.704699 123.733521 13.704699 123.733521 13.710035 123.700562 13.710035 123.700562 13.715372 123.695068 13.715372 123.695068 13.720708 123.667603 13.720708 123.656616 13.710035 123.651123 13.710035 123.645630 13.715372 123.634644 13.715372 123.634644 13.720708 123.623657 13.720708 123.618164 13.726045 123.590698 13.726045 123.590698 13.731381 123.585205 13.731381 123.585205 13.720708 123.579712 13.720708 123.568726 13.710035 123.568726 13.704699 123.563232 13.704699 123.563232 13.699362 123.557739 13.688688 123.557739 13.683351 123.552246 13.678013 123.552246 13.667338 123.546753 13.667338 123.546753 13.656663 123.541260 13.651325 123.541260 13.640649 123.535767 13.635310 123.535767 13.608617 123.541260 13.608617 123.541260 13.603278 123.552246 13.603278 123.552246 13.597939 123.546753 13.597939 123.546753 13.592600 123.541260 13.592600 123.541260 13.587260 123.535767 13.587260 123.535767 13.581921 123.530273 13.576581 123.530273 13.565902 123.535767 13.560562 123.541260 13.560562 123.546753 13.555222 123.546753 13.549881 123.552246 13.555222 123.557739 13.555222 123.557739 13.560562 123.574219 13.560562 123.574219 13.555222 123.585205 13.555222 123.585205 13.549881 123.579712 13.549881 123.579712 13.544541 123.585205 13.544541 123.585205 13.539201 123.590698 13.539201 123.590698 13.544541 123.596191 13.544541 123.596191 13.533860 123.601685 13.533860 123.601685 13.523179 123.574219 13.362899 123.370972 13.336175 123.354492 13.304103 123.283081 13.261333 123.283081 13.255986 123.272095 13.266680 123.261108 13.266680 123.261108 13.272026 123.255615 13.277373 123.250122 13.277373 123.250122 13.288065 123.239136 13.288065 123.239136 13.298757 123.233643 13.304103 123.233643 13.320140 123.228149 13.325485 123.228149 13.330830 123.222656 13.330830 123.222656 13.336175 123.217163 13.336175 123.217163 13.341520 123.211670 13.341520 123.211670 13.352210 123.206177 13.352210 123.206177 13.384276 123.200684 13.384276 123.200684 13.389620 123.206177 13.389620 123.206177 13.400307 123.200684 13.405651 123.200684 13.421681 123.195190 13.427024 123.189697 13.427024 123.189697 13.437709 123.178711 13.437709 123.178711 13.443052 123.173218 13.443052 123.173218 13.448395 123.162231 13.448395 123.162231 13.453737 123.156738 13.453737 123.156738 13.459080 123.145752 13.459080 123.145752 13.453737 123.140259 13.453737 123.140259 13.464422 123.134766 13.464422 123.129272 13.469764 123.118286 13.469764 123.118286 13.475106 123.112793 13.475106 123.107300 13.480448 123.096313 13.480448 123.096313 13.485790 123.085327 13.485790 123.079834 13.491131 123.074341 13.491131 123.074341 13.496473 123.068848 13.496473 123.063354 13.501814 123.057861 13.501814 123.052368 13.507155 123.041382 13.507155 123.041382 13.501814 123.030396 13.501814 123.030396 13.507155 123.024902 13.512497 123.013916 13.512497 123.013916 13.517838 123.008423 13.517838 123.002930 13.523179 122.969971 13.523179 122.969971 13.528519 122.958984 13.539201 122.958984 13.544541 122.953491 13.544541 122.953491 13.549881 122.942505 13.549881 122.942505 13.555222 122.920532 13.555222 122.920532 13.560562 122.915039 13.560562 122.915039 13.565902 122.909546 13.565902 122.909546 13.571242 122.898560 13.571242 122.898560 13.576581 122.887573 13.576581 122.887573 13.587260 122.882080 13.587260 122.876587 13.592600 122.871094 13.592600 122.871094 13.603278 122.860107 13.603278 122.860107 13.608617 122.854614 13.608617 122.854614 13.613956 122.849121 13.613956 122.843628 13.619295 122.843628 13.624633 122.838135 13.624633 122.838135 13.629972 122.832642 13.629972 122.832642 13.640649 122.821655 13.640649 122.821655 13.645987 122.810669 13.645987 122.816162 13.651325 122.827148 13.651325 122.827148 13.656663 122.832642 13.662001 122.832642 13.667338 122.843628 13.678013 122.854614 13.678013 122.854614 13.683351 122.860107 13.683351 122.860107 13.694025 122.854614 13.699362 122.854614 13.704699 122.849121 13.704699 122.849121 13.710035 122.854614 13.715372 122.843628 13.715372 122.843628 13.720708 122.838135 13.726045 122.838135 13.736717 122.832642 13.736717 122.821655 13.747389 122.805176 13.747389 122.805176 13.752725 122.799683 13.752725 122.799683 13.758060 122.783203 13.758060 122.783203 13.763396 122.777710 13.763396 122.777710 13.768731 122.772217 13.768731 122.772217 13.779402 122.755737 13.779402 122.755737 13.784737 122.761230 13.784737 122.761230 13.790071 122.750244 13.790071 122.750244 13.795406 122.744751 13.800741 122.744751 13.806075 122.739258 13.806075 122.739258 13.811410 122.728271 13.811410 122.722778 13.816744 122.711792 13.816744 122.711792 13.822078 122.706299 13.822078 122.706299 13.816744 122.695312 13.816744 122.695312 13.822078 122.689819 13.822078 122.689819 13.827412 122.678833 13.827412 122.678833 13.811410 122.667847 13.811410 122.662354 13.816744 122.662354 13.822078 122.651367 13.822078 122.651367 13.838080 122.640381 13.838080 122.640381 13.843414 122.645874 13.843414 122.645874 13.848747 122.651367 13.848747 122.651367 13.859414 122.645874 13.864747 122.640381 13.864747 122.640381 13.875413 122.634888 13.875413 122.634888 13.880746 122.629395 13.880746 122.629395 13.886079 122.623901 13.886079 122.623901 13.891411 122.612915 13.891411 122.612915 13.896744 122.585449 13.896744 122.579956 13.902076 122.568970 13.902076 122.568970 13.907408 122.563477 13.907408 122.563477 13.918072 122.557983 13.918072 122.557983 13.923404 122.563477 13.923404 122.563477 13.928736 122.568970 13.934067 122.568970 13.939399 122.563477 13.939399 122.563477 13.944730 122.552490 13.944730 122.794189 14.014026 123.063354 13.838080 123.057861 13.838080 123.057861 13.832746 123.052368 13.827412 123.052368 13.816744 123.046875 13.816744 123.046875 13.774066 123.052368 13.774066 123.052368 13.768731 123.063354 13.768731 123.063354 13.763396 123.068848 13.763396 123.068848 13.758060 123.074341 13.758060 123.079834 13.752725 123.085327 13.752725 123.090820 13.747389 123.096313 13.747389 123.096313 13.742053 123.112793 13.742053 123.112793 13.736717 123.118286 13.736717 123.118286 13.731381 123.112793 13.726045 123.123779 13.720708 123.123779 13.726045 123.129272 13.726045 123.129272 13.731381 123.178711 13.731381 123.189697 13.726045 123.211670 13.726045 123.211670 13.731381 123.217163 13.726045 123.228149 13.726045 123.228149 13.731381 123.244629 13.731381 123.244629 13.736717 123.239136 13.736717 123.239136 13.742053 123.244629 13.742053 123.250122 13.736717 123.250122 13.742053 123.266602 13.742053 123.277588 13.752725 123.277588 13.758060 123.283081 13.758060 123.283081 13.763396 123.288574 13.763396 123.288574 13.774066 123.299561 13.774066 123.321533 13.795406 123.321533 13.811410 123.327026 13.811410 123.327026 13.816744 123.321533 13.816744 123.321533 13.827412 123.316040 13.832746 123.316040 13.843414 123.310547 13.848747 123.310547 13.854081 123.305054 13.859414 123.305054 13.864747 123.299561 13.864747 123.299561 13.870080 123.294067 13.870080 123.294067 13.880746 123.288574 13.886079 123.288574 13.907408 123.294067 13.907408 123.294067 13.902076 123.305054 13.912740 123.305054 13.918072 123.310547 13.918072 123.310547 13.923404 123.316040 13.923404 123.316040 13.928736 123.321533 13.928736 123.321533 13.939399 123.327026 13.934067 123.327026 13.939399 123.332520 13.939399 123.332520 13.950061 123.338013 13.950061 123.338013 13.966054 123.343506 13.971385 123.332520 13.971385 123.332520 13.966054 123.327026 13.966054 123.327026 13.960723 123.321533 13.960723 123.321533 13.950061 123.316040 13.950061 123.316040 13.939399 123.310547 13.939399 123.310547 13.928736 123.288574 13.928736 123.288574 13.934067 123.283081 13.934067 123.283081 13.939399 123.277588 13.939399 123.277588 13.944730 123.266602 13.944730 123.266602 13.950061 123.261108 13.950061 123.261108 13.955392 123.266602 13.955392 123.266602 13.960723 123.255615 13.960723 123.255615 13.966054 123.233643 13.966054 123.233643 13.982046 123.228149 13.982046 123.228149 13.992706 123.233643 13.987376 123.239136 13.987376 123.239136 13.992706 123.233643 13.992706 123.228149 13.998037 123.228149 14.003367 123.244629 14.003367 123.244629 13.998037 123.250122 14.003367 123.261108 14.003367 123.261108 14.008696 123.266602 14.014026 123.261108 14.014026 123.250122 14.024685 123.233643 14.024685 123.239136 14.030015 123.250122 14.030015 123.255615 14.024685 123.261108 14.024685 123.261108 14.030015 123.277588 14.030015 123.283081 14.035344 123.277588 14.035344 123.277588 14.051331 123.272095 14.056659 123.266602 14.056659 123.266602 14.061988 123.261108 14.067317 123.255615 14.067317 123.255615 14.072645 123.277588 14.072645 123.288574 14.061988 123.294067 14.061988 123.294067 14.056659 123.299561 14.056659 123.299561 14.051331 123.305054 14.046002 123.310547 14.046002 123.310547 14.040673 123.321533 14.040673 123.321533 14.046002 123.316040 14.046002 123.316040 14.051331 123.310547 14.056659 123.310547 14.072645 123.316040 14.072645 123.316040 14.067317 123.343506 14.067317 123.343506 14.083301 123.348999 14.083301 123.348999 14.088629
R	1	122.634888 13.886079 122.634888 13.880746 122.640381 13.880746 122.640381 13.886079 122.634888 13.886079
R	2	123.354492 14.030015 123.354492 14.035344 123.348999 14.035344 123.354492 14.030015
R	3	123.942261 13.774066 123.936768 13.774066 123.936768 13.768731 123.942261 13.774066
R	4	123.266602 14.003367 123.272095 13.998037 123.272095 14.003367 123.266602 14.003367
P	0502000000	Catanduanes
R	0	124.178467 14.067317 124.172974 14.061988 124.172974 14.067317 124.178467 14.067317
R	0	124.332275 13.971385 124.326782 13.971385 124.326782 13.982046 124.332275 13.982046 124.332275 13.971385
R	0	124.046631 14.030015 124.046631 14.019356 124.041138 14.019356 124.041138 14.014026 124.035645 14.019356 124.035645 14.030015 124.046631 14.030015
R	0	124.337769 13.549881 124.343262 13.549881 124.343262 13.544541 124.337769 13.544541 124.337769 13.549881
R	0	124.321289 13.555222 124.315796 13.549881 124.315796 13.555222 124.321289 13.555222
R	0	124.332275 13.565902 124.337769 13.571242 124.337769 13.565902 124.332275 13.565902
R	0	124.145508 13.918072 124.140015 13.918072 124.140015 13.923404 124.145508 13.918072
R	0	124.129028 14.046002 124.123535 14.051331 124.129028 14.051331 124.129028 14.046002
R	0	124.332275 13.971385 124.343262 13.966054 124.348755 13.966054 124.348755 13.960723 124.343262 13.960723 124.343262 13.955392 124.354248 13.955392 124.354248 13.944730 124.348755 13.944730 124.348755 13.950061 124.343262 13.944730 124.337769 13.944730 124.337769 13.939399 124.343262 13.939399 124.343262 13.934067 124.348755 13.934067 124.348755 13.939399 124.354248 13.939399 124.354248 13.907408 124.359741 13.902076 124.365234 13.902076 124.365234 13.896744 124.376221 13.896744 124.376221 13.886079 124.381714 13.886079 124.381714 13.891411 124.387207 13.891411 124.387207 13.870080 124.392700 13.870080 124.392700 13.891411 124.398193 13.891411 124.398193 13.875413 124.403687 13.875413 124.403687 13.880746 124.409180 13.880746 124.409180 13.870080 124.414673 13.870080 124.414673 13.864747 124.409180 13.864747 124.409180 13.859414 124.414673 13.859414 124.414673 13.854081 124.420166 13.854081 124.420166 13.848747 124.409180 13.848747 124.409180 13.843414 124.403687 13.843414 124.403687 13.838080 124.414673 13.838080 124.414673 13.827412 124.409180 13.827412 124.409180 13.822078 124.414673 13.816744 124.409180 13.816744 124.409180 13.811410 124.414673 13.811410 124.414673 13.795406 124.420166 13.795406 124.420166 13.784737 124.414673 13.779402 124.414673 13.784737 124.403687 13.784737 124.403687 13.779402 124.392700 13.779402 124.392700 13.774066 124.398193 13.774066 124.398193 13.768731 124.403687 13.768731 124.403687 13.752725 124.392700 13.752725 124.392700 13.747389 124.398193 13.747389 124.398193 13.742053 124.403687 13.742053 124.398193 13.736717 124.392700 13.736717 124.392700 13.731381 124.387207 13.731381 124.387207 13.726045 124.392700 13.726045 124.392700 13.720708 124.387207 13.720708 124.387207 13.710035 124.398193 13.710035 124.398193 13.704699 124.392700 13.704699 124.392700 13.699362 124.387207 13.694025 124.387207 13.688688 124.409180 13.688688 124.409180 13.662001 124.403687 13.662001 124.403687 13.656663 124.387207 13.656663 124.387207 13.651325 124.381714 13.651325 124.381714 13.645987 124.376221 13.645987 124.376221 13.662001 124.370728 13.662001 124.370728 13.656663 124.359741 13.656663 124.359741 13.651325 124.348755 13.651325 124.348755 13.640649 124.343262 13.640649 124.343262 13.635310 124.348755 13.629972 124.348755 13.624633 124.343262 13.624633 124.343262 13.619295 124.348755 13.619295 124.348755 13.597939 124.343262 13.597939 124.343262 13.571242 124.337769 13.571242 124.337769 13.576581 124.332275 13.576581 124.332275 13.565902 124.332275 13.560562 124.326782 13.560562 124.326782 13.555222 124.337769 13.555222 124.337769 13.549881 124.326782 13.549881 124.321289 13.555222 124.315796 13.560562 124.315796 13.587260 124.310303 13.587260 124.310303 13.592600 124.282837 13.592600 124.271851 13.597939 124.266357 13.592600 124.249878 13.592600 124.244385 13.587260 124.238892 13.587260 124.238892 13.581921 124.233398 13.581921 124.233398 13.576581 124.227905 13.576581 124.222412 13.571242 124.227905 13.571242 124.227905 13.565902 124.222412 13.565902 124.216919 13.560562 124.211426 13.560562 124.211426 13.555222 124.205933 13.555222 124.205933 13.539201 124.211426 13.539201 124.211426 13.517838 124.189453 13.517838 124.189453 13.523179 124.183960 13.523179 124.183960 13.528519 124.178467 13.528519 124.178467 13.533860 124.167480 13.533860 124.167480 13.539201 124.161987 13.539201 124.161987 13.544541 124.156494 13.544541 124.156494 13.549881 124.151001 13.549881 124.151001 13.555222 124.145508 13.555222 124.145508 13.571242 124.140015 13.571242 124.140015 13.576581 124.123535 13.576581 124.123535 13.581921 124.118042 13.581921 124.112549 13.587260 124.112549 13.592600 124.101562 13.592600 124.096069 13.597939 124.090576 13.597939 124.085083 13.603278 124.063110 13.603278 124.063110 13.597939 124.052124 13.597939 124.052124 13.603278 124.046631 13.603278 124.046631 13.608617 124.057617 13.608617 124.057617 13.619295 124.052124 13.624633 124.052124 13.629972 124.046631 13.629972 124.041138 13.635310 124.041138 13.640649 124.035645 13.640649 124.035645 13.651325 124.030151 13.651325 124.030151 13.656663 124.024658 13.656663 124.024658 13.662001 124.030151 13.667338 124.035645 13.667338 124.041138 13.672676 124.046631 13.672676 124.046631 13.678013 124.052124 13.678013 124.052124 13.683351 124.057617 13.683351 124.057617 13.688688 124.063110 13.688688 124.063110 13.694025 124.079590 13.694025 124.079590 13.699362 124.090576 13.699362 124.090576 13.704699 124.096069 13.704699 124.096069 13.710035 124.101562 13.710035 124.101562 13.726045 124.107056 13.726045 124.107056 13.742053 124.112549 13.742053 124.123535 13.752725 124.123535 13.758060 124.129028 13.763396 124.129028 13.784737 124.134521 13.784737 124.134521 13.854081 124.140015 13.864747 124.134521 13.864747 124.134521 13.870080 124.129028 13.875413 124.134521 13.875413 124.134521 13.880746 124.129028 13.880746 124.129028 13.886079 124.134521 13.886079 124.134521 13.891411 124.140015 13.891411 124.140015 13.896744 124.145508 13.896744 124.145508 13.902076 124.140015 13.902076 124.140015 13.907408 124.145508 13.907408 124.145508 13.918072 124.145508 13.923404 124.151001 13.923404 124.145508 13.928736 124.145508 13.939399 124.140015 13.939399 124.140015 13.955392 124.134521 13.955392 124.134521 13.966054 124.129028 13.966054 124.129028 14.003367 124.140015 14.014026 124.140015 14.019356 124.134521 14.019356 124.134521 14.024685 124.129028 14.024685 124.129028 14.046002 124.134521 14.046002 124.134521 14.051331 124.129028 14.056659 124.129028 14.061988 124.145508 14.061988 124.145508 14.056659 124.151001 14.056659 124.151001 14.051331 124.167480 14.051331 124.178467 14.061988 124.183960 14.061988 124.189453 14.067317 124.189453 14.088629 124.200439 14.088629 124.200439 14.099285 124.205933 14.099285 124.205933 14.093957 124.211426 14.093957 124.211426 14.088629 124.216919 14.088629 124.216919 14.077973 124.222412 14.077973 124.222412 14.072645 124.227905 14.067317 124.233398 14.067317 124.233398 14.056659 124.244385 14.056659 124.244385 14.051331 124.249878 14.051331 124.249878 14.035344 124.260864 14.035344 124.260864 14.030015 124.266357 14.030015 124.266357 14.024685 124.260864 14.024685 124.260864 14.014026 124.271851 14.014026 124.271851 14.003367 124.277344 14.003367 124.277344 13.976715 124.282837 13.976715 124.282837 13.955392 124.288330 13.950061 124.282837 13.950061 124.282837 13.944730 124.288330 13.944730 124.288330 13.939399 124.293823 13.939399 124.293823 13.944730 124.299316 13.944730 124.304810 13.939399 124.304810 13.934067 124.310303 13.934067 124.310303 13.928736 124.304810 13.928736 124.304810 13.918072 124.310303 13.918072 124.310303 13.912740 124.315796 13.912740 124.315796 13.902076 124.310303 13.896744 124.315796 13.896744 124.321289 13.902076 124.321289 13.918072 124.326782 13.918072 124.326782 13.934067 124.332275 13.934067 124.332275 13.939399 124.332275 13.944730 124.321289 13.944730 124.321289 13.955392 124.310303 13.955392 124.310303 13.966054 124.315796 13.966054 124.310303 13.971385 124.310303 13.976715 124.321289 13.976715 124.321289 13.971385 124.326782 13.971385 124.321289 13.966054 124.321289 13.960723 124.326782 13.960723 124.326782 13.966054 124.332275 13.966054 124.332275 13.971385
R	1	124.409180 13.859414 124.403687 13.864747 124.398193 13.864747 124.398193 13.859414 124.409180 13.859414
R	2	124.403687 13.838080 124.398193 13.838080 124.398193 13.832746 124.403687 13.832746 124.403687 13.838080
R	3	124.343262 13.955392 124.337769 13.955392 124.337769 13.950061 124.343262 13.950061 124.343262 13.955392
P	0504100000	Masbate
R	0	123.343506 12.479487 123.343506 12.474124 123.338013 12.474124 123.338013 12.468760 123.332520 12.468760 123.332520 12.474124 123.327026 12.468760 123.321533 12.468760 123.321533 12.458033 123.327026 12.458033 123.327026 12.452669 123.332520 12.452669 123.332520 12.447305 123.338013 12.447305 123.338013 12.441941 123.343506 12.441941 123.343506 12.436577 123.348999 12.436577 123.348999 12.458033 123.354492 12.458033 123.354492 12.463396 123.359985 12.463396 123.359985 12.468760 123.365479 12.468760 123.370972 12.463396 123.370972 12.468760 123.376465 12.468760 123.376465 12.463396 123.381958 12.463396 123.381958 12.474124 123.376465 12.474124 123.376465 12.490214 123.370972 12.490214 123.365479 12.495577 123.370972 12.495577 123.370972 12.506303 123.387451 12.506303 123.387451 12.511665 123.398438 12.511665 123.398438 12.522391 123.409424 12.522391 123.409424 12.517028 123.414917 12.517028 123.414917 12.522391 123.420410 12.522391 123.420410 12.517028 123.447876 12.517028 123.447876 12.511665 123.453369 12.511665 123.453369 12.506303 123.458862 12.506303 123.469849 12.495577 123.469849 12.490214 123.475342 12.490214 123.480835 12.484850 123.486328 12.484850 123.486328 12.479487 123.497314 12.479487 123.497314 12.468760 123.502808 12.474124 123.508301 12.474124 123.508301 12.468760 123.513794 12.468760 123.513794 12.463396 123.519287 12.463396 123.519287 12.458033 123.524780 12.458033 123.524780 12.452669 123.535767 12.452669 123.535767 12.447305 123.541260 12.447305 123.541260 12.452669 123.546753 12.452669 123.546753 12.458033 123.552246 12.463396 123.557739 12.463396 123.557739 12.458033 123.563232 12.452669 123.563232 12.441941 123.568726 12.436577 123.563232 12.436577 123.563232 12.431212 123.568726 12.431212 123.568726 12.409754 123.574219 12.409754 123.574219 12.404389 123.585205 12.404389 123.585205 12.399024 123.590698 12.399024 123.590698 12.393659 123.596191 12.393659 123.590698 12.388294 123.596191 12.388294 123.596191 12.382928 123.601685 12.388294 123.607178 12.388294 123.607178 12.377563 123.590698 12.377563 123.590698 12.372197 123.585205 12.372197 123.585205 12.356100 123.590698 12.350734 123.596191 12.356100 123.601685 12.356100 123.601685 12.361466 123.623657 12.361466 123.612671 12.372197 123.612671 12.377563 123.634644 12.377563 123.634644 12.356100 123.640137 12.361466 123.640137 12.350734 123.645630 12.350734 123.645630 12.345368 123.651123 12.345368 123.651123 12.340002 123.662109 12.340002 123.662109 12.345368 123.667603 12.340002 123.667603 12.350734 123.673096 12.350734 123.673096 12.345368 123.678589 12.345368 123.678589 12.340002 123.684082 12.340002 123.689575 12.334636 123.695068 12.334636 123.695068 12.329269 123.700562 12.323903 123.700562 12.318536 123.706055 12.313169 123.706055 12.307802 123.711548 12.307802 123.711548 12.297068 123.717041 12.297068 123.717041 12.291701 123.722534 12.291701 123.728027 12.280966 123.728027 12.275599 123.733521 12.275599 123.733521 12.270231 123.739014 12.270231 123.739014 12.259496 123.744507 12.259496 123.744507 12.248760 123.750000 12.254128 123.750000 12.248760 123.755493 12.248760 123.755493 12.232655 123.760986 12.232655 123.760986 12.227286 123.766479 12.227286 123.766479 12.216549 123.771973 12.216549 123.771973 12.211180 123.777466 12.205811 123.777466 12.200442 123.782959 12.200442 123.782959 12.195073 123.788452 12.195073 123.788452 12.200442 123.793945 12.200442 123.788452 12.205811 123.788452 12.211180 123.782959 12.216549 123.782959 12.232655 123.788452 12.232655 123.788452 12.238023 123.793945 12.238023 123.799438 12.243392 123.815918 12.243392 123.815918 12.238023 123.821411 12.238023 123.837891 12.221918 123.837891 12.216549 123.843384 12.216549 123.843384 12.205811 123.848877 12.205811 123.848877 12.195073 123.865356 12.195073 123.865356 12.200442 123.870850 12.200442 123.870850 12.205811 123.865356 12.205811 123.865356 12.216549 123.870850 12.216549 123.870850 12.221918 123.881836 12.221918 123.881836 12.216549 123.887329 12.216549 123.887329 12.211180 123.892822 12.211180 123.898315 12.205811 123.898315 12.195073 123.903809 12.189704 123.903809 12.184334 123.909302 12.184334 123.909302 12.178965 123.914795 12.178965 123.909302 12.173595 123.909302 12.168226 123.914795 12.162856 123.914795 12.157486 123.920288 12.152116 123.920288 12.146746 123.925781 12.146746 123.931274 12.141376 123.936768 12.141376 123.936768 12.130635 123.942261 12.130635 123.947754 12.119894 123.947754 12.109152 123.953247 12.109152 123.953247 12.103781 123.958740 12.103781 123.958740 12.098410 123.964233 12.098410 123.969727 12.093039 123.969727 12.087667 123.975220 12.087667 123.975220 12.076924 123.980713 12.076924 123.980713 12.071553 123.986206 12.066181 123.986206 12.055437 123.991699 12.055437 123.991699 12.050065 123.997192 12.044693 123.997192 12.039321 124.002686 12.033948 124.002686 12.028576 124.008179 12.023203 124.008179 12.017830 124.013672 12.017830 124.019165 12.012458 124.019165 12.007085 124.024658 12.007085 124.024658 12.001712 124.030151 12.001712 124.030151 11.996338 124.035645 11.990965 124.035645 11.985592 124.041138 11.985592 124.041138 11.980218 124.046631 11.974845 124.046631 11.969471 124.052124 11.969471 124.052124 11.947975 124.046631 11.947975 124.046631 11.953349 124.041138 11.958723 124.041138 11.964097 124.035645 11.964097 124.035645 11.969471 124.030151 11.974845 124.024658 11.974845 124.024658 11.980218 124.019165 11.980218 124.019165 11.990965 124.013672 11.990965 124.013672 12.007085 124.008179 12.012458 123.997192 12.012458 123.997192 12.007085 124.002686 12.001712 124.002686 11.996338 123.997192 11.996338 123.991699 11.990965 123.991699 11.985592 123.997192 11.985592 123.997192 11.980218 124.002686 11.974845 124.008179 11.974845 124.008179 11.969471 124.013672 11.969471 124.013672 11.964097 124.008179 11.958723 124.013672 11.958723 124.013672 11.953349 124.024658 11.953349 124.024658 11.942601 124.030151 11.942601 124.030151 11.915728 124.035645 11.915728 124.035645 11.904979 124.046631 11.894228 124.052124 11.883478 124.052124 11.878102 124.057617 11.878102 124.057617 11.867351 124.063110 11.867351 124.063110 11.861975 124.068604 11.856599 124.068604 11.840471 124.063110 11.840471 124.063110 11.835094 124.068604 11.835094 124.068604 11.824341 124.063110 11.818965 124.063110 11.813588 124.057617 11.813588 124.057617 11.775948 124.063110 11.765192 124.068604 11.759815 124.068604 11.754437 124.074097 11.749059 124.074097 11.727546 124.068604 11.722167 124.052124 11.722167 124.052124 11.727546 124.046631 11.727546 124.041138 11.732924 124.041138 11.738302 124.024658 11.754437 124.024658 11.765192 124.019165 11.770570 124.019165 11.775948 124.013672 11.775948 124.013672 11.786703 124.008179 11.792080 124.002686 11.792080 123.986206 11.808211 123.986206 11.813588 123.980713 11.813588 123.980713 11.824341 123.975220 11.824341 123.969727 11.829718 123.964233 11.829718 123.964233 11.835094 123.958740 11.835094 123.953247 11.840471 123.947754 11.840471 123.947754 11.845847 123.942261 11.845847 123.942261 11.851223 123.936768 11.851223 123.936768 11.856599 123.931274 11.856599 123.931274 11.861975 123.920288 11.861975 123.920288 11.867351 123.903809 11.867351 123.903809 11.861975 123.898315 11.861975 123.898315 11.867351 123.892822 11.867351 123.892822 11.872727 123.887329 11.878102 123.870850 11.888853 123.859863 11.899604 123.854370 11.899604 123.854370 11.904979 123.848877 11.904979 123.843384 11.910354 123.821411 11.910354 123.815918 11.915728 123.810425 11.915728 123.804932 11.921103 123.771973 11.921103 123.771973 11.926478 123.760986 11.926478 123.760986 11.921103 123.744507 11.921103 123.744507 11.926478 123.739014 11.926478 123.733521 11.931852 123.722534 11.931852 123.722534 11.937227 123.728027 11.937227 123.728027 11.947975 123.722534 11.947975 123.717041 11.953349 123.711548 11.953349 123.711548 11.958723 123.717041 11.958723 123.717041 11.969471 123.722534 11.969471 123.728027 11.974845 123.728027 11.980218 123.744507 11.980218 123.744507 11.985592 123.728027 11.985592 123.728027 11.990965 123.722534 11.990965 123.722534 11.996338 123.717041 12.001712 123.717041 12.007085 123.711548 12.007085 123.706055 12.012458 123.706055 12.017830 123.700562 12.017830 123.695068 12.023203 123.684082 12.023203 123.684082 12.028576 123.673096 12.028576 123.673096 12.033948 123.667603 12.033948 123.667603 12.039321 123.656616 12.039321 123.656616 12.044693 123.651123 12.044693 123.651123 12.050065 123.645630 12.050065 123.645630 12.060809 123.640137 12.060809 123.640137 12.066181 123.645630 12.066181 123.645630 12.071553 123.601685 12.071553 123.601685 12.082296 123.607178 12.087667 123.612671 12.087667 123.612671 12.098410 123.607178 12.098410 123.607178 12.109152 123.601685 12.109152 123.601685 12.119894 123.596191 12.125264 123.596191 12.136005 123.590698 12.141376 123.590698 12.146746 123.585205 12.146746 123.585205 12.152116 123.579712 12.152116 123.579712 12.157486 123.574219 12.157486 123.574219 12.162856 123.568726 12.168226 123.568726 12.173595 123.563232 12.173595 123.563232 12.184334 123.557739 12.184334 123.557739 12.189704 123.546753 12.200442 123.541260 12.200442 123.541260 12.211180 123.530273 12.211180 123.524780 12.216549 123.486328 12.216549 123.486328 12.211180 123.447876 12.211180 123.447876 12.205811 123.436890 12.205811 123.425903 12.200442 123.425903 12.189704 123.420410 12.189704 123.420410 12.178965 123.414917 12.178965 123.414917 12.173595 123.409424 12.173595 123.409424 12.168226 123.403931 12.168226 123.403931 12.162856 123.398438 12.162856 123.398438 12.152116 123.392944 12.152116 123.392944 12.146746 123.387451 12.146746 123.387451 12.136005 123.381958 12.130635 123.381958 12.125264 123.376465 12.125264 123.376465 12.119894 123.370972 12.119894 123.376465 12.114523 123.370972 12.114523 123.370972 12.109152 123.365479 12.109152 123.365479 12.103781 123.359985 12.103781 123.359985 12.098410 123.348999 12.098410 123.348999 12.093039 123.332520 12.093039 123.332520 12.082296 123.327026 12.082296 123.327026 12.071553 123.321533 12.071553 123.321533 12.066181 123.310547 12.055437 123.316040 12.055437 123.310547 12.050065 123.310547 12.044693 123.305054 12.039321 123.305054 12.028576 123.299561 12.028576 123.299561 12.023203 123.294067 12.023203 123.294067 12.017830 123.277588 12.017830 123.261108 12.001712 123.261108 11.996338 123.255615 11.996338 123.255615 11.990965 123.250122 11.990965 123.250122 11.974845 123.244629 11.974845 123.244629 11.969471 123.239136 11.969471 123.239136 11.964097 123.233643 11.958723 123.222656 11.958723 123.222656 11.953349 123.211670 11.953349 123.211670 11.947975 123.206177 11.953349 123.206177 11.942601 123.200684 11.942601 123.200684 11.937227 123.195190 11.937227 123.195190 11.931852 123.189697 11.931852 123.189697 11.926478 123.184204 11.926478 123.184204 11.915728 123.178711 11.915728 123.178711 11.910354 123.173218 11.910354 123.167725 11.904979 123.156738 11.904979 123.156738 11.915728 123.151245 11.915728 123.151245 11.921103 123.145752 11.921103 123.145752 11.926478 123.140259 11.931852 123.145752 11.937227 123.145752 11.942601 123.151245 11.942601 123.151245 11.947975 123.156738 11.947975 123.156738 11.964097 123.162231 11.964097 123.162231 11.974845 123.167725 11.974845 123.167725 11.985592 123.173218 11.985592 123.178711 11.990965 123.178711 11.996338 123.189697 12.007085 123.189697 12.012458 123.195190 12.012458 123.195190 12.033948 123.189697 12.039321 123.189697 12.044693 123.195190 12.044693 123.206177 12.055437 123.206177 12.093039 123.211670 12.093039 123.211670 12.119894 123.217163 12.119894 123.217163 12.130635 123.228149 12.130635 123.228149 12.125264 123.233643 12.119894 123.244629 12.119894 123.244629 12.125264 123.250122 12.125264 123.250122 12.130635 123.244629 12.130635 123.244629 12.146746 123.255615 12.146746 123.255615 12.152116 123.261108 12.152116 123.272095 12.162856 123.272095 12.157486 123.277588 12.157486 123.283081 12.162856 123.283081 12.173595 123.277588 12.178965 123.272095 12.178965 123.272095 12.184334 123.266602 12.184334 123.266602 12.195073 123.272095 12.195073 123.272095 12.200442 123.277588 12.200442 123.277588 12.211180 123.283081 12.211180 123.283081 12.205811 123.288574 12.205811 123.283081 12.200442 123.294067 12.200442 123.294067 12.205811 123.299561 12.205811 123.299561 12.221918 123.294067 12.227286 123.294067 12.216549 123.283081 12.216549 123.283081 12.227286 123.277588 12.232655 123.277588 12.238023 123.272095 12.238023 123.272095 12.243392 123.250122 12.243392 123.250122 12.232655 123.244629 12.232655 123.244629 12.227286 123.239136 12.221918 123.233643 12.221918 123.233643 12.216549 123.228149 12.216549 123.222656 12.221918 123.222656 12.227286 123.217163 12.232655 123.217163 12.243392 123.222656 12.238023 123.233643 12.238023 123.233643 12.243392 123.228149 12.243392 123.228149 12.248760 123.222656 12.248760 123.222656 12.270231 123.228149 12.270231 123.228149 12.280966 123.239136 12.280966 123.239136 12.286334 123.244629 12.286334 123.244629 12.302435 123.250122 12.302435 123.250122 12.307802 123.255615 12.307802 123.255615 12.323903 123.261108 12.329269 123.266602 12.329269 123.266602 12.356100 123.261108 12.361466 123.266602 12.366832 123.266602 12.372197 123.261108 12.372197 123.261108 12.377563 123.266602 12.377563 123.266602 12.382928 123.272095 12.382928 123.272095 12.388294 123.277588 12.388294 123.277588 12.404389 123.283081 12.404389 123.283081 12.409754 123.288574 12.409754 123.288574 12.420483 123.277588 12.420483 123.277588 12.431212 123.277588 12.441941 123.272095 12.441941 123.272095 12.447305 123.277588 12.447305 123.272095 12.452669 123.272095 12.458033 123.266602 12.458033 123.261108 12.452669 123.255615 12.452669 123.250122 12.458033 123.250122 12.511665 123.244629 12.511665 123.244629 12.517028 123.250122 12.517028 123.250122 12.533115 123.244629 12.533115 123.244629 12.549202 123.239136 12.549202 123.239136 12.554564 123.244629 12.554564 123.239136 12.559925 123.250122 12.559925 123.250122 12.565287 123.244629 12.565287 123.244629 12.576010 123.239136 12.576010 123.233643 12.581371 123.239136 12.586732 123.233643 12.586732 123.233643 12.592094 123.239136 12.592094 123.239136 12.597455 123.233643 12.597455 123.233643 12.602815 123.250122 12.602815 123.250122 12.597455 123.255615 12.597455 123.261108 12.592094 123.266602 12.592094 123.266602 12.586732 123.272095 12.586732 123.272095 12.581371 123.277588 12.581371 123.277588 12.576010 123.305054 12.576010 123.310547 12.570648 123.310547 12.576010 123.316040 12.576010 123.316040 12.570648 123.321533 12.570648 123.321533 12.565287 123.327026 12.565287 123.327026 12.559925 123.332520 12.565287 123.332520 12.559925 123.338013 12.559925 123.338013 12.554564 123.343506 12.554564 123.343506 12.549202 123.359985 12.549202 123.359985 12.543840 123.381958 12.543840 123.376465 12.538478 123.348999 12.538478 123.348999 12.543840 123.343506 12.538478 123.338013 12.538478 123.338013 12.533115 123.343506 12.533115 123.343506 12.522391 123.348999 12.522391 123.354492 12.517028 123.354492 12.500940 123.359985 12.495577 123.359985 12.479487 123.348999 12.479487 123.348999 12.484850 123.343506 12.484850 123.343506 12.479487
R	1	123.645630 12.082296 123.645630 12.071553 123.656616 12.071553 123.656616 12.076924 123.651123 12.076924 123.651123 12.082296 123.645630 12.082296
R	2	123.332520 12.447305 123.327026 12.447305 123.327026 12.431212 123.332520 12.431212 123.332520 12.447305
R	3	123.294067 12.227286 123.299561 12.227286 123.299561 12.238023 123.294067 12.232655 123.294067 12.227286
R	4	123.277588 12.431212 123.283081 12.431212 123.288574 12.436577 123.283081 12.436577 123.277588 12.431212
R	5	123.585205 12.356100 123.579712 12.356100 123.585205 12.350734 123.585205 12.356100
R	0	123.134766 11.861975 123.140259 11.856599 123.140259 11.845847 123.134766 11.845847 123.123779 11.835094 123.118286 11.835094 123.118286 11.856599 123.123779 11.856599 123.123779 11.861975 123.134766 11.861975
R	0	122.975464 13.127629 122.975464 13.138328 122.986450 13.138328 122.986450 13.143678 122.991943 13.143678 122.991943 13.159725 122.997437 13.159725 122.997437 13.149027 123.002930 13.149027 123.002930 13.143678 123.008423 13.143678 123.008423 13.138328 123.041382 13.138328 123.046875 13.132979 123.046875 13.122280 123.035889 13.122280 123.035889 13.116930 123.052368 13.116930 123.052368 13.122280 123.057861 13.116930 123.057861 13.111580 123.063354 13.106230 123.063354 13.095530 123.068848 13.095530 123.068848 13.090179 123.074341 13.084829 123.074341 13.079478 123.085327 13.079478 123.085327 13.068777 123.090820 13.068777 123.090820 13.063426 123.096313 13.063426 123.096313 13.047372 123.101807 13.042021 123.107300 13.042021 123.107300 13.036669 123.101807 13.036669 123.101807 13.031318 123.118286 13.031318 123.118286 13.025966 123.123779 13.020614 123.129272 13.020614 123.129272 13.009910 123.134766 13.009910 123.134766 12.999205 123.140259 12.999205 123.140259 12.988500 123.145752 12.988500 123.145752 12.977795 123.140259 12.977795 123.140259 12.972442 123.145752 12.972442 123.145752 12.967089 123.156738 12.967089 123.156738 12.951029 123.162231 12.951029 123.162231 12.940322 123.167725 12.940322 123.167725 12.934968 123.173218 12.934968 123.173218 12.924261 123.178711 12.924261 123.178711 12.918907 123.184204 12.918907 123.184204 12.913552 123.189697 12.913552 123.189697 12.908198 123.228149 12.908198 123.233643 12.913552 123.233643 12.908198 123.244629 12.908198 123.244629 12.902844 123.255615 12.902844 123.255615 12.897489 123.272095 12.897489 123.272095 12.892135 123.277588 12.892135 123.277588 12.881425 123.283081 12.881425 123.283081 12.876070 123.277588 12.870715 123.277588 12.860004 123.283081 12.860004 123.283081 12.849293 123.277588 12.843938 123.283081 12.838582 123.283081 12.833226 123.288574 12.833226 123.283081 12.827870 123.283081 12.822514 123.294067 12.811801 123.294067 12.806445 123.299561 12.801088 123.299561 12.795732 123.305054 12.795732 123.305054 12.785018 123.310547 12.785018 123.310547 12.779661 123.316040 12.779661 123.316040 12.785018 123.327026 12.774304 123.327026 12.768946 123.332520 12.768946 123.332520 12.758232 123.338013 12.758232 123.338013 12.747516 123.343506 12.747516 123.359985 12.731442 123.359985 12.726084 123.370972 12.726084 123.370972 12.720726 123.376465 12.715368 123.376465 12.710009 123.381958 12.710009 123.381958 12.699292 123.387451 12.699292 123.387451 12.693933 123.359985 12.693933 123.359985 12.699292 123.354492 12.699292 123.354492 12.704651 123.348999 12.704651 123.348999 12.715368 123.343506 12.715368 123.338013 12.720726 123.332520 12.720726 123.332520 12.731442 123.327026 12.731442 123.327026 12.736801 123.316040 12.747516 123.316040 12.752874 123.310547 12.752874 123.310547 12.768946 123.305054 12.774304 123.305054 12.779661 123.294067 12.790375 123.294067 12.801088 123.288574 12.801088 123.288574 12.806445 123.283081 12.806445 123.277588 12.811801 123.266602 12.811801 123.266602 12.827870 123.261108 12.833226 123.250122 12.833226 123.250122 12.838582 123.217163 12.838582 123.217163 12.843938 123.211670 12.843938 123.211670 12.849293 123.206177 12.849293 123.206177 12.843938 123.195190 12.843938 123.195190 12.849293 123.189697 12.854649 123.189697 12.860004 123.184204 12.860004 123.184204 12.865360 123.178711 12.870715 123.178711 12.876070 123.173218 12.876070 123.173218 12.881425 123.167725 12.886780 123.156738 12.892135 123.151245 12.886780 123.145752 12.886780 123.145752 12.892135 123.140259 12.892135 123.140259 12.897489 123.145752 12.897489 123.145752 12.908198 123.129272 12.908198 123.123779 12.913552 123.118286 12.913552 123.118286 12.924261 123.107300 12.924261 123.107300 12.945676 123.101807 12.945676 123.101807 12.940322 123.096313 12.940322 123.096313 12.945676 123.090820 12.945676 123.090820 12.951029 123.085327 12.951029 123.085327 12.956383 123.090820 12.956383 123.090820 12.961736 123.079834 12.961736 123.079834 12.956383 123.074341 12.961736 123.074341 12.967089 123.068848 12.972442 123.068848 12.993853 123.063354 12.993853 123.063354 12.999205 123.052368 12.999205 123.052368 12.993853 123.046875 12.993853 123.046875 12.999205 123.024902 12.999205 123.019409 13.004558 123.013916 13.004558 123.013916 13.009910 123.008423 13.009910 123.002930 13.004558 122.986450 13.004558 122.980957 13.009910 122.975464 13.009910 122.975464 13.015262 122.969971 13.015262 122.969971 13.020614 122.964478 13.020614 122.964478 13.036669 122.958984 13.031318 122.942505 13.031318 122.942505 13.036669 122.947998 13.036669 122.947998 13.047372 122.942505 13.047372 122.942505 13.058075 122.947998 13.058075 122.947998 13.063426 122.942505 13.068777 122.947998 13.068777 122.947998 13.079478 122.953491 13.079478 122.947998 13.084829 122.958984 13.084829 122.958984 13.090179 122.953491 13.095530 122.942505 13.095530 122.942505 13.100880 122.937012 13.100880 122.931519 13.106230 122.931519 13.116930 122.937012 13.116930 122.937012 13.122280 122.953491 13.122280 122.958984 13.127629 122.958984 13.122280 122.964478 13.122280 122.969971 13.127629 122.975464 13.127629
R	1	122.975464 13.127629 122.975464 13.116930 122.980957 13.116930 122.980957 13.127629 122.975464 13.127629
R	2	122.964478 13.122280 122.964478 13.116930 122.969971 13.116930 122.969971 13.122280 122.964478 13.122280
R	0	124.090576 11.883478 124.090576 11.878102 124.096069 11.878102 124.096069 11.872727 124.090576 11.872727 124.090576 11.867351 124.085083 11.867351 124.085083 11.872727 124.079590 11.872727 124.079590 11.878102 124.085083 11.878102 124.085083 11.883478 124.090576 11.883478
R	0	123.673096 11.904979 123.673096 11.888853 123.678589 11.883478 123.673096 11.878102 123.673096 11.872727 123.662109 11.872727 123.662109 11.888853 123.656616 11.888853 123.662109 11.894228 123.656616 11.894228 123.656616 11.899604 123.662109 11.904979 123.673096 11.904979
R	0	123.607178 12.640338 123.612671 12.640338 123.612671 12.651058 123.607178 12.651058 123.607178 12.661778 123.601685 12.667137 123.601685 12.683215 123.612671 12.683215 123.612671 12.688574 123.618164 12.688574 123.618164 12.693933 123.629150 12.693933 123.629150 12.683215 123.634644 12.683215 123.634644 12.672496 123.640137 12.672496 123.640137 12.667137 123.645630 12.667137 123.645630 12.656418 123.651123 12.656418 123.651123 12.651058 123.656616 12.651058 123.656616 12.645698 123.678589 12.645698 123.678589 12.640338 123.689575 12.640338 123.700562 12.629618 123.706055 12.629618 123.706055 12.624258 123.711548 12.624258 123.711548 12.618897 123.706055 12.613537 123.711548 12.608176 123.711548 12.613537 123.728027 12.613537 123.728027 12.602815 123.733521 12.597455 123.733521 12.576010 123.728027 12.576010 123.728027 12.581371 123.722534 12.581371 123.722534 12.570648 123.739014 12.570648 123.739014 12.554564 123.744507 12.554564 123.744507 12.538478 123.750000 12.538478 123.750000 12.533115 123.739014 12.533115 123.739014 12.527753 123.755493 12.527753 123.755493 12.522391 123.750000 12.522391 123.750000 12.517028 123.755493 12.517028 123.760986 12.511665 123.760986 12.506303 123.766479 12.506303 123.766479 12.495577 123.771973 12.495577 123.771973 12.490214 123.766479 12.490214 123.766479 12.479487 123.771973 12.479487 123.771973 12.452669 123.777466 12.447305 123.777466 12.431212 123.782959 12.425848 123.782959 12.420483 123.777466 12.420483 123.777466 12.415119 123.782959 12.415119 123.788452 12.409754 123.793945 12.409754 123.793945 12.388294 123.788452 12.388294 123.788452 12.382928 123.782959 12.382928 123.782959 12.377563 123.788452 12.377563 123.782959 12.372197 123.788452 12.372197 123.793945 12.377563 123.799438 12.372197 123.799438 12.361466 123.793945 12.361466 123.793945 12.350734 123.799438 12.345368 123.788452 12.345368 123.788452 12.340002 123.777466 12.350734 123.777466 12.356100 123.771973 12.356100 123.771973 12.361466 123.766479 12.361466 123.766479 12.372197 123.760986 12.372197 123.760986 12.377563 123.755493 12.377563 123.755493 12.382928 123.750000 12.382928 123.750000 12.388294 123.744507 12.388294 123.744507 12.393659 123.739014 12.393659 123.739014 12.399024 123.728027 12.399024 123.728027 12.404389 123.722534 12.409754 123.722534 12.425848 123.717041 12.425848 123.717041 12.436577 123.706055 12.436577 123.706055 12.441941 123.700562 12.441941 123.700562 12.452669 123.695068 12.452669 123.695068 12.458033 123.689575 12.458033 123.689575 12.463396 123.684082 12.463396 123.684082 12.474124 123.689575 12.479487 123.684082 12.484850 123.678589 12.484850 123.678589 12.490214 123.673096 12.490214 123.667603 12.495577 123.667603 12.500940 123.662109 12.506303 123.662109 12.517028 123.656616 12.517028 123.656616 12.522391 123.651123 12.522391 123.651123 12.533115 123.645630 12.533115 123.634644 12.543840 123.634644 12.549202 123.623657 12.559925 123.623657 12.576010 123.618164 12.576010 123.618164 12.581371 123.612671 12.581371 123.612671 12.608176 123.590698 12.608176 123.590698 12.618897 123.585205 12.618897 123.585205 12.629618 123.579712 12.629618 123.579712 12.634978 123.585205 12.640338 123.590698 12.640338 123.590698 12.629618 123.596191 12.629618 123.596191 12.640338 123.601685 12.645698 123.601685 12.640338 123.607178 12.640338
R	1	123.607178 12.640338 123.607178 12.634978 123.612671 12.634978 123.607178 12.640338
R	0	122.975464 13.154376 122.975464 13.138328 122.969971 13.132979 122.964478 13.132979 122.964478 13.138328 122.958984 13.132979 122.947998 13.132979 122.947998 13.138328 122.953491 13.143678 122.958984 13.143678 122.958984 13.149027 122.964478 13.149027 122.969971 13.154376 122.975464 13.154376
R	0	123.250122 12.382928 123.250122 12.372197 123.244629 12.372197 123.244629 12.366832 123.239136 12.366832 123.239136 12.345368 123.233643 12.345368 123.233643 12.372197 123.239136 12.372197 123.239136 12.382928 123.250122 12.382928
R	0	122.871094 13.154376 122.882080 13.154376 122.882080 13.149027 122.893066 13.149027 122.898560 13.143678 122.893066 13.143678 122.893066 13.138328 122.887573 13.143678 122.887573 13.138328 122.882080 13.143678 122.871094 13.143678 122.871094 13.154376
R	0	123.261108 12.189704 123.261108 12.184334 123.255615 12.178965 123.255615 12.173595 123.250122 12.168226 123.250122 12.173595 123.244629 12.168226 123.233643 12.168226 123.233643 12.173595 123.244629 12.173595 123.244629 12.178965 123.250122 12.178965 123.255615 12.184334 123.255615 12.189704 123.261108 12.189704
R	0	123.848877 12.248760 123.859863 12.248760 123.859863 12.243392 123.865356 12.243392 123.865356 12.227286 123.854370 12.238023 123.854370 12.243392 123.848877 12.243392 123.848877 12.248760
R	0	122.871094 13.154376 122.865601 13.154376 122.865601 13.159725 122.860107 13.159725 122.860107 13.170423 122.865601 13.170423 122.865601 13.165074 122.871094 13.165074 122.871094 13.154376
R	0	123.585205 12.640338 123.579712 12.640338 123.579712 12.651058 123.585205 12.651058 123.585205 12.640338
R	0	123.848877 12.248760 123.843384 12.248760 123.843384 12.254128 123.848877 12.248760
R	0	123.343506 12.479487 123.348999 12.479487 123.348999 12.474124 123.343506 12.479487
P	0506200000	Sorsogon
R	0	124.112549 12.549202 124.112549 12.543840 124.107056 12.543840 124.101562 12.538478 124.101562 12.533115 124.107056 12.533115 124.107056 12.527753 124.096069 12.527753 124.096069 12.522391 124.090576 12.522391 124.090576 12.533115 124.096069 12.538478 124.096069 12.543840 124.101562 12.543840 124.107056 12.549202 124.112549 12.549202
R	0	123.673096 12.924261 123.673096 12.918907 123.662109 12.918907 123.662109 12.913552 123.656616 12.913552 123.656616 12.902844 123.651123 12.897489 123.662109 12.886780 123.656616 12.886780 123.656616 12.876070 123.651123 12.870715 123.651123 12.876070 123.645630 12.876070 123.645630 12.881425 123.640137 12.881425 123.634644 12.886780 123.634644 12.892135 123.623657 12.892135 123.629150 12.897489 123.607178 12.897489 123.607178 12.902844 123.590698 12.902844 123.590698 12.908198 123.574219 12.924261 123.574219 12.929615 123.563232 12.940322 123.557739 12.940322 123.557739 12.945676 123.552246 12.945676 123.552246 12.951029 123.535767 12.951029 123.535767 12.940322 123.530273 12.934968 123.530273 12.940322 123.524780 12.940322 123.524780 12.951029 123.519287 12.951029 123.513794 12.956383 123.513794 12.961736 123.508301 12.961736 123.502808 12.967089 123.502808 12.972442 123.497314 12.972442 123.497314 12.977795 123.486328 12.988500 123.480835 12.988500 123.486328 12.993853 123.766479 12.988500 123.931274 13.111580 123.925781 13.122280 123.936768 13.122280 123.942261 13.116930 123.942261 13.111580 123.947754 13.111580 123.947754 13.106230 123.953247 13.106230 123.953247 13.100880 123.969727 13.100880 123.969727 13.106230 123.975220 13.106230 123.975220 13.095530 123.980713 13.095530 123.980713 13.090179 123.997192 13.090179 123.997192 13.084829 124.002686 13.084829 124.002686 13.079478 124.008179 13.079478 124.008179 13.068777 124.013672 13.068777 124.013672 13.063426 124.019165 13.058075 124.024658 13.058075 124.019165 13.052724 124.024658 13.052724 124.035645 13.047372 124.035645 13.042021 124.046631 13.042021 124.052124 13.036669 124.063110 13.036669 124.063110 13.031318 124.068604 13.031318 124.068604 13.015262 124.074097 13.015262 124.074097 13.004558 124.090576 13.004558 124.090576 13.009910 124.096069 13.009910 124.096069 13.020614 124.101562 13.025966 124.101562 13.031318 124.107056 13.031318 124.107056 13.063426 124.112549 13.063426 124.112549 13.068777 124.123535 13.068777 124.129028 13.074128 124.151001 13.074128 124.156494 13.068777 124.156494 13.074128 124.161987 13.068777 124.189453 13.068777 124.189453 13.063426 124.194946 13.063426 124.194946 13.031318 124.189453 13.031318 124.189453 13.025966 124.194946 13.025966 124.194946 13.015262 124.189453 13.015262 124.189453 13.009910 124.183960 13.009910 124.183960 13.004558 124.167480 13.004558 124.161987 13.009910 124.161987 13.004558 124.156494 13.004558 124.156494 12.999205 124.151001 12.999205 124.151001 12.988500 124.145508 12.988500 124.145508 12.983148 124.140015 12.983148 124.140015 12.967089 124.145508 12.967089 124.145508 12.940322 124.134521 12.929615 124.129028 12.929615 124.129028 12.924261 124.123535 12.924261 124.123535 12.918907 124.129028 12.918907 124.129028 12.913552 124.118042 12.913552 124.118042 12.897489 124.123535 12.897489 124.123535 12.892135 124.140015 12.892135 124.140015 12.897489 124.145508 12.897489 124.145508 12.886780 124.140015 12.886780 124.140015 12.870715 124.145508 12.870715 124.145508 12.865360 124.151001 12.865360 124.151001 12.860004 124.156494 12.860004 124.151001 12.854649 124.151001 12.849293 124.145508 12.849293 124.145508 12.843938 124.151001 12.838582 124.151001 12.833226 124.156494 12.833226 124.156494 12.822514 124.151001 12.822514 124.156494 12.817158 124.156494 12.806445 124.151001 12.806445 124.151001 12.790375 124.145508 12.790375 124.145508 12.785018 124.151001 12.785018 124.151001 12.774304 124.140015 12.768946 124.140015 12.742158 124.134521 12.736801 124.129028 12.736801 124.129028 12.731442 124.134521 12.731442 124.134521 12.715368 124.140015 12.715368 124.140015 12.693933 124.129028 12.693933 124.129028 12.677856 124.134521 12.677856 124.134521 12.661778 124.129028 12.661778 124.123535 12.656418 124.118042 12.656418 124.118042 12.651058 124.112549 12.651058 124.112549 12.645698 124.107056 12.645698 124.107056 12.640338 124.096069 12.640338 124.096069 12.618897 124.107056 12.608176 124.107056 12.597455 124.112549 12.592094 124.096069 12.592094 124.096069 12.586732 124.085083 12.586732 124.085083 12.581371 124.090576 12.581371 124.090576 12.576010 124.096069 12.576010 124.096069 12.554564 124.079590 12.554564 124.079590 12.549202 124.085083 12.549202 124.085083 12.543840 124.079590 12.543840 124.079590 12.538478 124.046631 12.538478 124.046631 12.533115 124.035645 12.533115 124.035645 12.543840 124.030151 12.538478 124.024658 12.538478 124.019165 12.543840 124.019165 12.538478 124.013672 12.538478 123.997192 12.543840 123.997192 12.549202 123.991699 12.543840 123.986206 12.543840 123.986206 12.554564 123.975220 12.554564 123.975220 12.559925 123.969727 12.559925 123.969727 12.565287 123.964233 12.570648 123.964233 12.576010 123.958740 12.576010 123.958740 12.581371 123.953247 12.581371 123.953247 12.586732 123.947754 12.586732 123.947754 12.602815 123.942261 12.602815 123.942261 12.613537 123.936768 12.613537 123.942261 12.618897 123.942261 12.624258 123.936768 12.624258 123.936768 12.629618 123.931274 12.629618 123.925781 12.624258 123.925781 12.618897 123.914795 12.618897 123.914795 12.640338 123.909302 12.640338 123.892822 12.645698 123.887329 12.645698 123.887329 12.651058 123.881836 12.651058 123.876343 12.656418 123.876343 12.661778 123.870850 12.661778 123.870850 12.677856 123.865356 12.683215 123.859863 12.683215 123.859863 12.699292 123.854370 12.704651 123.854370 12.715368 123.848877 12.715368 123.848877 12.752874 123.843384 12.752874 123.843384 12.763589 123.848877 12.763589 123.848877 12.768946 123.843384 12.774304 123.843384 12.806445 123.837891 12.817158 123.837891 12.822514 123.832397 12.827870 123.832397 12.833226 123.837891 12.833226 123.837891 12.838582 123.843384 12.838582 123.843384 12.843938 123.848877 12.843938 123.848877 12.849293 123.854370 12.849293 123.854370 12.854649 123.848877 12.854649 123.848877 12.860004 123.859863 12.860004 123.859863 12.876070 123.865356 12.876070 123.870850 12.870715 123.881836 12.870715 123.881836 12.865360 123.892822 12.865360 123.892822 12.860004 123.898315 12.860004 123.898315 12.854649 123.903809 12.854649 123.903809 12.849293 123.909302 12.849293 123.909302 12.854649 123.914795 12.854649 123.914795 12.849293 123.920288 12.849293 123.925781 12.843938 123.925781 12.854649 123.931274 12.854649 123.931274 12.843938 123.936768 12.843938 123.936768 12.854649 123.942261 12.854649 123.942261 12.870715 123.947754 12.870715 123.947754 12.876070 123.964233 12.876070 123.964233 12.881425 123.969727 12.881425 123.969727 12.876070 123.975220 12.876070 123.975220 12.881425 123.986206 12.881425 123.986206 12.870715 123.991699 12.870715 123.991699 12.865360 123.997192 12.865360 123.997192 12.870715 124.002686 12.870715 124.002686 12.876070 124.019165 12.876070 124.019165 12.881425 124.024658 12.881425 124.024658 12.892135 124.030151 12.892135 124.030151 12.902844 124.024658 12.908198 124.030151 12.908198 124.035645 12.918907 124.035645 12.924261 124.041138 12.924261 124.041138 12.945676 124.035645 12.945676 124.035645 12.956383 124.030151 12.956383 124.030151 12.961736 124.035645 12.961736 124.035645 12.967089 124.024658 12.967089 124.024658 12.972442 124.013672 12.972442 124.008179 12.967089 124.002686 12.967089 124.002686 12.961736 123.997192 12.961736 123.997192 12.967089 123.991699 12.967089 123.991699 12.961736 123.975220 12.961736 123.975220 12.956383 123.942261 12.956383 123.931274 12.967089 123.925781 12.967089 123.925781 12.977795 123.903809 12.977795 123.903809 12.972442 123.898315 12.972442 123.898315 12.977795 123.881836 12.977795 123.881836 12.945676 123.876343 12.945676 123.876343 12.940322 123.881836 12.940322 123.881836 12.934968 123.870850 12.934968 123.870850 12.924261 123.859863 12.924261 123.859863 12.908198 123.854370 12.908198 123.854370 12.897489 123.848877 12.897489 123.848877 12.902844 123.832397 12.902844 123.832397 12.892135 123.837891 12.892135 123.832397 12.886780 123.832397 12.876070 123.821411 12.876070 123.821411 12.892135 123.815918 12.892135 123.815918 12.876070 123.810425 12.876070 123.810425 12.870715 123.804932 12.870715 123.804932 12.865360 123.782959 12.865360 123.782959 12.870715 123.777466 12.870715 123.777466 12.876070 123.771973 12.876070 123.771973 12.881425 123.760986 12.881425 123.760986 12.870715 123.766479 12.870715 123.760986 12.865360 123.760986 12.860004 123.755493 12.860004 123.755493 12.854649 123.750000 12.854649 123.750000 12.849293 123.744507 12.849293 123.744507 12.843938 123.733521 12.843938 123.733521 12.849293 123.728027 12.849293 123.728027 12.854649 123.722534 12.854649 123.722534 12.865360 123.728027 12.865360 123.728027 12.870715 123.722534 12.870715 123.722534 12.876070 123.711548 12.876070 123.711548 12.881425 123.728027 12.881425 123.728027 12.886780 123.700562 12.886780 123.695068 12.892135 123.700562 12.892135 123.695068 12.897489 123.689575 12.897489 123.689575 12.881425 123.695068 12.881425 123.695068 12.876070 123.706055 12.876070 123.706055 12.870715 123.695068 12.870715 123.695068 12.865360 123.689575 12.865360 123.684082 12.870715 123.684082 12.892135 123.678589 12.892135 123.678589 12.902844 123.684082 12.902844 123.684082 12.913552 123.689575 12.913552 123.689575 12.918907 123.684082 12.918907 123.684082 12.924261 123.678589 12.924261 123.678589 12.929615 123.673096 12.929615 123.673096 12.924261
R	1	123.728027 12.897489 123.728027 12.886780 123.733521 12.892135 123.728027 12.897489
R	2	123.695068 12.924261 123.689575 12.924261 123.689575 12.918907 123.695068 12.918907 123.695068 12.924261
R	3	123.706055 12.934968 123.695068 12.934968 123.695068 12.924261 123.700562 12.924261 123.700562 12.929615 123.706055 12.934968
R	4	123.706055 12.940322 123.706055 12.934968 123.717041 12.934968 123.717041 12.940322 123.706055 12.940322
R	5	123.837891 12.833226 123.837891 12.827870 123.843384 12.827870 123.843384 12.833226 123.837891 12.833226
R	0	123.892822 12.886780 123.892822 12.881425 123.898315 12.881425 123.898315 12.876070 123.903809 12.876070 123.903809 12.870715 123.887329 12.870715 123.887329 12.876070 123.881836 12.876070 123.881836 12.886780 123.892822 12.886780
R	0	123.810425 12.838582 123.810425 12.833226 123.826904 12.833226 123.826904 12.822514 123.821411 12.822514 123.821411 12.817158 123.815918 12.822514 123.804932 12.822514 123.804932 12.827870 123.799438 12.827870 123.799438 12.833226 123.788452 12.833226 123.788452 12.838582 123.810425 12.838582
R	0	123.942261 12.602815 123.942261 12.597455 123.936768 12.597455 123.936768 12.602815 123.942261 12.602815
R	0	124.151001 12.967089 124.145508 12.967089 124.145508 12.972442 124.151001 12.972442 124.151001 12.967089
R	0	123.678589 12.902844 123.673096 12.908198 123.678589 12.908198 123.678589 12.902844
R	0	123.673096 12.924261 123.678589 12.924261 123.678589 12.918907 123.673096 12.924261
P	0600400000	Aklan
R	0	122.448120 11.609193 122.448120 11.619955 122.453613 11.619955 122.453613 11.614574 122.459106 11.614574 122.459106 11.609193 122.448120 11.609193
R	0	121.926270 12.001712 121.926270 11.980218 121.931763 11.980218 121.931763 11.974845 121.926270 11.974845 121.926270 11.969471 121.931763 11.964097 121.931763 11.958723 121.937256 11.958723 121.937256 11.953349 121.942749 11.953349 121.942749 11.958723 121.948242 11.958723 121.948242 11.947975 121.942749 11.942601 121.937256 11.942601 121.937256 11.937227 121.931763 11.937227 121.931763 11.953349 121.926270 11.953349 121.926270 11.964097 121.920776 11.964097 121.920776 11.969471 121.915283 11.969471 121.915283 11.974845 121.909790 11.974845 121.909790 11.985592 121.904297 11.985592 121.904297 11.990965 121.909790 11.990965 121.915283 11.996338 121.920776 11.996338 121.920776 12.001712 121.926270 12.001712
R	0	122.426147 11.619955 122.420654 11.614574 122.420654 11.619955 122.426147 11.619955
R	0	122.431641 11.636096 122.442627 11.625335 122.448120 11.619955 122.437134 11.619955 122.437134 11.625335 122.431641 11.625335 122.431641 11.636096
R	0	122.431641 11.652236 122.420654 11.652236 122.420654 11.657616 122.404175 11.657616 122.404175 11.652236 122.409668 11.652236 122.409668 11.646856 122.404175 11.646856 122.398682 11.641476 122.398682 11.636096 122.404175 11.630716 122.404175 11.636096 122.415161 11.636096 122.415161 11.630716 122.409668 11.630716 122.409668 11.625335 122.415161 11.619955 122.415161 11.614574 122.420654 11.614574 122.420654 11.609193 122.431641 11.609193 122.426147 11.603813 122.426147 11.598432 122.437134 11.598432 122.437134 11.593051 122.442627 11.593051 122.442627 11.609193 122.448120 11.609193 122.453613 11.603813 122.453613 11.598432 122.464600 11.598432 122.464600 11.587669 122.470093 11.587669 122.470093 11.582288 122.475586 11.582288 122.475586 11.576907 122.486572 11.576907 122.486572 11.566144 122.481079 11.560762 122.486572 11.560762 122.492065 11.566144 122.492065 11.571525 122.497559 11.571525 122.497559 11.582288 122.492065 11.582288 122.492065 11.587669 122.497559 11.587669 122.497559 11.593051 122.503052 11.593051 122.514038 11.587669 122.519531 11.587669 122.525024 11.582288 122.530518 11.582288 122.530518 11.576907 122.552490 11.576907 122.552490 11.571525 122.557983 11.571525 122.568970 11.566144 122.574463 11.566144 122.574463 11.555380 122.579956 11.555380 122.574463 11.544616 122.200928 11.313094 122.167969 11.732924 121.992188 11.829718 121.843872 11.765192 121.849365 11.770570 121.854858 11.770570 121.854858 11.775948 121.860352 11.781325 121.865845 11.781325 121.865845 11.792080 121.871338 11.792080 121.871338 11.802834 121.876831 11.802834 121.876831 11.813588 121.882324 11.813588 121.882324 11.835094 121.887817 11.835094 121.887817 11.851223 121.882324 11.851223 121.882324 11.899604 121.909790 11.899604 121.909790 11.904979 121.915283 11.899604 121.915283 11.904979 121.926270 11.904979 121.926270 11.910354 121.937256 11.910354 121.942749 11.915728 121.948242 11.915728 121.948242 11.937227 121.959229 11.937227 121.964722 11.931852 121.964722 11.926478 121.970215 11.926478 121.970215 11.921103 121.975708 11.921103 121.981201 11.915728 121.986694 11.915728 121.986694 11.910354 121.997681 11.910354 122.003174 11.904979 122.014160 11.899604 122.014160 11.894228 122.019653 11.894228 122.019653 11.883478 122.025146 11.883478 122.025146 11.878102 122.030640 11.878102 122.030640 11.872727 122.036133 11.872727 122.036133 11.867351 122.047119 11.856599 122.052612 11.856599 122.052612 11.851223 122.058105 11.851223 122.069092 11.845847 122.074585 11.840471 122.080078 11.840471 122.080078 11.835094 122.091064 11.835094 122.091064 11.829718 122.102051 11.829718 122.124023 11.824341 122.173462 11.824341 122.173462 11.818965 122.178955 11.818965 122.178955 11.813588 122.189941 11.813588 122.189941 11.808211 122.217407 11.808211 122.217407 11.813588 122.222900 11.813588 122.222900 11.797457 122.228394 11.792080 122.233887 11.792080 122.233887 11.786703 122.250366 11.786703 122.250366 11.792080 122.261353 11.792080 122.261353 11.781325 122.283325 11.759815 122.288818 11.759815 122.288818 11.754437 122.294312 11.754437 122.305298 11.743681 122.310791 11.743681 122.316284 11.738302 122.382202 11.738302 122.382202 11.732924 122.387695 11.732924 122.393188 11.727546 122.387695 11.727546 122.393188 11.722167 122.398682 11.722167 122.398682 11.711410 122.393188 11.716788 122.393188 11.700652 122.398682 11.700652 122.398682 11.689894 122.404175 11.689894 122.404175 11.684514 122.409668 11.684514 122.409668 11.679135 122.415161 11.673755 122.415161 11.668376 122.420654 11.668376 122.420654 11.662996 122.426147 11.662996 122.426147 11.657616 122.431641 11.657616 122.431641 11.652236
R	1	122.459106 11.582288 122.459106 11.576907 122.448120 11.576907 122.442627 11.582288 122.442627 11.566144 122.448120 11.566144 122.448120 11.555380 122.453613 11.555380 122.459106 11.549998 122.459106 11.555380 122.464600 11.555380 122.464600 11.549998 122.470093 11.549998 122.470093 11.555380 122.481079 11.555380 122.481079 11.560762 122.475586 11.560762 122.475586 11.571525 122.464600 11.571525 122.464600 11.576907 122.459106 11.582288
R	2	122.426147 11.598432 122.420654 11.598432 122.420654 11.593051 122.426147 11.593051 122.426147 11.598432
R	0	122.431641 11.652236 122.437134 11.652236 122.437134 11.646856 122.442627 11.641476 122.448120 11.641476 122.448120 11.636096 122.453613 11.636096 122.453613 11.630716 122.459106 11.630716 122.470093 11.619955 122.475586 11.619955 122.481079 11.614574 122.486572 11.614574 122.492065 11.609193 122.492065 11.598432 122.486572 11.593051 122.481079 11.598432 122.481079 11.603813 122.475586 11.603813 122.475586 11.609193 122.470093 11.609193 122.470093 11.614574 122.459106 11.614574 122.453613 11.619955 122.448120 11.625335 122.442627 11.625335 122.442627 11.630716 122.431641 11.641476 122.431641 11.636096 122.426147 11.636096 122.426147 11.641476 122.420654 11.641476 122.420654 11.646856 122.431641 11.646856 122.431641 11.652236
P	0600600000	Antique
R	0	121.992188 11.829718 122.167969 11.732924 122.200928 11.313094 122.211914 11.167624 122.239380 11.135287 122.327271 10.941192 122.063599 10.682201 122.014160 10.477009 122.030640 10.466206 122.030640 10.460804 122.025146 10.460804 122.025146 10.455402 122.019653 10.455402 122.019653 10.450000 122.014160 10.450000 122.014160 10.444598 122.008667 10.444598 122.003174 10.439196 121.997681 10.439196 121.997681 10.433793 121.986694 10.433793 121.986694 10.428391 121.981201 10.428391 121.981201 10.422988 121.975708 10.422988 121.975708 10.417586 121.964722 10.417586 121.964722 10.406780 121.959229 10.406780 121.959229 10.412183 121.953735 10.417586 121.942749 10.417586 121.942749 10.422988 121.937256 10.422988 121.937256 10.428391 121.926270 10.428391 121.926270 10.433793 121.920776 10.433793 121.920776 10.444598 121.915283 10.444598 121.909790 10.450000 121.915283 10.450000 121.915283 10.466206 121.920776 10.466206 121.920776 10.498614 121.915283 10.504016 121.926270 10.504016 121.926270 10.509417 121.931763 10.509417 121.931763 10.514818 121.937256 10.514818 121.937256 10.520219 121.942749 10.525619 121.942749 10.531020 121.948242 10.531020 121.948242 10.536421 121.953735 10.536421 121.953735 10.547221 121.959229 10.547221 121.959229 10.563422 121.964722 10.568822 121.964722 10.590421 121.970215 10.590421 121.970215 10.622817 121.975708 10.628216 121.975708 10.660608 121.981201 10.666006 121.981201 10.671404 121.975708 10.671404 121.975708 10.692996 121.970215 10.692996 121.970215 10.709189 121.964722 10.714587 121.964722 10.719984 121.959229 10.719984 121.959229 10.725381 121.953735 10.725381 121.953735 10.730778 121.948242 10.730778 121.948242 10.736175 121.942749 10.741572 121.931763 10.741572 121.931763 10.752366 121.926270 10.757763 121.926270 10.768556 121.931763 10.773952 121.931763 10.784745 121.942749 10.795537 121.942749 10.800933 121.948242 10.806328 121.942749 10.806328 121.948242 10.811724 121.948242 10.827911 121.953735 10.827911 121.953735 10.849491 121.959229 10.854886 121.959229 10.860281 121.964722 10.860281 121.964722 10.876465 121.970215 10.876465 121.970215 10.887254 121.975708 10.892648 121.975708 10.903436 121.981201 10.908830 121.981201 10.930405 121.986694 10.930405 121.986694 10.935798 121.997681 10.946585 121.997681 10.951978 122.003174 10.951978 122.003174 10.957371 122.008667 10.957371 122.008667 10.962764 122.014160 10.962764 122.014160 10.968157 122.019653 10.968157 122.019653 10.973550 122.025146 10.978943 122.025146 10.984335 122.030640 10.984335 122.030640 10.989728 122.036133 10.995120 122.036133 11.000512 122.041626 11.000512 122.041626 11.022080 122.047119 11.022080 122.047119 11.027472 122.052612 11.027472 122.052612 11.043647 122.047119 11.054430 122.047119 11.065212 122.041626 11.070603 122.041626 11.081385 122.047119 11.086775 122.047119 11.097556 122.041626 11.102947 122.041626 11.113727 122.036133 11.113727 122.036133 11.124507 122.041626 11.135287 122.041626 11.151456 122.036133 11.162235 122.036133 11.194568 122.041626 11.210734 122.047119 11.216122 122.047119 11.221510 122.052612 11.221510 122.052612 11.226898 122.047119 11.243062 122.047119 11.253837 122.052612 11.253837 122.052612 11.264612 122.047119 11.264612 122.047119 11.270000 122.036133 11.280774 122.036133 11.286161 122.030640 11.286161 122.025146 11.296934 122.025146 11.302321 122.030640 11.307708 122.030640 11.313094 122.036133 11.318481 122.036133 11.323867 122.041626 11.329253 122.047119 11.329253 122.052612 11.334639 122.052612 11.340025 122.058105 11.340025 122.058105 11.361568 122.063599 11.361568 122.063599 11.383109 122.058105 11.383109 122.058105 11.393879 122.052612 11.399264 122.052612 11.426187 122.058105 11.431571 122.058105 11.463874 122.052612 11.463874 122.052612 11.469258 122.063599 11.469258 122.069092 11.474641 122.074585 11.474641 122.074585 11.480025 122.080078 11.490791 122.080078 11.496174 122.085571 11.496174 122.085571 11.523088 122.080078 11.528470 122.080078 11.544616 122.085571 11.549998 122.085571 11.576907 122.091064 11.582288 122.091064 11.598432 122.096558 11.598432 122.096558 11.641476 122.102051 11.641476 122.102051 11.657616 122.096558 11.662996 122.096558 11.679135 122.102051 11.679135 122.102051 11.689894 122.096558 11.695273 122.102051 11.695273 122.102051 11.706031 122.096558 11.706031 122.096558 11.711410 122.091064 11.716788 122.091064 11.722167 122.085571 11.722167 122.085571 11.727546 122.080078 11.727546 122.080078 11.732924 122.074585 11.732924 122.074585 11.738302 122.058105 11.738302 122.058105 11.732924 122.041626 11.732924 122.036133 11.738302 122.030640 11.738302 122.030640 11.743681 122.019653 11.743681 122.019653 11.738302 122.008667 11.738302 122.008667 11.743681 121.997681 11.743681 121.997681 11.749059 121.992188 11.749059 121.986694 11.754437 121.981201 11.749059 121.975708 11.749059 121.970215 11.754437 121.959229 11.754437 121.953735 11.759815 121.937256 11.759815 121.931763 11.765192 121.909790 11.765192 121.909790 11.759815 121.887817 11.759815 121.882324 11.754437 121.860352 11.754437 121.854858 11.759815 121.843872 11.759815 121.843872 11.765192 121.992188 11.829718
R	0	121.926270 11.480025 121.931763 11.474641 121.926270 11.474641 121.926270 11.469258 121.920776 11.469258 121.920776 11.463874 121.898804 11.463874 121.898804 11.469258 121.887817 11.469258 121.887817 11.474641 121.909790 11.474641 121.909790 11.480025 121.926270 11.480025
R	0	121.387939 12.125264 121.387939 12.119894 121.393433 12.119894 121.393433 12.109152 121.398926 12.109152 121.398926 12.103781 121.404419 12.103781 121.415405 12.098410 121.404419 12.098410 121.404419 12.093039 121.398926 12.093039 121.398926 12.082296 121.393433 12.082296 121.393433 12.076924 121.398926 12.076924 121.398926 12.066181 121.404419 12.066181 121.404419 12.055437 121.409912 12.050065 121.409912 12.039321 121.426392 12.039321 121.426392 12.023203 121.420898 12.023203 121.420898 12.012458 121.415405 12.012458 121.415405 12.007085 121.409912 12.001712 121.404419 12.001712 121.387939 11.985592 121.382446 11.990965 121.382446 11.996338 121.376953 11.996338 121.376953 12.007085 121.371460 12.007085 121.371460 12.028576 121.365967 12.028576 121.360474 12.033948 121.365967 12.033948 121.365967 12.055437 121.371460 12.055437 121.371460 12.060809 121.382446 12.060809 121.382446 12.071553 121.371460 12.071553 121.371460 12.076924 121.365967 12.071553 121.360474 12.071553 121.360474 12.082296 121.343994 12.082296 121.343994 12.098410 121.349487 12.098410 121.349487 12.103781 121.354980 12.103781 121.354980 12.114523 121.360474 12.114523 121.360474 12.119894 121.365967 12.119894 121.371460 12.125264 121.387939 12.125264
R	0	121.470337 11.867351 121.475830 11.861975 121.514282 11.861975 121.530762 11.845847 121.530762 11.840471 121.525269 11.840471 121.525269 11.835094 121.514282 11.824341 121.514282 11.829718 121.486816 11.829718 121.486816 11.824341 121.475830 11.824341 121.475830 11.829718 121.453857 11.829718 121.453857 11.840471 121.448364 11.840471 121.448364 11.835094 121.437378 11.835094 121.437378 11.840471 121.415405 11.840471 121.415405 11.845847 121.420898 11.851223 121.420898 11.856599 121.426392 11.861975 121.426392 11.867351 121.470337 11.867351
R	0	121.558228 11.958723 121.558228 11.953349 121.563721 11.953349 121.563721 11.947975 121.569214 11.947975 121.569214 11.942601 121.574707 11.942601 121.574707 11.931852 121.569214 11.931852 121.574707 11.926478 121.574707 11.921103 121.580200 11.921103 121.580200 11.899604 121.574707 11.899604 121.569214 11.894228 121.547241 11.894228 121.541748 11.899604 121.541748 11.921103 121.547241 11.921103 121.547241 11.942601 121.536255 11.942601 121.536255 11.947975 121.541748 11.953349 121.547241 11.953349 121.547241 11.958723 121.558228 11.958723
R	0	121.580200 12.109152 121.585693 12.103781 121.585693 12.098410 121.580200 12.098410 121.574707 12.093039 121.569214 12.093039 121.569214 12.098410 121.574707 12.098410 121.574707 12.109152 121.580200 12.109152
R	0	121.563721 11.980218 121.569214 11.980218 121.563721 11.974845 121.558228 11.974845 121.558228 11.990965 121.563721 11.990965 121.563721 11.980218
R	0	121.558228 11.974845 121.558228 11.969471 121.552734 11.974845 121.558228 11.974845
P	0601900000	Capiz
R	0	122.706299 11.603813 122.706299 11.609193 122.711792 11.609193 122.711792 11.614574 122.717285 11.614574 122.717285 11.609193 122.750244 11.609193 122.750244 11.603813 122.761230 11.603813 122.766724 11.609193 122.788696 11.609193 122.794189 11.603813 122.805176 11.603813 122.805176 11.609193 122.832642 11.609193 122.832642 11.603813 122.827148 11.603813 122.827148 11.598432 122.832642 11.593051 122.838135 11.593051 122.838135 11.587669 122.843628 11.576907 122.849121 11.576907 122.849121 11.571525 122.854614 11.571525 122.854614 11.566144 122.860107 11.566144 122.860107 11.555380 122.865601 11.555380 122.865601 11.539234 122.871094 11.544616 122.882080 11.544616 122.882080 11.539234 122.887573 11.539234 122.887573 11.533852 122.893066 11.533852 122.898560 11.528470 122.904053 11.528470 122.909546 11.523088 122.920532 11.523088 122.926025 11.517705 122.931519 11.517705 122.931519 11.512322 122.926025 11.512322 122.926025 11.506940 122.920532 11.506940 122.915039 11.501557 122.915039 11.506940 122.909546 11.506940 122.909546 11.496174 122.898560 11.496174 122.898560 11.490791 122.893066 11.490791 122.893066 11.485408 122.887573 11.485408 122.893066 11.480025 122.893066 11.463874 122.882080 11.463874 122.887573 11.458491 122.904053 11.458491 122.904053 11.453107 122.893066 11.453107 122.893066 11.447723 122.887573 11.447723 122.882080 11.442339 122.887573 11.442339 122.893066 11.436955 122.887573 11.436955 122.887573 11.431571 122.904053 11.431571 122.904053 11.442339 122.909546 11.442339 122.909546 11.447723 122.915039 11.447723 122.915039 11.463874 122.920532 11.469258 122.915039 11.469258 122.915039 11.485408 122.920532 11.485408 122.920532 11.480025 122.931519 11.480025 122.937012 11.474641 122.942505 11.480025 122.986450 11.480025 122.986450 11.485408 122.991943 11.485408 122.991943 11.490791 123.008423 11.490791 123.008423 11.496174 123.013916 11.496174 123.013916 11.501557 123.019409 11.501557 123.024902 11.506940 123.030396 11.506940 123.030396 11.512322 123.041382 11.512322 123.041382 11.517705 123.057861 11.517705 123.057861 11.523088 123.068848 11.523088 123.068848 11.528470 123.079834 11.528470 123.079834 11.533852 123.090820 11.544616 123.096313 11.544616 122.849121 11.194568 122.327271 11.226898 122.239380 11.135287 122.211914 11.167624 122.200928 11.313094 122.574463 11.544616 122.579956 11.555380 122.585449 11.555380 122.585449 11.539234 122.590942 11.539234 122.590942 11.528470 122.585449 11.528470 122.585449 11.517705 122.629395 11.517705 122.629395 11.523088 122.634888 11.523088 122.634888 11.528470 122.640381 11.528470 122.640381 11.533852 122.645874 11.533852 122.645874 11.549998 122.640381 11.549998 122.640381 11.555380 122.634888 11.555380 122.634888 11.560762 122.640381 11.560762 122.640381 11.566144 122.645874 11.566144 122.645874 11.571525 122.651367 11.576907 122.651367 11.555380 122.662354 11.555380 122.662354 11.544616 122.667847 11.544616 122.667847 11.549998 122.673340 11.544616 122.684326 11.544616 122.684326 11.555380 122.678833 11.555380 122.678833 11.571525 122.695312 11.571525 122.700806 11.576907 122.711792 11.576907 122.711792 11.582288 122.717285 11.582288 122.711792 11.587669 122.711792 11.593051 122.717285 11.593051 122.717285 11.598432 122.717285 11.603813 122.711792 11.603813 122.711792 11.598432 122.706299 11.603813
R	1	122.585449 11.517705 122.579956 11.517705 122.579956 11.512322 122.585449 11.512322 122.585449 11.517705
R	0	122.640381 11.549998 122.640381 11.544616 122.634888 11.544616 122.634888 11.549998 122.640381 11.549998
P	0603000000	Iloilo
R	0	123.134766 11.512322 123.134766 11.506940 123.129272 11.506940 123.134766 11.512322
R	0	123.074341 11.167624 123.090820 11.167624 123.090820 11.162235 123.096313 11.162235 123.096313 11.156845 123.090820 11.151456 123.090820 11.146066 123.079834 11.146066 123.079834 11.156845 123.074341 11.156845 123.074341 11.167624
R	0	123.228149 11.517705 123.233643 11.512322 123.239136 11.512322 123.239136 11.501557 123.233643 11.501557 123.233643 11.474641 123.239136 11.469258 123.233643 11.469258 123.233643 11.463874 123.228149 11.463874 123.222656 11.458491 123.206177 11.458491 123.206177 11.463874 123.200684 11.463874 123.200684 11.469258 123.195190 11.469258 123.195190 11.474641 123.189697 11.474641 123.195190 11.480025 123.195190 11.485408 123.200684 11.485408 123.200684 11.490791 123.206177 11.490791 123.206177 11.496174 123.200684 11.496174 123.200684 11.506940 123.222656 11.506940 123.222656 11.496174 123.228149 11.496174 123.228149 11.506940 123.233643 11.506940 123.228149 11.512322 123.228149 11.517705
R	0	123.167725 11.313094 123.167725 11.302321 123.178711 11.302321 123.178711 11.307708 123.184204 11.296934 123.195190 11.296934 123.195190 11.291548 123.189697 11.291548 123.189697 11.286161 123.184204 11.286161 123.184204 11.280774 123.173218 11.280774 123.173218 11.275387 123.167725 11.270000 123.167725 11.253837 123.162231 11.253837 123.162231 11.259225 123.156738 11.259225 123.156738 11.248450 123.151245 11.248450 123.151245 11.259225 123.145752 11.259225 123.151245 11.264612 123.145752 11.270000 123.151245 11.270000 123.151245 11.275387 123.156738 11.275387 123.156738 11.313094 123.167725 11.313094
R	0	123.151245 11.151456 123.151245 11.146066 123.145752 11.140677 123.140259 11.140677 123.140259 11.129897 123.134766 11.129897 123.134766 11.119117 123.129272 11.113727 123.129272 11.102947 123.123779 11.102947 123.118286 11.097556 123.118286 11.102947 123.112793 11.102947 123.112793 11.113727 123.118286 11.113727 123.118286 11.119117 123.112793 11.119117 123.112793 11.129897 123.107300 11.129897 123.107300 11.135287 123.112793 11.140677 123.112793 11.146066 123.129272 11.146066 123.129272 11.151456 123.151245 11.151456
R	0	123.255615 11.463874 123.261108 11.458491 123.272095 11.458491 123.277588 11.453107 123.272095 11.453107 123.277588 11.447723 123.272095 11.442339 123.272095 11.436955 123.266602 11.436955 123.266602 11.426187 123.255615 11.426187 123.255615 11.431571 123.250122 11.431571 123.250122 11.442339 123.244629 11.442339 123.244629 11.463874 123.255615 11.463874
R	0	123.189697 11.539234 123.189697 11.523088 123.195190 11.523088 123.195190 11.517705 123.189697 11.517705 123.189697 11.512322 123.173218 11.512322 123.173218 11.496174 123.167725 11.496174 123.167725 11.490791 123.156738 11.490791 123.156738 11.496174 123.162231 11.496174 123.162231 11.517705 123.167725 11.517705 123.167725 11.523088 123.178711 11.523088 123.178711 11.533852 123.184204 11.533852 123.184204 11.539234 123.189697 11.539234
R	0	123.189697 11.221510 123.189697 11.205345 123.184204 11.205345 123.184204 11.199957 123.173218 11.199957 123.173218 11.194568 123.162231 11.194568 123.162231 11.205345 123.156738 11.210734 123.162231 11.210734 123.162231 11.221510 123.178711 11.221510 123.178711 11.216122 123.184204 11.216122 123.184204 11.221510 123.189697 11.221510
R	0	123.338013 11.598432 123.338013 11.593051 123.354492 11.593051 123.354492 11.587669 123.343506 11.587669 123.343506 11.582288 123.338013 11.582288 123.338013 11.571525 123.327026 11.571525 123.327026 11.576907 123.332520 11.582288 123.327026 11.582288 123.327026 11.587669 123.321533 11.587669 123.321533 11.593051 123.327026 11.593051 123.327026 11.598432 123.338013 11.598432
R	0	123.359985 11.641476 123.359985 11.625335 123.354492 11.625335 123.354492 11.614574 123.348999 11.609193 123.343506 11.609193 123.343506 11.636096 123.354492 11.636096 123.359985 11.641476
R	0	122.711792 10.779348 122.706299 10.773952 122.706299 10.779348 122.711792 10.779348
R	0	123.134766 11.243062 123.134766 11.221510 123.123779 11.221510 123.123779 11.243062 123.134766 11.243062
R	0	123.217163 11.248450 123.217163 11.237674 123.211670 11.237674 123.211670 11.232286 123.206177 11.237674 123.200684 11.237674 123.200684 11.243062 123.206177 11.248450 123.217163 11.248450
R	0	123.140259 11.264612 123.140259 11.259225 123.145752 11.259225 123.145752 11.248450 123.140259 11.248450 123.134766 11.243062 123.134766 11.248450 123.129272 11.253837 123.134766 11.253837 123.134766 11.264612 123.140259 11.264612
R	0	123.151245 11.593051 123.145752 11.593051 123.145752 11.598432 123.151245 11.598432 123.151245 11.593051
R	0	122.980957 11.070603 122.986450 11.070603 122.986450 11.065212 122.980957 11.065212 122.980957 11.070603
R	0	122.980957 11.065212 122.975464 11.059821 122.975464 11.065212 122.980957 11.065212
R	0	123.074341 11.167624 123.052368 11.167624 123.046875 11.173013 123.035889 11.173013 123.035889 11.167624 123.030396 11.167624 123.024902 11.162235 123.024902 11.151456 123.019409 11.151456 123.019409 11.140677 123.013916 11.140677 123.013916 11.102947 123.008423 11.102947 123.008423 11.092166 123.002930 11.092166 123.002930 11.086775 122.997437 11.086775 122.997437 11.081385 122.991943 11.081385 122.991943 11.075994 122.980957 11.075994 122.980957 11.070603 122.953491 11.070603 122.953491 11.065212 122.947998 11.065212 122.947998 11.059821 122.953491 11.054430 122.953491 11.049038 122.964478 11.049038 122.964478 11.043647 122.958984 11.043647 122.953491 11.038255 122.953491 11.032864 122.942505 11.032864 122.942505 11.027472 122.937012 11.027472 122.937012 11.049038 122.942505 11.054430 122.942505 11.059821 122.937012 11.065212 122.920532 11.065212 122.920532 11.059821 122.915039 11.054430 122.915039 11.032864 122.909546 11.032864 122.909546 11.022080 122.893066 11.022080 122.893066 11.027472 122.887573 11.027472 122.887573 11.032864 122.871094 11.032864 122.871094 11.027472 122.860107 11.027472 122.860107 11.022080 122.854614 11.022080 122.854614 11.016689 122.849121 11.016689 122.849121 10.995120 122.854614 10.995120 122.849121 10.989728 122.843628 10.989728 122.843628 11.000512 122.810669 11.000512 122.810669 10.995120 122.799683 10.995120 122.794189 10.989728 122.783203 10.989728 122.777710 10.984335 122.777710 10.973550 122.772217 10.973550 122.772217 10.968157 122.777710 10.962764 122.772217 10.962764 122.766724 10.951978 122.761230 10.951978 122.761230 10.946585 122.766724 10.946585 122.766724 10.941192 122.772217 10.941192 122.772217 10.930405 122.777710 10.930405 122.777710 10.925011 122.783203 10.925011 122.783203 10.903436 122.788696 10.903436 122.788696 10.892648 122.777710 10.892648 122.783203 10.887254 122.788696 10.887254 122.783203 10.881859 122.783203 10.854886 122.777710 10.854886 122.777710 10.849491 122.772217 10.849491 122.772217 10.844096 122.766724 10.844096 122.766724 10.833306 122.761230 10.833306 122.761230 10.817120 122.755737 10.817120 122.755737 10.811724 122.750244 10.811724 122.750244 10.806328 122.744751 10.806328 122.744751 10.795537 122.739258 10.795537 122.739258 10.790141 122.728271 10.784745 122.722778 10.784745 122.717285 10.779348 122.711792 10.779348 122.706299 10.784745 122.700806 10.784745 122.695312 10.790141 122.689819 10.790141 122.689819 10.795537 122.667847 10.795537 122.667847 10.779348 122.656860 10.779348 122.656860 10.784745 122.651367 10.784745 122.651367 10.779348 122.645874 10.773952 122.634888 10.773952 122.634888 10.784745 122.629395 10.779348 122.612915 10.779348 122.612915 10.773952 122.607422 10.773952 122.607422 10.768556 122.601929 10.768556 122.601929 10.763159 122.596436 10.763159 122.596436 10.757763 122.590942 10.757763 122.590942 10.741572 122.596436 10.741572 122.596436 10.736175 122.601929 10.736175 122.601929 10.725381 122.596436 10.725381 122.596436 10.714587 122.590942 10.719984 122.590942 10.709189 122.596436 10.709189 122.590942 10.703792 122.590942 10.698394 122.579956 10.687599 122.568970 10.687599 122.568970 10.692996 122.563477 10.687599 122.563477 10.692996 122.557983 10.687599 122.546997 10.687599 122.546997 10.682201 122.530518 10.682201 122.530518 10.676803 122.525024 10.676803 122.525024 10.682201 122.508545 10.682201 122.503052 10.676803 122.503052 10.682201 122.492065 10.682201 122.486572 10.687599 122.442627 10.687599 122.437134 10.682201 122.415161 10.682201 122.415161 10.676803 122.404175 10.676803 122.404175 10.671404 122.382202 10.671404 122.376709 10.666006 122.365723 10.671404 122.332764 10.671404 122.332764 10.666006 122.327271 10.660608 122.321777 10.660608 122.321777 10.655210 122.294312 10.655210 122.294312 10.660608 122.272339 10.660608 122.272339 10.655210 122.261353 10.655210 122.261353 10.649811 122.255859 10.649811 122.255859 10.644412 122.250366 10.644412 122.250366 10.639014 122.244873 10.633615 122.239380 10.639014 122.206421 10.639014 122.206421 10.633615 122.195435 10.633615 122.195435 10.628216 122.189941 10.628216 122.189941 10.622817 122.178955 10.622817 122.178955 10.612019 122.173462 10.612019 122.167969 10.606620 122.167969 10.601220 122.162476 10.601220 122.156982 10.595821 122.151489 10.595821 122.145996 10.590421 122.145996 10.585022 122.102051 10.585022 122.102051 10.579622 122.096558 10.579622 122.096558 10.574222 122.091064 10.568822 122.091064 10.563422 122.085571 10.558022 122.085571 10.552622 122.080078 10.552622 122.080078 10.541821 122.074585 10.541821 122.074585 10.525619 122.069092 10.520219 122.063599 10.520219 122.063599 10.509417 122.058105 10.509417 122.063599 10.504016 122.063599 10.498614 122.058105 10.498614 122.052612 10.493213 122.052612 10.487812 122.047119 10.487812 122.047119 10.482410 122.036133 10.482410 122.036133 10.477009 122.030640 10.477009 122.030640 10.466206 122.014160 10.477009 122.063599 10.682201 122.327271 10.941192 122.239380 11.135287 122.327271 11.226898 122.849121 11.194568 123.096313 11.544616 123.101807 11.544616 123.107300 11.549998 123.107300 11.555380 123.118286 11.555380 123.118286 11.560762 123.123779 11.566144 123.129272 11.566144 123.129272 11.571525 123.134766 11.571525 123.134766 11.576907 123.129272 11.576907 123.140259 11.587669 123.140259 11.593051 123.145752 11.593051 123.145752 11.587669 123.151245 11.582288 123.151245 11.576907 123.156738 11.571525 123.162231 11.571525 123.162231 11.555380 123.156738 11.555380 123.151245 11.549998 123.151245 11.539234 123.145752 11.539234 123.145752 11.528470 123.140259 11.528470 123.140259 11.517705 123.134766 11.517705 123.129272 11.517705 123.129272 11.523088 123.123779 11.523088 123.123779 11.506940 123.129272 11.501557 123.129272 11.496174 123.134766 11.496174 123.134766 11.490791 123.140259 11.490791 123.140259 11.485408 123.134766 11.485408 123.134766 11.480025 123.145752 11.480025 123.145752 11.485408 123.156738 11.485408 123.156738 11.474641 123.162231 11.474641 123.162231 11.469258 123.156738 11.469258 123.156738 11.458491 123.151245 11.453107 123.151245 11.442339 123.145752 11.442339 123.140259 11.436955 123.140259 11.426187 123.134766 11.426187 123.134766 11.420802 123.129272 11.420802 123.129272 11.415418 123.134766 11.410033 123.140259 11.410033 123.140259 11.404649 123.145752 11.404649 123.145752 11.393879 123.151245 11.393879 123.151245 11.388494 123.145752 11.388494 123.145752 11.366953 123.140259 11.366953 123.140259 11.361568 123.129272 11.361568 123.129272 11.350797 123.134766 11.350797 123.134766 11.345411 123.129272 11.340025 123.112793 11.340025 123.112793 11.345411 123.107300 11.345411 123.107300 11.340025 123.101807 11.340025 123.101807 11.318481 123.107300 11.318481 123.107300 11.291548 123.101807 11.286161 123.101807 11.280774 123.096313 11.280774 123.096313 11.232286 123.090820 11.226898 123.096313 11.221510 123.101807 11.221510 123.101807 11.216122 123.112793 11.216122 123.118286 11.210734 123.118286 11.199957 123.123779 11.199957 123.123779 11.183791 123.129272 11.183791 123.129272 11.178402 123.123779 11.178402 123.123779 11.173013 123.129272 11.173013 123.118286 11.162235 123.107300 11.162235 123.107300 11.156845 123.101807 11.156845 123.101807 11.162235 123.096313 11.162235 123.096313 11.167624 123.090820 11.167624 123.090820 11.173013 123.079834 11.173013 123.079834 11.178402 123.074341 11.173013 123.074341 11.167624
R	1	123.129272 11.361568 123.129272 11.366953 123.123779 11.366953 123.123779 11.361568 123.129272 11.361568
R	2	122.590942 10.741572 122.585449 10.741572 122.590942 10.736175 122.590942 10.741572
R	3	123.129272 11.496174 123.123779 11.496174 123.129272 11.490791 123.129272 11.496174
P	0604500000	Negros Occidental
R	0	122.947998 10.687599 122.953491 10.687599 122.953491 10.698394 122.947998 10.698394 122.947998 10.725381 122.958984 10.725381 122.964478 10.730778 122.964478 10.736175 122.958984 10.736175 122.958984 10.746969 122.964478 10.746969 122.964478 10.790141 122.969971 10.790141 122.969971 10.795537 122.964478 10.795537 122.964478 10.806328 122.947998 10.806328 122.947998 10.849491 122.942505 10.854886 122.947998 10.854886 122.947998 10.865676 122.958984 10.865676 122.958984 10.887254 122.953491 10.887254 122.953491 10.898042 122.980957 10.898042 122.980957 10.903436 122.986450 10.903436 122.986450 10.908830 122.991943 10.908830 122.991943 10.914224 123.024902 10.914224 123.030396 10.914224 123.030396 10.919618 123.035889 10.925011 123.046875 10.925011 123.046875 10.919618 123.057861 10.919618 123.057861 10.908830 123.063354 10.914224 123.074341 10.914224 123.079834 10.919618 123.079834 10.925011 123.085327 10.925011 123.085327 10.930405 123.090820 10.930405 123.090820 10.935798 123.096313 10.935798 123.096313 10.941192 123.101807 10.941192 123.101807 10.946585 123.107300 10.946585 123.107300 10.951978 123.112793 10.951978 123.112793 10.957371 123.123779 10.957371 123.123779 10.968157 123.129272 10.968157 123.129272 10.973550 123.151245 10.973550 123.151245 10.978943 123.156738 10.978943 123.156738 10.973550 123.162231 10.973550 123.162231 10.978943 123.167725 10.978943 123.167725 10.984335 123.173218 10.984335 123.173218 10.989728 123.178711 10.989728 123.178711 10.995120 123.184204 10.995120 123.189697 11.000512 123.211670 11.000512 123.211670 10.995120 123.244629 10.995120 123.244629 11.000512 123.250122 10.995120 123.250122 10.989728 123.261108 10.989728 123.261108 10.984335 123.272095 10.984335 123.272095 10.978943 123.277588 10.978943 123.277588 10.973550 123.283081 10.973550 123.288574 10.968157 123.294067 10.968157 123.294067 10.962764 123.305054 10.962764 123.305054 10.957371 123.316040 10.957371 123.321533 10.951978 123.359985 10.951978 123.359985 10.957371 123.370972 10.957371 123.370972 10.962764 123.376465 10.962764 123.376465 10.957371 123.392944 10.957371 123.392944 10.951978 123.398438 10.951978 123.398438 10.946585 123.403931 10.946585 123.403931 10.951978 123.414917 10.951978 123.420410 10.946585 123.431396 10.946585 123.436890 10.941192 123.442383 10.941192 123.442383 10.935798 123.453369 10.935798 123.453369 10.930405 123.464355 10.930405 123.464355 10.925011 123.469849 10.925011 123.469849 10.919618 123.475342 10.919618 123.475342 10.925011 123.480835 10.925011 123.480835 10.930405 123.486328 10.930405 123.486328 10.935798 123.491821 10.935798 123.491821 10.930405 123.497314 10.930405 123.497314 10.925011 123.508301 10.925011 123.508301 10.919618 123.513794 10.919618 123.513794 10.914224 123.508301 10.914224 123.508301 10.908830 123.513794 10.903436 123.519287 10.903436 123.519287 10.887254 123.524780 10.887254 123.524780 10.854886 123.530273 10.854886 123.535767 10.849491 123.535767 10.838701 123.530273 10.838701 123.535767 10.833306 123.546753 10.833306 123.552246 10.838701 123.557739 10.838701 123.557739 10.844096 123.563232 10.844096 123.563232 10.833306 123.568726 10.833306 123.568726 10.827911 123.563232 10.827911 123.557739 10.822515 123.557739 10.817120 123.552246 10.817120 123.552246 10.811724 123.563232 10.811724 123.563232 10.795537 123.568726 10.795537 123.568726 10.790141 123.557739 10.790141 123.563232 10.784745 123.563232 10.779348 123.557739 10.779348 123.557739 10.773952 123.552246 10.773952 123.552246 10.768556 123.546753 10.768556 123.546753 10.752366 123.535767 10.752366 123.535767 10.757763 123.530273 10.757763 123.530273 10.730778 123.519287 10.730778 123.519287 10.719984 123.524780 10.719984 123.524780 10.714587 123.513794 10.714587 123.513794 10.709189 123.508301 10.709189 123.508301 10.687599 123.502808 10.687599 123.502808 10.660608 123.497314 10.660608 123.497314 10.644412 123.491821 10.639014 123.491821 10.633615 123.497314 10.633615 123.497314 10.628216 123.491821 10.628216 123.491821 10.606620 123.486328 10.606620 123.486328 10.590421 123.480835 10.590421 123.480835 10.579622 123.475342 10.579622 123.475342 10.568822 123.469849 10.563422 123.469849 10.552622 123.475342 10.552622 123.475342 10.547221 123.464355 10.547221 123.464355 10.541821 123.458862 10.541821 123.458862 10.536421 123.464355 10.536421 123.458862 10.531020 123.458862 10.525619 123.464355 10.525619 123.464355 10.520219 123.453369 10.520219 123.453369 10.514818 123.447876 10.514818 123.447876 10.498614 123.442383 10.498614 123.436890 10.504016 123.436890 10.498614 123.431396 10.498614 123.431396 10.487812 123.425903 10.487812 123.425903 10.482410 123.420410 10.477009 123.409424 10.477009 123.409424 10.471607 123.398438 10.471607 123.387451 10.460804 123.381958 10.460804 123.381958 10.455402 123.370972 10.455402 123.370972 10.450000 123.365479 10.450000 123.365479 10.439196 123.359985 10.439196 123.354492 10.433793 123.359985 10.433793 123.354492 10.428391 123.354492 10.412183 123.348999 10.406780 123.343506 10.406780 123.343506 10.390572 123.338013 10.390572 123.338013 10.385168 123.250122 10.417586 123.250122 10.422988 123.228149 10.439196 123.178711 10.439196 123.178711 10.363555 123.184204 10.358151 123.184204 10.331132 123.178711 10.331132 123.178711 10.320324 123.173218 10.314919 123.167725 10.314919 123.184204 10.255465 123.162231 10.228437 123.079834 10.109486 123.068848 10.098670 123.046875 10.055403 123.030396 10.039176 123.013916 10.012130 123.008423 9.985081 122.898560 9.811916 122.876587 9.784851 122.860107 9.763198 122.805176 9.698228 122.783203 9.676569 122.766724 9.654908 122.755737 9.633246 122.656860 9.535749 122.612915 9.481572 122.590942 9.465317 122.590942 9.459899 122.596436 9.459899 122.596436 9.454480 122.590942 9.454480 122.590942 9.443643 122.579956 9.443643 122.579956 9.449062 122.574463 9.449062 122.574463 9.454480 122.568970 9.454480 122.568970 9.459899 122.563477 9.459899 122.563477 9.470736 122.557983 9.470736 122.557983 9.476154 122.546997 9.476154 122.546997 9.481572 122.541504 9.486990 122.546997 9.486990 122.541504 9.492408 122.536011 9.492408 122.536011 9.514079 122.530518 9.519497 122.525024 9.519497 122.525024 9.530332 122.519531 9.530332 122.519531 9.546583 122.514038 9.546583 122.508545 9.552000 122.503052 9.552000 122.503052 9.557417 122.492065 9.557417 122.492065 9.562834 122.481079 9.562834 122.481079 9.579084 122.475586 9.584501 122.470093 9.584501 122.470093 9.595334 122.464600 9.595334 122.464600 9.606166 122.459106 9.606166 122.459106 9.616998 122.464600 9.616998 122.464600 9.622414 122.459106 9.627830 122.459106 9.622414 122.442627 9.622414 122.442627 9.633246 122.448120 9.633246 122.453613 9.627830 122.453613 9.638661 122.459106 9.638661 122.459106 9.660323 122.448120 9.660323 122.448120 9.665738 122.437134 9.665738 122.437134 9.671154 122.426147 9.671154 122.426147 9.665738 122.420654 9.665738 122.420654 9.660323 122.404175 9.660323 122.404175 9.671154 122.398682 9.671154 122.398682 9.681984 122.409668 9.681984 122.409668 9.687398 122.415161 9.687398 122.415161 9.692813 122.420654 9.692813 122.420654 9.703643 122.409668 9.703643 122.398682 9.692813 122.393188 9.692813 122.393188 9.698228 122.387695 9.698228 122.387695 9.703643 122.382202 9.703643 122.382202 9.714472 122.387695 9.719886 122.387695 9.730714 122.393188 9.730714 122.393188 9.741542 122.398682 9.741542 122.398682 9.774025 122.393188 9.784851 122.393188 9.795678 122.398682 9.795678 122.398682 9.801091 122.404175 9.801091 122.404175 9.806504 122.398682 9.806504 122.398682 9.822742 122.387695 9.822742 122.387695 9.833567 122.382202 9.833567 122.382202 9.838979 122.382202 9.844392 122.387695 9.844392 122.387695 9.849804 122.393188 9.849804 122.393188 9.855216 122.398682 9.855216 122.398682 9.860628 122.404175 9.866040 122.404175 9.871452 122.409668 9.871452 122.409668 9.882275 122.415161 9.882275 122.415161 9.887687 122.420654 9.887687 122.420654 9.893099 122.426147 9.893099 122.426147 9.898510 122.431641 9.898510 122.431641 9.903921 122.437134 9.903921 122.437134 9.914744 122.442627 9.914744 122.442627 9.936388 122.448120 9.936388 122.448120 9.952620 122.442627 9.952620 122.442627 9.958030 122.448120 9.958030 122.448120 9.963440 122.453613 9.963440 122.448120 9.968851 122.453613 9.968851 122.453613 9.974261 122.459106 9.979671 122.492065 9.979671 122.497559 9.985081 122.541504 9.985081 122.541504 9.979671 122.596436 9.979671 122.618408 9.974261 122.656860 9.974261 122.662354 9.979671 122.673340 9.979671 122.678833 9.985081 122.684326 9.985081 122.689819 9.990491 122.695312 9.990491 122.695312 9.995901 122.700806 9.995901 122.706299 10.001310 122.706299 10.006720 122.717285 10.006720 122.717285 10.012130 122.722778 10.012130 122.722778 10.017539 122.739258 10.033767 122.744751 10.033767 122.744751 10.044585 122.755737 10.044585 122.755737 10.049994 122.761230 10.049994 122.761230 10.055403 122.772217 10.055403 122.772217 10.060811 122.777710 10.060811 122.772217 10.066220 122.777710 10.066220 122.783203 10.071629 122.788696 10.071629 122.788696 10.066220 122.805176 10.066220 122.805176 10.060811 122.827148 10.060811 122.827148 10.066220 122.832642 10.066220 122.832642 10.071629 122.838135 10.066220 122.838135 10.071629 122.843628 10.071629 122.843628 10.077037 122.849121 10.077037 122.849121 10.082446 122.854614 10.082446 122.854614 10.087854 122.860107 10.093262 122.865601 10.093262 122.865601 10.098670 122.860107 10.098670 122.860107 10.104078 122.865601 10.109486 122.860107 10.109486 122.860107 10.163560 122.854614 10.168967 122.854614 10.179781 122.849121 10.179781 122.849121 10.196000 122.843628 10.196000 122.843628 10.212219 122.838135 10.217625 122.843628 10.223031 122.838135 10.223031 122.838135 10.228437 122.843628 10.233843 122.843628 10.271681 122.849121 10.277086 122.849121 10.282491 122.843628 10.282491 122.843628 10.298706 122.849121 10.304110 122.849121 10.314919 122.854614 10.320324 122.854614 10.325728 122.860107 10.325728 122.860107 10.352748 122.865601 10.352748 122.865601 10.368958 122.860107 10.368958 122.860107 10.374362 122.860107 10.401378 122.854614 10.401378 122.854614 10.406780 122.849121 10.406780 122.849121 10.412183 122.843628 10.412183 122.843628 10.417586 122.838135 10.417586 122.838135 10.422988 122.832642 10.422988 122.832642 10.428391 122.827148 10.433793 122.827148 10.439196 122.821655 10.439196 122.821655 10.482410 122.816162 10.487812 122.816162 10.498614 122.805176 10.509417 122.805176 10.514818 122.794189 10.520219 122.794189 10.525619 122.799683 10.525619 122.810669 10.536421 122.810669 10.541821 122.816162 10.541821 122.816162 10.547221 122.821655 10.547221 122.821655 10.552622 122.838135 10.552622 122.843628 10.547221 122.854614 10.547221 122.854614 10.552622 122.871094 10.552622 122.871094 10.563422 122.882080 10.563422 122.882080 10.579622 122.887573 10.585022 122.893066 10.585022 122.898560 10.590421 122.898560 10.601220 122.909546 10.601220 122.915039 10.606620 122.915039 10.612019 122.920532 10.612019 122.920532 10.622817 122.926025 10.628216 122.926025 10.633615 122.920532 10.633615 122.926025 10.639014 122.926025 10.655210 122.931519 10.655210 122.926025 10.660608 122.931519 10.660608 122.931519 10.671404 122.937012 10.671404 122.942505 10.676803 122.937012 10.676803 122.931519 10.687599 122.947998 10.687599
R	1	122.843628 10.212219 122.849121 10.212219 122.849121 10.217625 122.843628 10.217625 122.843628 10.212219
R	2	123.321533 10.951978 123.316040 10.951978 123.321533 10.946585 123.321533 10.951978
R	3	122.393188 9.730714 122.393188 9.725300 122.398682 9.730714 122.393188 9.730714
R	4	122.860107 10.374362 122.865601 10.374362 122.865601 10.379765 122.860107 10.374362
R	5	122.947998 10.687599 122.947998 10.682201 122.953491 10.682201 122.947998 10.687599
R	0	123.447876 10.482410 123.447876 10.460804 123.436890 10.460804 123.436890 10.455402 123.431396 10.450000 123.431396 10.444598 123.425903 10.444598 123.425903 10.439196 123.420410 10.433793 123.420410 10.450000 123.425903 10.450000 123.425903 10.460804 123.436890 10.466206 123.436890 10.471607 123.442383 10.471607 123.442383 10.482410 123.447876 10.482410
R	0	123.568726 10.968157 123.568726 10.957371 123.574219 10.957371 123.574219 10.951978 123.552246 10.951978 123.557739 10.957371 123.557739 10.968157 123.568726 10.968157
R	0	123.552246 10.957371 123.546753 10.957371 123.546753 10.962764 123.541260 10.962764 123.546753 10.968157 123.552246 10.968157 123.552246 10.957371
R	0	123.030396 10.919618 123.024902 10.914224 123.024902 10.919618 123.030396 10.919618
R	0	122.382202 9.838979 122.376709 9.833567 122.376709 9.838979 122.382202 9.838979
R	0	123.250122 10.417586 123.244629 10.412183 123.244629 10.417586 123.250122 10.417586
P	0607900000	Guimaras
R	0	122.618408 10.395975 122.618408 10.390572 122.623901 10.395975 122.623901 10.385168 122.612915 10.385168 122.607422 10.390572 122.596436 10.390572 122.596436 10.395975 122.618408 10.395975
R	0	122.486572 10.471607 122.486572 10.477009 122.481079 10.477009 122.475586 10.477009 122.475586 10.498614 122.481079 10.504016 122.492065 10.504016 122.497559 10.509417 122.519531 10.509417 122.519531 10.514818 122.525024 10.514818 122.525024 10.520219 122.519531 10.520219 122.519531 10.525619 122.514038 10.525619 122.514038 10.536421 122.519531 10.536421 122.519531 10.531020 122.530518 10.531020 122.530518 10.536421 122.541504 10.536421 122.541504 10.547221 122.530518 10.547221 122.525024 10.541821 122.519531 10.541821 122.519531 10.558022 122.514038 10.558022 122.514038 10.579622 122.508545 10.579622 122.514038 10.585022 122.514038 10.595821 122.519531 10.595821 122.519531 10.601220 122.530518 10.601220 122.530518 10.612019 122.525024 10.612019 122.525024 10.617418 122.536011 10.617418 122.536011 10.622817 122.541504 10.622817 122.541504 10.628216 122.552490 10.628216 122.552490 10.633615 122.557983 10.639014 122.563477 10.639014 122.563477 10.660608 122.557983 10.660608 122.557983 10.666006 122.568970 10.666006 122.568970 10.660608 122.579956 10.660608 122.585449 10.666006 122.590942 10.666006 122.590942 10.671404 122.596436 10.676803 122.612915 10.676803 122.612915 10.719984 122.618408 10.719984 122.618408 10.725381 122.629395 10.725381 122.634888 10.730778 122.645874 10.730778 122.645874 10.746969 122.651367 10.752366 122.667847 10.752366 122.667847 10.746969 122.673340 10.746969 122.673340 10.741572 122.678833 10.741572 122.684326 10.736175 122.684326 10.730778 122.689819 10.730778 122.695312 10.725381 122.700806 10.725381 122.700806 10.719984 122.711792 10.719984 122.711792 10.714587 122.717285 10.714587 122.717285 10.692996 122.722778 10.692996 122.722778 10.682201 122.717285 10.682201 122.717285 10.649811 122.722778 10.649811 122.722778 10.606620 122.717285 10.606620 122.717285 10.601220 122.711792 10.595821 122.711792 10.579622 122.706299 10.579622 122.706299 10.563422 122.700806 10.563422 122.695312 10.558022 122.695312 10.536421 122.684326 10.536421 122.684326 10.514818 122.678833 10.514818 122.678833 10.509417 122.684326 10.504016 122.684326 10.498614 122.673340 10.498614 122.673340 10.493213 122.667847 10.493213 122.667847 10.482410 122.662354 10.482410 122.662354 10.477009 122.667847 10.471607 122.656860 10.471607 122.656860 10.477009 122.651367 10.477009 122.651367 10.471607 122.645874 10.471607 122.645874 10.455402 122.640381 10.455402 122.640381 10.444598 122.634888 10.444598 122.634888 10.450000 122.629395 10.444598 122.629395 10.439196 122.623901 10.439196 122.629395 10.433793 122.618408 10.433793 122.618408 10.439196 122.601929 10.439196 122.601929 10.433793 122.596436 10.433793 122.596436 10.428391 122.590942 10.433793 122.585449 10.428391 122.585449 10.433793 122.579956 10.433793 122.579956 10.444598 122.585449 10.444598 122.585449 10.439196 122.590942 10.439196 122.590942 10.455402 122.579956 10.455402 122.579956 10.450000 122.568970 10.450000 122.568970 10.439196 122.563477 10.439196 122.563477 10.428391 122.557983 10.428391 122.557983 10.422988 122.552490 10.422988 122.552490 10.417586 122.546997 10.412183 122.541504 10.412183 122.541504 10.406780 122.536011 10.406780 122.536011 10.412183 122.530518 10.412183 122.530518 10.406780 122.514038 10.406780 122.514038 10.422988 122.508545 10.417586 122.508545 10.428391 122.514038 10.428391 122.514038 10.433793 122.508545 10.433793 122.508545 10.439196 122.503052 10.439196 122.503052 10.444598 122.508545 10.450000 122.503052 10.450000 122.503052 10.455402 122.508545 10.455402 122.508545 10.460804 122.503052 10.460804 122.503052 10.466206 122.508545 10.466206 122.508545 10.471607 122.497559 10.471607 122.497559 10.466206 122.486572 10.466206 122.486572 10.471607
R	1	122.481079 10.487812 122.481079 10.482410 122.486572 10.482410 122.486572 10.487812 122.481079 10.487812
R	2	122.519531 10.563422 122.525024 10.558022 122.525024 10.563422 122.519531 10.563422
R	3	122.486572 10.471607 122.492065 10.471607 122.492065 10.477009 122.486572 10.471607
R	0	122.568970 10.406780 122.579956 10.406780 122.579956 10.412183 122.585449 10.412183 122.585449 10.406780 122.590942 10.406780 122.596436 10.412183 122.596436 10.401378 122.568970 10.401378 122.568970 10.406780
R	0	122.706299 10.477009 122.706299 10.471607 122.711792 10.471607 122.711792 10.466206 122.717285 10.466206 122.717285 10.460804 122.722778 10.460804 122.722778 10.455402 122.728271 10.455402 122.728271 10.450000 122.700806 10.450000 122.695312 10.444598 122.695312 10.439196 122.689819 10.439196 122.689819 10.444598 122.684326 10.444598 122.684326 10.455402 122.689819 10.455402 122.689819 10.460804 122.684326 10.466206 122.689819 10.466206 122.689819 10.471607 122.695312 10.471607 122.695312 10.477009 122.706299 10.477009
R	0	122.568970 10.406780 122.563477 10.401378 122.557983 10.401378 122.557983 10.412183 122.563477 10.417586 122.568970 10.412183 122.568970 10.406780
R	0	122.503052 10.460804 122.497559 10.460804 122.497559 10.466206 122.503052 10.460804
P	0701200000	Bohol
R	0	123.925781 9.497826 123.931274 9.492408 123.931274 9.486990 123.920288 9.486990 123.920288 9.497826 123.925781 9.497826
R	0	123.843384 9.644077 123.843384 9.638661 123.848877 9.638661 123.854370 9.633246 123.859863 9.633246 123.859863 9.627830 123.865356 9.627830 123.865356 9.622414 123.870850 9.622414 123.870850 9.600750 123.865356 9.600750 123.865356 9.595334 123.859863 9.595334 123.859863 9.589917 123.843384 9.589917 123.843384 9.584501 123.832397 9.584501 123.832397 9.579084 123.826904 9.579084 123.826904 9.573668 123.815918 9.573668 123.815918 9.568251 123.810425 9.568251 123.810425 9.557417 123.804932 9.557417 123.799438 9.552000 123.782959 9.552000 123.777466 9.546583 123.750000 9.546583 123.750000 9.552000 123.744507 9.552000 123.744507 9.557417 123.750000 9.557417 123.750000 9.573668 123.744507 9.573668 123.744507 9.579084 123.739014 9.579084 123.739014 9.584501 123.722534 9.584501 123.722534 9.589917 123.744507 9.589917 123.750000 9.595334 123.744507 9.595334 123.750000 9.600750 123.760986 9.600750 123.760986 9.606166 123.766479 9.611582 123.771973 9.611582 123.771973 9.616998 123.777466 9.616998 123.777466 9.622414 123.793945 9.622414 123.793945 9.627830 123.810425 9.627830 123.810425 9.633246 123.815918 9.633246 123.815918 9.638661 123.832397 9.638661 123.832397 9.644077 123.843384 9.644077
R	0	123.810425 9.844392 123.804932 9.844392 123.804932 9.838979 123.799438 9.838979 123.793945 9.838979 123.793945 9.844392 123.788452 9.844392 123.788452 9.849804 123.782959 9.849804 123.782959 9.855216 123.788452 9.855216 123.788452 9.860628 123.793945 9.866040 123.799438 9.860628 123.804932 9.860628 123.810425 9.855216 123.815918 9.855216 123.815918 9.849804 123.810425 9.849804 123.810425 9.844392
R	0	124.557495 10.071629 124.552002 10.066220 124.552002 10.055403 124.546509 10.055403 124.546509 10.049994 124.541016 10.049994 124.541016 10.055403 124.530029 10.055403 124.535522 10.060811 124.530029 10.060811 124.530029 10.077037 124.524536 10.077037 124.530029 10.082446 124.535522 10.082446 124.535522 10.087854 124.530029 10.087854 124.535522 10.093262 124.530029 10.093262 124.530029 10.098670 124.524536 10.098670 124.524536 10.104078 124.519043 10.104078 124.519043 10.109486 124.524536 10.109486 124.524536 10.120302 124.530029 10.120302 124.530029 10.114894 124.535522 10.114894 124.541016 10.109486 124.546509 10.114894 124.552002 10.114894 124.552002 10.131117 124.562988 10.131117 124.562988 10.114894 124.568481 10.114894 124.573975 10.120302 124.573975 10.131117 124.579468 10.131117 124.579468 10.136524 124.590454 10.136524 124.590454 10.141932 124.595947 10.141932 124.595947 10.147339 124.601440 10.147339 124.606934 10.152746 124.617920 10.152746 124.617920 10.141932 124.606934 10.141932 124.606934 10.136524 124.601440 10.136524 124.601440 10.131117 124.595947 10.131117 124.601440 10.125709 124.595947 10.125709 124.595947 10.120302 124.590454 10.120302 124.590454 10.114894 124.584961 10.114894 124.590454 10.109486 124.595947 10.109486 124.595947 10.114894 124.601440 10.114894 124.601440 10.104078 124.606934 10.104078 124.606934 10.098670 124.601440 10.098670 124.601440 10.087854 124.595947 10.087854 124.595947 10.082446 124.584961 10.082446 124.584961 10.093262 124.579468 10.093262 124.573975 10.098670 124.573975 10.093262 124.562988 10.093262 124.557495 10.087854 124.552002 10.087854 124.552002 10.077037 124.557495 10.077037 124.557495 10.071629
R	0	124.205933 10.179781 124.211426 10.179781 124.211426 10.185187 124.216919 10.185187 124.216919 10.179781 124.216919 10.174374 124.211426 10.174374 124.205933 10.179781
R	0	123.782959 9.893099 123.788452 9.887687 123.793945 9.887687 123.788452 9.882275 123.782959 9.882275 123.782959 9.876864 123.777466 9.876864 123.777466 9.866040 123.771973 9.866040 123.771973 9.860628 123.760986 9.860628 123.766479 9.866040 123.760986 9.866040 123.760986 9.893099 123.766479 9.893099 123.777466 9.887687 123.777466 9.893099 123.782959 9.893099
R	0	123.832397 9.909333 123.832397 9.903921 123.854370 9.903921 123.854370 9.898510 123.843384 9.898510 123.843384 9.893099 123.837891 9.893099 123.837891 9.887687 123.821411 9.887687 123.821411 9.898510 123.815918 9.898510 123.815918 9.903921 123.810425 9.903921 123.810425 9.909333 123.832397 9.909333
R	0	124.387207 10.185187 124.387207 10.179781 124.392700 10.179781 124.392700 10.174374 124.381714 10.174374 124.381714 10.168967 124.376221 10.168967 124.376221 10.163560 124.365234 10.163560 124.365234 10.168967 124.359741 10.168967 124.354248 10.163560 124.348755 10.168967 124.348755 10.174374 124.370728 10.174374 124.370728 10.179781 124.376221 10.179781 124.376221 10.185187 124.387207 10.185187
R	0	124.172974 10.212219 124.172974 10.206813 124.183960 10.206813 124.183960 10.196000 124.167480 10.196000 124.167480 10.190594 124.151001 10.190594 124.151001 10.196000 124.156494 10.196000 124.156494 10.206813 124.161987 10.206813 124.167480 10.212219 124.172974 10.212219
R	0	124.194946 10.174374 124.194946 10.168967 124.183960 10.168967 124.183960 10.158153 124.161987 10.158153 124.161987 10.163560 124.167480 10.163560 124.167480 10.174374 124.194946 10.174374
R	0	123.843384 9.876864 123.837891 9.876864 123.837891 9.882275 123.843384 9.882275 123.843384 9.876864
R	0	124.557495 10.071629 124.562988 10.071629 124.562988 10.066220 124.557495 10.071629
R	0	123.810425 9.844392 123.815918 9.844392 123.821411 9.849804 123.821411 9.855216 123.826904 9.855216 123.826904 9.860628 123.837891 9.860628 123.837891 9.866040 123.832397 9.866040 123.837891 9.871452 123.843384 9.871452 123.843384 9.876864 123.848877 9.876864 123.848877 9.882275 123.854370 9.887687 123.859863 9.887687 123.859863 9.893099 123.870850 9.893099 123.870850 9.903921 123.865356 9.903921 123.865356 9.909333 123.870850 9.914744 123.881836 9.914744 123.881836 9.930977 123.887329 9.930977 123.892822 9.925566 123.892822 9.920155 123.887329 9.920155 123.887329 9.914744 123.903809 9.914744 123.903809 9.925566 123.909302 9.925566 123.909302 9.930977 123.914795 9.930977 123.920288 9.936388 123.920288 9.930977 123.931274 9.930977 123.931274 9.936388 123.942261 9.936388 123.942261 9.941798 123.953247 9.941798 123.953247 9.947209 123.958740 9.947209 123.958740 9.958030 123.975220 9.958030 123.975220 9.963440 124.019165 9.963440 124.019165 9.968851 124.030151 9.968851 124.030151 9.974261 124.035645 9.974261 124.035645 9.979671 124.041138 9.979671 124.041138 9.985081 124.046631 9.985081 124.046631 10.012130 124.052124 10.012130 124.052124 10.028358 124.057617 10.028358 124.057617 10.049994 124.063110 10.055403 124.063110 10.071629 124.085083 10.071629 124.085083 10.060811 124.090576 10.060811 124.096069 10.066220 124.101562 10.066220 124.096069 10.071629 124.096069 10.077037 124.101562 10.077037 124.101562 10.082446 124.107056 10.082446 124.107056 10.087854 124.118042 10.087854 124.118042 10.093262 124.129028 10.104078 124.134521 10.104078 124.134521 10.109486 124.140015 10.114894 124.134521 10.114894 124.134521 10.131117 124.140015 10.125709 124.140015 10.131117 124.145508 10.136524 124.145508 10.152746 124.167480 10.152746 124.167480 10.147339 124.183960 10.147339 124.189453 10.152746 124.194946 10.152746 124.194946 10.147339 124.200439 10.147339 124.200439 10.158153 124.205933 10.158153 124.205933 10.163560 124.211426 10.158153 124.222412 10.158153 124.222412 10.163560 124.227905 10.163560 124.227905 10.158153 124.233398 10.158153 124.233398 10.163560 124.244385 10.163560 124.249878 10.158153 124.266357 10.158153 124.266357 10.152746 124.282837 10.152746 124.282837 10.158153 124.288330 10.158153 124.288330 10.168967 124.282837 10.174374 124.293823 10.174374 124.293823 10.168967 124.299316 10.168967 124.299316 10.163560 124.315796 10.163560 124.326782 10.152746 124.326782 10.147339 124.332275 10.147339 124.337769 10.141932 124.337769 10.136524 124.343262 10.136524 124.343262 10.131117 124.337769 10.131117 124.337769 10.125709 124.354248 10.125709 124.354248 10.131117 124.359741 10.131117 124.359741 10.136524 124.365234 10.141932 124.365234 10.152746 124.376221 10.152746 124.376221 10.141932 124.381714 10.136524 124.387207 10.136524 124.387207 10.131117 124.392700 10.131117 124.392700 10.109486 124.387207 10.104078 124.414673 10.104078 124.414673 10.098670 124.420166 10.098670 124.420166 10.087854 124.436646 10.087854 124.436646 10.082446 124.447632 10.082446 124.447632 10.077037 124.453125 10.077037 124.453125 10.071629 124.464111 10.060811 124.469604 10.060811 124.475098 10.066220 124.475098 10.055403 124.497070 10.055403 124.491577 10.060811 124.497070 10.060811 124.502563 10.066220 124.502563 10.077037 124.508057 10.077037 124.508057 10.071629 124.513550 10.071629 124.513550 10.066220 124.519043 10.066220 124.519043 10.060811 124.524536 10.055403 124.524536 10.044585 124.541016 10.044585 124.541016 10.039176 124.546509 10.039176 124.546509 10.033767 124.552002 10.028358 124.557495 10.028358 124.557495 10.022948 124.552002 10.022948 124.552002 10.012130 124.557495 10.012130 124.562988 10.006720 124.562988 10.001310 124.568481 10.001310 124.568481 9.974261 124.562988 9.974261 124.562988 9.968851 124.557495 9.974261 124.557495 9.990491 124.552002 9.990491 124.552002 9.985081 124.546509 9.979671 124.546509 9.968851 124.552002 9.968851 124.552002 9.963440 124.546509 9.958030 124.552002 9.958030 124.552002 9.952620 124.546509 9.952620 124.546509 9.941798 124.552002 9.941798 124.552002 9.930977 124.541016 9.930977 124.541016 9.925566 124.535522 9.925566 124.535522 9.920155 124.562988 9.920155 124.568481 9.914744 124.573975 9.914744 124.573975 9.909333 124.568481 9.909333 124.568481 9.882275 124.562988 9.882275 124.562988 9.876864 124.557495 9.876864 124.562988 9.871452 124.546509 9.871452 124.546509 9.866040 124.530029 9.866040 124.530029 9.855216 124.524536 9.855216 124.519043 9.860628 124.519043 9.844392 124.530029 9.844392 124.524536 9.838979 124.546509 9.838979 124.546509 9.828154 124.552002 9.828154 124.552002 9.833567 124.557495 9.828154 124.557495 9.817329 124.568481 9.817329 124.568481 9.811916 124.579468 9.811916 124.579468 9.806504 124.584961 9.806504 124.584961 9.811916 124.590454 9.811916 124.590454 9.806504 124.595947 9.806504 124.595947 9.790264 124.590454 9.790264 124.590454 9.784851 124.595947 9.784851 124.595947 9.757784 124.590454 9.757784 124.590454 9.752370 124.579468 9.752370 124.579468 9.746956 124.573975 9.741542 124.573975 9.730714 124.546509 9.730714 124.546509 9.725300 124.519043 9.725300 124.519043 9.719886 124.513550 9.725300 124.508057 9.725300 124.508057 9.730714 124.502563 9.736128 124.502563 9.752370 124.497070 9.752370 124.497070 9.763198 124.486084 9.763198 124.480591 9.757784 124.475098 9.757784 124.475098 9.746956 124.469604 9.746956 124.469604 9.741542 124.464111 9.741542 124.464111 9.736128 124.453125 9.725300 124.447632 9.725300 124.447632 9.719886 124.425659 9.719886 124.420166 9.714472 124.409180 9.714472 124.409180 9.709057 124.403687 9.703643 124.403687 9.681984 124.398193 9.676569 124.398193 9.665738 124.403687 9.665738 124.403687 9.654908 124.398193 9.654908 124.398193 9.649492 124.392700 9.654908 124.376221 9.654908 124.376221 9.649492 124.365234 9.649492 124.365234 9.638661 124.359741 9.638661 124.359741 9.627830 124.337769 9.627830 124.332275 9.622414 124.310303 9.622414 124.310303 9.616998 124.304810 9.616998 124.304810 9.611582 124.288330 9.611582 124.288330 9.606166 124.271851 9.606166 124.271851 9.600750 124.255371 9.600750 124.249878 9.595334 124.244385 9.595334 124.244385 9.600750 124.238892 9.600750 124.238892 9.595334 124.233398 9.600750 124.222412 9.600750 124.222412 9.606166 124.194946 9.606166 124.194946 9.611582 124.183960 9.611582 124.183960 9.606166 124.161987 9.606166 124.156494 9.600750 124.156494 9.606166 124.151001 9.606166 124.151001 9.600750 124.129028 9.600750 124.123535 9.595334 124.112549 9.595334 124.107056 9.589917 124.046631 9.589917 124.046631 9.595334 124.041138 9.595334 124.041138 9.589917 124.035645 9.589917 124.035645 9.600750 124.030151 9.595334 124.013672 9.595334 124.013672 9.600750 124.008179 9.600750 124.002686 9.595334 124.002686 9.606166 123.997192 9.606166 123.997192 9.600750 123.975220 9.600750 123.975220 9.606166 123.969727 9.606166 123.969727 9.600750 123.964233 9.600750 123.964233 9.606166 123.947754 9.606166 123.947754 9.611582 123.942261 9.611582 123.936768 9.616998 123.925781 9.616998 123.920288 9.622414 123.887329 9.622414 123.887329 9.627830 123.870850 9.627830 123.870850 9.633246 123.859863 9.633246 123.859863 9.638661 123.854370 9.638661 123.854370 9.644077 123.848877 9.644077 123.848877 9.654908 123.843384 9.660323 123.843384 9.671154 123.848877 9.671154 123.848877 9.681984 123.854370 9.681984 123.854370 9.698228 123.865356 9.698228 123.859863 9.703643 123.859863 9.714472 123.854370 9.714472 123.854370 9.719886 123.848877 9.719886 123.848877 9.725300 123.854370 9.725300 123.848877 9.730714 123.843384 9.730714 123.843384 9.741542 123.826904 9.741542 123.826904 9.736128 123.804932 9.736128 123.804932 9.730714 123.799438 9.730714 123.793945 9.736128 123.788452 9.736128 123.788452 9.746956 123.782959 9.746956 123.782959 9.784851 123.788452 9.784851 123.782959 9.790264 123.782959 9.795678 123.788452 9.795678 123.788452 9.806504 123.793945 9.806504 123.793945 9.817329 123.799438 9.817329 123.799438 9.828154 123.804932 9.828154 123.804932 9.838979 123.810425 9.838979 123.810425 9.844392
R	0	124.205933 10.179781 124.200439 10.179781 124.200439 10.185187 124.194946 10.185187 124.194946 10.190594 124.200439 10.190594 124.200439 10.196000 124.216919 10.196000 124.216919 10.201407 124.222412 10.196000 124.238892 10.196000 124.238892 10.201407 124.244385 10.201407 124.249878 10.206813 124.266357 10.206813 124.266357 10.201407 124.255371 10.201407 124.255371 10.190594 124.249878 10.190594 124.244385 10.185187 124.238892 10.185187 124.238892 10.179781 124.216919 10.179781 124.222412 10.185187 124.227905 10.185187 124.227905 10.190594 124.211426 10.190594 124.211426 10.185187 124.205933 10.185187 124.205933 10.179781
P	0702200000	Cebu
R	0	123.964233 11.086775 123.958740 11.092166 123.958740 11.119117 123.964233 11.119117 123.964233 11.124507 123.958740 11.124507 123.958740 11.129897 123.953247 11.129897 123.953247 11.140677 123.947754 11.140677 123.947754 11.151456 123.942261 11.151456 123.942261 11.189180 123.947754 11.189180 123.947754 11.194568 123.953247 11.194568 123.958740 11.199957 123.958740 11.205345 123.964233 11.205345 123.964233 11.210734 123.969727 11.210734 123.975220 11.216122 123.980713 11.216122 123.980713 11.221510 123.986206 11.221510 123.986206 11.226898 123.991699 11.226898 123.991699 11.232286 123.997192 11.237674 123.997192 11.270000 124.024658 11.270000 124.024658 11.280774 124.057617 11.280774 124.057617 11.286161 124.063110 11.286161 124.063110 11.270000 124.057617 11.270000 124.057617 11.259225 124.063110 11.259225 124.063110 11.253837 124.068604 11.259225 124.068604 11.248450 124.063110 11.248450 124.063110 11.237674 124.057617 11.237674 124.057617 11.232286 124.046631 11.232286 124.046631 11.216122 124.041138 11.216122 124.041138 11.210734 124.035645 11.205345 124.035645 11.183791 124.041138 11.183791 124.035645 11.178402 124.035645 11.146066 124.030151 11.146066 124.030151 11.140677 124.024658 11.140677 124.024658 11.124507 124.013672 11.124507 124.013672 11.119117 124.008179 11.119117 124.008179 11.108337 124.002686 11.108337 124.002686 11.097556 123.991699 11.097556 123.991699 11.086775 123.986206 11.081385 123.986206 11.075994 123.991699 11.075994 123.991699 11.070603 123.997192 11.070603 123.997192 11.065212 123.991699 11.065212 123.991699 11.059821 123.997192 11.059821 123.997192 11.049038 124.002686 11.049038 124.002686 11.054430 124.013672 11.054430 124.013672 11.059821 124.019165 11.059821 124.019165 11.054430 124.024658 11.059821 124.030151 11.059821 124.030151 11.054430 124.041138 11.054430 124.041138 11.043647 124.035645 11.043647 124.035645 11.038255 124.041138 11.038255 124.041138 11.022080 124.035645 11.022080 124.035645 11.016689 124.041138 11.016689 124.041138 10.995120 124.046631 10.989728 124.041138 10.989728 124.041138 10.978943 124.046631 10.978943 124.046631 10.973550 124.041138 10.973550 124.041138 10.951978 124.035645 10.951978 124.035645 10.946585 124.030151 10.946585 124.030151 10.935798 124.035645 10.935798 124.030151 10.930405 124.030151 10.925011 124.035645 10.919618 124.035645 10.914224 124.041138 10.908830 124.046631 10.908830 124.046631 10.898042 124.052124 10.898042 124.052124 10.876465 124.046631 10.876465 124.046631 10.865676 124.041138 10.865676 124.041138 10.844096 124.035645 10.844096 124.035645 10.838701 124.030151 10.838701 124.030151 10.817120 124.035645 10.817120 124.035645 10.795537 124.030151 10.795537 124.030151 10.779348 124.024658 10.779348 124.024658 10.773952 124.013672 10.773952 124.013672 10.768556 124.008179 10.768556 124.008179 10.757763 124.002686 10.757763 124.002686 10.752366 124.008179 10.752366 124.008179 10.736175 124.013672 10.736175 124.013672 10.682201 124.019165 10.676803 124.019165 10.660608 124.024658 10.655210 124.024658 10.633615 124.030151 10.633615 124.030151 10.628216 124.024658 10.622817 124.030151 10.622817 124.030151 10.612019 124.024658 10.612019 124.024658 10.601220 124.030151 10.601220 124.030151 10.590421 124.019165 10.590421 124.019165 10.585022 124.024658 10.585022 124.024658 10.552622 124.035645 10.552622 124.035645 10.547221 124.030151 10.541821 124.030151 10.487812 124.024658 10.487812 124.024658 10.477009 124.019165 10.477009 124.019165 10.460804 124.013672 10.460804 124.013672 10.450000 124.008179 10.444598 124.008179 10.422988 124.002686 10.422988 124.002686 10.417586 123.997192 10.417586 123.997192 10.406780 124.002686 10.401378 124.002686 10.395975 124.008179 10.395975 124.008179 10.390572 124.013672 10.385168 124.019165 10.385168 124.019165 10.379765 124.013672 10.379765 124.013672 10.374362 124.008179 10.374362 124.008179 10.363555 124.002686 10.363555 124.002686 10.358151 123.991699 10.358151 123.991699 10.352748 123.980713 10.352748 123.975220 10.347344 123.975220 10.336536 123.969727 10.336536 123.969727 10.331132 123.964233 10.331132 123.964233 10.325728 123.958740 10.325728 123.958740 10.320324 123.936768 10.320324 123.931274 10.309515 123.925781 10.309515 123.903809 10.287896 123.887329 10.287896 123.881836 10.282491 123.881836 10.271681 123.870850 10.260871 123.870850 10.255465 123.865356 10.255465 123.865356 10.250060 123.854370 10.250060 123.854370 10.244654 123.848877 10.244654 123.848877 10.239249 123.837891 10.239249 123.837891 10.233843 123.826904 10.233843 123.826904 10.239249 123.799438 10.239249 123.793945 10.233843 123.788452 10.233843 123.782959 10.228437 123.766479 10.228437 123.766479 10.223031 123.760986 10.223031 123.760986 10.201407 123.755493 10.196000 123.750000 10.196000 123.750000 10.190594 123.744507 10.190594 123.744507 10.185187 123.739014 10.185187 123.739014 10.179781 123.728027 10.179781 123.728027 10.174374 123.722534 10.174374 123.722534 10.168967 123.717041 10.168967 123.711548 10.163560 123.711548 10.158153 123.706055 10.158153 123.706055 10.152746 123.700562 10.152746 123.700562 10.147339 123.695068 10.147339 123.695068 10.136524 123.689575 10.136524 123.689575 10.131117 123.684082 10.125709 123.689575 10.125709 123.684082 10.120302 123.684082 10.087854 123.678589 10.087854 123.678589 10.082446 123.656616 10.082446 123.662109 10.087854 123.640137 10.087854 123.640137 10.066220 123.634644 10.066220 123.634644 10.055403 123.629150 10.055403 123.629150 10.049994 123.623657 10.049994 123.623657 10.028358 123.618164 10.028358 123.618164 10.022948 123.623657 10.022948 123.623657 10.017539 123.618164 10.012130 123.618164 9.995901 123.612671 9.995901 123.612671 9.990491 123.618164 9.990491 123.618164 9.985081 123.623657 9.985081 123.623657 9.963440 123.618164 9.963440 123.618164 9.958030 123.623657 9.958030 123.623657 9.936388 123.618164 9.936388 123.618164 9.920155 123.612671 9.920155 123.612671 9.914744 123.607178 9.914744 123.607178 9.909333 123.612671 9.909333 123.607178 9.903921 123.607178 9.887687 123.612671 9.887687 123.607178 9.882275 123.607178 9.876864 123.601685 9.876864 123.601685 9.871452 123.590698 9.871452 123.590698 9.866040 123.585205 9.866040 123.579712 9.860628 123.574219 9.860628 123.574219 9.855216 123.568726 9.855216 123.568726 9.838979 123.563232 9.838979 123.563232 9.822742 123.557739 9.817329 123.557739 9.811916 123.546753 9.811916 123.541260 9.806504 123.535767 9.806504 123.535767 9.779438 123.530273 9.779438 123.530273 9.768611 123.535767 9.768611 123.535767 9.757784 123.530273 9.752370 123.524780 9.752370 123.513794 9.741542 123.513794 9.736128 123.508301 9.736128 123.508301 9.714472 123.513794 9.714472 123.508301 9.709057 123.508301 9.687398 123.502808 9.681984 123.502808 9.665738 123.497314 9.665738 123.497314 9.660323 123.491821 9.660323 123.491821 9.649492 123.486328 9.644077 123.486328 9.633246 123.480835 9.633246 123.480835 9.616998 123.475342 9.616998 123.475342 9.595334 123.469849 9.595334 123.469849 9.573668 123.464355 9.573668 123.464355 9.562834 123.458862 9.562834 123.458862 9.557417 123.453369 9.557417 123.453369 9.546583 123.447876 9.546583 123.447876 9.541166 123.442383 9.541166 123.442383 9.530332 123.436890 9.530332 123.436890 9.519497 123.425903 9.519497 123.425903 9.514079 123.420410 9.514079 123.420410 9.508662 123.414917 9.508662 123.414917 9.503244 123.409424 9.503244 123.403931 9.497826 123.398438 9.497826 123.398438 9.492408 123.392944 9.486990 123.392944 9.481572 123.387451 9.481572 123.387451 9.476154 123.381958 9.470736 123.381958 9.465317 123.376465 9.459899 123.376465 9.454480 123.370972 9.449062 123.370972 9.443643 123.365479 9.443643 123.365479 9.438224 123.354492 9.427387 123.354492 9.421968 123.343506 9.421968 123.343506 9.416548 123.338013 9.416548 123.327026 9.411129 123.321533 9.411129 123.321533 9.416548 123.299561 9.416548 123.299561 9.438224 123.305054 9.443643 123.305054 9.454480 123.299561 9.459899 123.299561 9.470736 123.294067 9.476154 123.294067 9.481572 123.299561 9.481572 123.294067 9.486990 123.299561 9.486990 123.299561 9.519497 123.305054 9.519497 123.305054 9.552000 123.310547 9.557417 123.310547 9.573668 123.316040 9.573668 123.316040 9.606166 123.321533 9.606166 123.321533 9.633246 123.327026 9.633246 123.327026 9.644077 123.321533 9.644077 123.321533 9.654908 123.327026 9.654908 123.327026 9.687398 123.332520 9.687398 123.332520 9.703643 123.338013 9.703643 123.338013 9.746956 123.343506 9.746956 123.343506 9.790264 123.348999 9.790264 123.348999 9.795678 123.354492 9.795678 123.354492 9.801091 123.359985 9.801091 123.359985 9.806504 123.365479 9.806504 123.365479 9.811916 123.370972 9.811916 123.370972 9.855216 123.365479 9.855216 123.370972 9.860628 123.370972 9.871452 123.376465 9.871452 123.376465 9.866040 123.387451 9.866040 123.387451 9.871452 123.392944 9.871452 123.392944 9.876864 123.398438 9.876864 123.398438 9.903921 123.403931 9.903921 123.403931 9.909333 123.398438 9.909333 123.398438 9.930977 123.392944 9.930977 123.392944 9.936388 123.370972 9.936388 123.370972 9.941798 123.365479 9.947209 123.365479 9.958030 123.370972 9.958030 123.370972 9.995901 123.381958 9.995901 123.381958 9.990491 123.387451 9.985081 123.387451 9.963440 123.392944 9.963440 123.392944 9.974261 123.403931 9.974261 123.403931 9.979671 123.398438 9.979671 123.398438 9.985081 123.403931 9.985081 123.403931 10.001310 123.409424 10.001310 123.409424 10.017539 123.403931 10.017539 123.403931 10.022948 123.409424 10.022948 123.409424 10.039176 123.414917 10.044585 123.414917 10.055403 123.420410 10.055403 123.425903 10.060811 123.442383 10.060811 123.442383 10.066220 123.447876 10.066220 123.447876 10.071629 123.442383 10.071629 123.447876 10.077037 123.447876 10.082446 123.453369 10.082446 123.453369 10.087854 123.464355 10.087854 123.464355 10.093262 123.469849 10.093262 123.469849 10.104078 123.475342 10.104078 123.475342 10.109486 123.480835 10.109486 123.480835 10.120302 123.486328 10.120302 123.486328 10.114894 123.491821 10.114894 123.491821 10.125709 123.502808 10.136524 123.508301 10.136524 123.508301 10.141932 123.513794 10.141932 123.513794 10.163560 123.519287 10.168967 123.519287 10.179781 123.524780 10.185187 123.524780 10.190594 123.530273 10.196000 123.530273 10.201407 123.535767 10.201407 123.541260 10.212219 123.541260 10.217625 123.546753 10.217625 123.546753 10.228437 123.552246 10.228437 123.552246 10.233843 123.557739 10.233843 123.557739 10.239249 123.563232 10.239249 123.563232 10.244654 123.568726 10.244654 123.568726 10.250060 123.574219 10.244654 123.574219 10.255465 123.579712 10.255465 123.579712 10.266276 123.585205 10.266276 123.585205 10.271681 123.579712 10.271681 123.579712 10.277086 123.585205 10.282491 123.579712 10.282491 123.579712 10.298706 123.585205 10.298706 123.585205 10.309515 123.579712 10.314919 123.579712 10.325728 123.585205 10.331132 123.585205 10.341940 123.590698 10.341940 123.590698 10.347344 123.596191 10.347344 123.596191 10.352748 123.607178 10.352748 123.612671 10.358151 123.612671 10.363555 123.618164 10.363555 123.623657 10.368958 123.634644 10.374362 123.640137 10.379765 123.640137 10.385168 123.634644 10.385168 123.640137 10.390572 123.640137 10.401378 123.645630 10.401378 123.645630 10.406780 123.656616 10.406780 123.662109 10.412183 123.667603 10.412183 123.667603 10.433793 123.673096 10.433793 123.673096 10.439196 123.678589 10.439196 123.678589 10.444598 123.673096 10.450000 123.673096 10.455402 123.678589 10.460804 123.689575 10.460804 123.689575 10.482410 123.700562 10.482410 123.700562 10.487812 123.706055 10.487812 123.706055 10.493213 123.711548 10.493213 123.711548 10.498614 123.717041 10.498614 123.717041 10.504016 123.711548 10.504016 123.711548 10.509417 123.706055 10.509417 123.706055 10.520219 123.700562 10.520219 123.700562 10.525619 123.706055 10.525619 123.706055 10.547221 123.711548 10.552622 123.711548 10.568822 123.728027 10.568822 123.728027 10.579622 123.733521 10.579622 123.733521 10.595821 123.739014 10.595821 123.739014 10.601220 123.744507 10.606620 123.744507 10.612019 123.750000 10.617418 123.744507 10.617418 123.744507 10.628216 123.739014 10.628216 123.739014 10.633615 123.744507 10.633615 123.744507 10.639014 123.750000 10.639014 123.755493 10.644412 123.755493 10.649811 123.760986 10.649811 123.760986 10.660608 123.766479 10.660608 123.766479 10.666006 123.771973 10.666006 123.771973 10.671404 123.777466 10.671404 123.777466 10.676803 123.782959 10.682201 123.782959 10.687599 123.788452 10.687599 123.788452 10.692996 123.793945 10.692996 123.793945 10.709189 123.799438 10.714587 123.799438 10.725381 123.821411 10.725381 123.821411 10.730778 123.832397 10.730778 123.832397 10.757763 123.837891 10.757763 123.837891 10.773952 123.843384 10.779348 123.843384 10.784745 123.848877 10.784745 123.848877 10.795537 123.854370 10.800933 123.859863 10.800933 123.859863 10.806328 123.865356 10.806328 123.865356 10.817120 123.870850 10.817120 123.870850 10.822515 123.865356 10.822515 123.865356 10.833306 123.870850 10.833306 123.870850 10.849491 123.876343 10.849491 123.876343 10.860281 123.881836 10.865676 123.881836 10.876465 123.887329 10.876465 123.881836 10.881859 123.887329 10.881859 123.887329 10.892648 123.892822 10.898042 123.892822 10.914224 123.898315 10.914224 123.898315 10.925011 123.903809 10.925011 123.903809 10.935798 123.914795 10.935798 123.914795 10.946585 123.920288 10.946585 123.920288 10.968157 123.925781 10.968157 123.925781 10.984335 123.931274 10.984335 123.931274 11.005904 123.925781 11.005904 123.925781 11.000512 123.920288 11.000512 123.920288 11.005904 123.914795 11.005904 123.914795 11.011297 123.909302 11.016689 123.909302 11.022080 123.903809 11.022080 123.903809 11.038255 123.909302 11.038255 123.909302 11.043647 123.914795 11.043647 123.914795 11.049038 123.920288 11.049038 123.920288 11.054430 123.925781 11.054430 123.925781 11.059821 123.931274 11.059821 123.931274 11.065212 123.936768 11.065212 123.936768 11.081385 123.931274 11.092166 123.931274 11.108337 123.936768 11.108337 123.936768 11.102947 123.942261 11.102947 123.942261 11.092166 123.947754 11.092166 123.947754 11.086775 123.964233 11.086775
R	1	123.975220 10.347344 123.975220 10.352748 123.969727 10.352748 123.969727 10.358151 123.964233 10.358151 123.964233 10.352748 123.969727 10.347344 123.975220 10.347344
R	2	123.969727 10.368958 123.969727 10.358151 123.975220 10.358151 123.975220 10.368958 123.969727 10.368958
R	3	123.986206 11.075994 123.980713 11.075994 123.980713 11.070603 123.986206 11.070603 123.986206 11.075994
R	4	123.870850 10.833306 123.870850 10.827911 123.876343 10.827911 123.876343 10.833306 123.870850 10.833306
R	5	123.964233 11.086775 123.964233 11.081385 123.969727 11.081385 123.969727 11.086775 123.964233 11.086775
R	0	123.381958 9.893099 123.381958 9.876864 123.370972 9.876864 123.370972 9.882275 123.376465 9.882275 123.376465 9.893099 123.381958 9.893099
R	0	124.442139 10.719984 124.442139 10.714587 124.458618 10.714587 124.458618 10.709189 124.464111 10.709189 124.464111 10.703792 124.475098 10.703792 124.480591 10.698394 124.486084 10.698394 124.486084 10.692996 124.491577 10.692996 124.491577 10.687599 124.497070 10.687599 124.497070 10.682201 124.508057 10.682201 124.508057 10.676803 124.513550 10.671404 124.513550 10.666006 124.519043 10.666006 124.519043 10.660608 124.513550 10.660608 124.513550 10.655210 124.508057 10.649811 124.502563 10.649811 124.502563 10.644412 124.497070 10.644412 124.491577 10.639014 124.480591 10.639014 124.480591 10.633615 124.458618 10.633615 124.458618 10.628216 124.398193 10.628216 124.398193 10.633615 124.392700 10.633615 124.392700 10.644412 124.387207 10.639014 124.387207 10.644412 124.381714 10.644412 124.381714 10.622817 124.376221 10.622817 124.370728 10.617418 124.365234 10.617418 124.365234 10.612019 124.359741 10.612019 124.359741 10.617418 124.348755 10.617418 124.348755 10.612019 124.343262 10.612019 124.343262 10.606620 124.332275 10.606620 124.332275 10.601220 124.321289 10.601220 124.321289 10.595821 124.315796 10.595821 124.315796 10.590421 124.310303 10.585022 124.310303 10.590421 124.299316 10.590421 124.299316 10.585022 124.282837 10.585022 124.282837 10.590421 124.271851 10.590421 124.271851 10.601220 124.277344 10.601220 124.277344 10.612019 124.282837 10.612019 124.282837 10.617418 124.288330 10.617418 124.288330 10.622817 124.299316 10.633615 124.299316 10.644412 124.304810 10.644412 124.304810 10.655210 124.310303 10.660608 124.310303 10.698394 124.315796 10.698394 124.315796 10.709189 124.348755 10.709189 124.348755 10.703792 124.354248 10.703792 124.354248 10.698394 124.359741 10.698394 124.359741 10.692996 124.376221 10.692996 124.376221 10.666006 124.381714 10.660608 124.381714 10.649811 124.392700 10.649811 124.392700 10.666006 124.398193 10.666006 124.398193 10.687599 124.403687 10.687599 124.403687 10.692996 124.409180 10.692996 124.409180 10.703792 124.414673 10.703792 124.414673 10.709189 124.420166 10.709189 124.425659 10.714587 124.431152 10.714587 124.431152 10.719984 124.442139 10.719984
R	0	123.733521 11.302321 123.733521 11.296934 123.739014 11.296934 123.750000 11.286161 123.750000 11.275387 123.755493 11.270000 123.755493 11.259225 123.760986 11.253837 123.760986 11.237674 123.766479 11.232286 123.766479 11.210734 123.777466 11.199957 123.771973 11.199957 123.771973 11.194568 123.777466 11.194568 123.777466 11.189180 123.782959 11.189180 123.782959 11.183791 123.788452 11.183791 123.788452 11.178402 123.799438 11.178402 123.799438 11.173013 123.804932 11.173013 123.804932 11.167624 123.810425 11.167624 123.804932 11.162235 123.804932 11.156845 123.810425 11.156845 123.810425 11.151456 123.793945 11.151456 123.793945 11.146066 123.777466 11.146066 123.760986 11.151456 123.750000 11.151456 123.750000 11.146066 123.744507 11.146066 123.739014 11.140677 123.733521 11.140677 123.733521 11.135287 123.722534 11.135287 123.722534 11.146066 123.717041 11.146066 123.717041 11.151456 123.722534 11.151456 123.722534 11.156845 123.728027 11.156845 123.728027 11.162235 123.717041 11.162235 123.717041 11.173013 123.711548 11.173013 123.711548 11.189180 123.706055 11.189180 123.706055 11.194568 123.700562 11.199957 123.700562 11.210734 123.695068 11.216122 123.689575 11.216122 123.689575 11.232286 123.695068 11.232286 123.695068 11.243062 123.700562 11.243062 123.700562 11.253837 123.711548 11.253837 123.711548 11.264612 123.717041 11.264612 123.717041 11.280774 123.722534 11.286161 123.722534 11.296934 123.728027 11.296934 123.728027 11.302321 123.733521 11.302321
R	0	123.958740 10.320324 123.964233 10.320324 123.969727 10.325728 123.975220 10.325728 123.975220 10.331132 123.986206 10.331132 123.986206 10.336536 123.991699 10.331132 123.991699 10.320324 123.997192 10.320324 123.997192 10.314919 124.024658 10.314919 124.024658 10.309515 124.019165 10.304110 124.019165 10.298706 124.013672 10.298706 124.013672 10.293301 124.008179 10.293301 124.008179 10.287896 123.997192 10.287896 123.997192 10.277086 123.986206 10.277086 123.991699 10.271681 123.991699 10.266276 123.986206 10.266276 123.986206 10.260871 123.980713 10.260871 123.980713 10.255465 123.969727 10.255465 123.969727 10.260871 123.964233 10.255465 123.958740 10.255465 123.958740 10.250060 123.953247 10.250060 123.953247 10.244654 123.936768 10.244654 123.936768 10.250060 123.931274 10.250060 123.931274 10.255465 123.936768 10.255465 123.936768 10.266276 123.925781 10.266276 123.925781 10.287896 123.931274 10.282491 123.931274 10.293301 123.936768 10.293301 123.936768 10.304110 123.942261 10.309515 123.947754 10.309515 123.947754 10.314919 123.953247 10.314919 123.958740 10.320324
R	0	124.568481 10.811724 124.568481 10.795537 124.557495 10.795537 124.557495 10.784745 124.552002 10.784745 124.552002 10.779348 124.557495 10.773952 124.552002 10.773952 124.552002 10.763159 124.546509 10.763159 124.546509 10.757763 124.541016 10.757763 124.541016 10.752366 124.530029 10.741572 124.524536 10.741572 124.524536 10.736175 124.513550 10.736175 124.513550 10.730778 124.497070 10.730778 124.497070 10.741572 124.491577 10.741572 124.491577 10.746969 124.497070 10.746969 124.497070 10.757763 124.502563 10.763159 124.508057 10.763159 124.508057 10.768556 124.513550 10.773952 124.513550 10.779348 124.519043 10.779348 124.519043 10.784745 124.524536 10.784745 124.524536 10.795537 124.530029 10.795537 124.530029 10.800933 124.541016 10.800933 124.541016 10.806328 124.552002 10.806328 124.552002 10.811724 124.568481 10.811724
R	0	124.074097 10.287896 124.074097 10.277086 124.068604 10.271681 124.068604 10.266276 124.063110 10.266276 124.063110 10.260871 124.057617 10.260871 124.063110 10.255465 124.063110 10.250060 124.057617 10.250060 124.057617 10.239249 124.052124 10.239249 124.052124 10.244654 124.046631 10.244654 124.046631 10.239249 124.041138 10.239249 124.041138 10.244654 124.035645 10.244654 124.035645 10.239249 124.030151 10.239249 124.030151 10.250060 124.024658 10.250060 124.030151 10.255465 124.030151 10.260871 124.041138 10.260871 124.041138 10.266276 124.046631 10.266276 124.052124 10.271681 124.046631 10.271681 124.046631 10.277086 124.052124 10.277086 124.052124 10.282491 124.063110 10.282491 124.057617 10.287896 124.074097 10.287896
R	1	124.046631 10.250060 124.052124 10.244654 124.052124 10.255465 124.046631 10.255465 124.046631 10.250060
R	2	124.052124 10.271681 124.052124 10.266276 124.057617 10.266276 124.057617 10.271681 124.052124 10.271681
R	0	123.898315 11.350797 123.898315 11.345411 123.903809 11.345411 123.903809 11.340025 123.898315 11.340025 123.903809 11.334639 123.903809 11.323867 123.898315 11.323867 123.898315 11.302321 123.892822 11.302321 123.892822 11.296934 123.887329 11.296934 123.881836 11.302321 123.881836 11.313094 123.887329 11.313094 123.887329 11.345411 123.892822 11.345411 123.892822 11.350797 123.898315 11.350797
R	0	123.826904 11.216122 123.826904 11.194568 123.821411 11.194568 123.821411 11.189180 123.815918 11.189180 123.810425 11.194568 123.815918 11.194568 123.815918 11.199957 123.810425 11.199957 123.810425 11.210734 123.815918 11.210734 123.815918 11.216122 123.826904 11.216122
R	0	124.041138 10.331132 124.041138 10.325728 124.035645 10.320324 124.035645 10.314919 124.024658 10.314919 124.024658 10.320324 124.030151 10.320324 124.030151 10.325728 124.035645 10.325728 124.035645 10.331132 124.041138 10.331132
R	0	124.046631 10.331132 124.041138 10.331132 124.041138 10.336536 124.046631 10.336536 124.046631 10.331132
R	0	123.656616 11.092166 123.656616 11.081385 123.651123 11.081385 123.651123 11.075994 123.645630 11.070603 123.640137 11.070603 123.640137 11.065212 123.634644 11.065212 123.634644 11.075994 123.640137 11.075994 123.640137 11.081385 123.634644 11.086775 123.645630 11.086775 123.645630 11.092166 123.656616 11.092166
R	0	123.925781 11.194568 123.925781 11.173013 123.920288 11.173013 123.920288 11.178402 123.914795 11.178402 123.920288 11.183791 123.914795 11.183791 123.914795 11.194568 123.925781 11.194568
R	0	124.101562 11.523088 124.101562 11.512322 124.107056 11.512322 124.107056 11.506940 124.096069 11.506940 124.096069 11.512322 124.090576 11.512322 124.090576 11.523088 124.101562 11.523088
R	0	124.118042 11.345411 124.118042 11.334639 124.123535 11.329253 124.112549 11.329253 124.112549 11.340025 124.107056 11.345411 124.118042 11.345411
R	0	124.030151 10.590421 124.035645 10.590421 124.035645 10.579622 124.030151 10.579622 124.030151 10.590421
P	0704600000	Negros Oriental
R	0	123.250122 10.417586 123.338013 10.385168 123.338013 10.379765 123.332520 10.379765 123.332520 10.363555 123.327026 10.363555 123.332520 10.358151 123.327026 10.352748 123.327026 10.331132 123.332520 10.331132 123.332520 10.325728 123.327026 10.325728 123.327026 10.320324 123.332520 10.314919 123.332520 10.304110 123.327026 10.304110 123.327026 10.298706 123.332520 10.298706 123.332520 10.293301 123.327026 10.293301 123.332520 10.287896 123.332520 10.277086 123.327026 10.277086 123.327026 10.250060 123.321533 10.250060 123.321533 10.239249 123.316040 10.239249 123.316040 10.228437 123.310547 10.228437 123.305054 10.223031 123.305054 10.206813 123.299561 10.206813 123.299561 10.196000 123.294067 10.196000 123.294067 10.190594 123.288574 10.190594 123.288574 10.185187 123.283081 10.185187 123.283081 10.179781 123.288574 10.179781 123.283081 10.174374 123.283081 10.125709 123.277588 10.125709 123.277588 10.120302 123.272095 10.120302 123.272095 10.114894 123.266602 10.114894 123.272095 10.109486 123.266602 10.109486 123.266602 10.093262 123.261108 10.087854 123.261108 10.082446 123.255615 10.077037 123.255615 10.071629 123.250122 10.066220 123.250122 10.055403 123.244629 10.055403 123.244629 10.049994 123.239136 10.049994 123.239136 10.033767 123.233643 10.033767 123.233643 10.022948 123.228149 10.022948 123.228149 10.001310 123.217163 10.001310 123.211670 9.995901 123.211670 9.990491 123.206177 9.990491 123.206177 9.985081 123.200684 9.985081 123.200684 9.974261 123.189697 9.963440 123.189697 9.958030 123.184204 9.958030 123.184204 9.947209 123.178711 9.947209 123.178711 9.925566 123.173218 9.920155 123.162231 9.920155 123.162231 9.914744 123.156738 9.914744 123.156738 9.909333 123.151245 9.909333 123.151245 9.898510 123.145752 9.898510 123.145752 9.887687 123.151245 9.887687 123.151245 9.871452 123.145752 9.866040 123.151245 9.866040 123.151245 9.855216 123.145752 9.855216 123.140259 9.849804 123.140259 9.838979 123.134766 9.838979 123.134766 9.828154 123.140259 9.828154 123.140259 9.822742 123.145752 9.822742 123.145752 9.817329 123.140259 9.811916 123.140259 9.801091 123.140259 9.795678 123.145752 9.795678 123.145752 9.784851 123.151245 9.784851 123.151245 9.774025 123.145752 9.774025 123.145752 9.763198 123.151245 9.763198 123.151245 9.725300 123.156738 9.725300 123.156738 9.714472 123.162231 9.709057 123.162231 9.703643 123.156738 9.698228 123.156738 9.692813 123.151245 9.692813 123.151245 9.649492 123.140259 9.649492 123.140259 9.654908 123.118286 9.654908 123.118286 9.649492 123.112793 9.654908 123.112793 9.644077 123.118286 9.644077 123.112793 9.638661 123.112793 9.633246 123.107300 9.633246 123.107300 9.622414 123.118286 9.622414 123.118286 9.606166 123.123779 9.606166 123.129272 9.611582 123.129272 9.606166 123.140259 9.606166 123.134766 9.600750 123.140259 9.600750 123.140259 9.595334 123.151245 9.595334 123.151245 9.589917 123.156738 9.589917 123.156738 9.579084 123.162231 9.579084 123.162231 9.573668 123.156738 9.568251 123.156738 9.562834 123.151245 9.562834 123.151245 9.579084 123.145752 9.584501 123.140259 9.584501 123.140259 9.579084 123.134766 9.579084 123.134766 9.584501 123.129272 9.584501 123.129272 9.562834 123.123779 9.562834 123.123779 9.557417 123.118286 9.552000 123.118286 9.546583 123.123779 9.546583 123.123779 9.552000 123.129272 9.552000 123.129272 9.546583 123.156738 9.546583 123.156738 9.541166 123.162231 9.535749 123.162231 9.530332 123.167725 9.530332 123.167725 9.519497 123.173218 9.514079 123.173218 9.508662 123.178711 9.508662 123.178711 9.492408 123.184204 9.492408 123.184204 9.481572 123.189697 9.476154 123.200684 9.470736 123.211670 9.470736 123.217163 9.465317 123.228149 9.465317 123.228149 9.459899 123.233643 9.459899 123.233643 9.454480 123.239136 9.454480 123.239136 9.438224 123.233643 9.438224 123.233643 9.427387 123.239136 9.421968 123.239136 9.416548 123.244629 9.416548 123.244629 9.411129 123.255615 9.394871 123.255615 9.389452 123.261108 9.389452 123.261108 9.378612 123.266602 9.378612 123.266602 9.367773 123.277588 9.367773 123.277588 9.362353 123.288574 9.362353 123.288574 9.356933 123.299561 9.356933 123.299561 9.346092 123.305054 9.346092 123.305054 9.340672 123.310547 9.340672 123.310547 9.291886 123.305054 9.291886 123.305054 9.275622 123.299561 9.275622 123.299561 9.243093 123.294067 9.243093 123.294067 9.232249 123.288574 9.232249 123.288574 9.210560 123.283081 9.210560 123.283081 9.205138 123.277588 9.205138 123.277588 9.199715 123.272095 9.199715 123.272095 9.188870 123.266602 9.188870 123.261108 9.183447 123.261108 9.178025 123.255615 9.178025 123.255615 9.172602 123.250122 9.172602 123.250122 9.167179 123.244629 9.167179 123.244629 9.161756 123.239136 9.150909 123.239136 9.145486 123.233643 9.145486 123.233643 9.140063 123.228149 9.140063 123.228149 9.134639 123.222656 9.134639 123.222656 9.129216 123.217163 9.123792 123.211670 9.123792 123.211670 9.107521 123.206177 9.107521 123.206177 9.102097 123.200684 9.096673 123.184204 9.096673 123.173218 9.085824 123.167725 9.085824 123.167725 9.080400 123.162231 9.080400 123.162231 9.074976 123.156738 9.069551 123.145752 9.069551 123.140259 9.064127 123.140259 9.058702 123.134766 9.058702 123.134766 9.047853 123.118286 9.047853 123.118286 9.053277 123.129272 9.053277 123.129272 9.064127 123.123779 9.058702 123.118286 9.058702 123.112793 9.053277 123.107300 9.053277 123.107300 9.058702 123.101807 9.058702 123.096313 9.064127 123.068848 9.064127 123.068848 9.058702 123.063354 9.058702 123.063354 9.053277 123.057861 9.053277 123.052368 9.047853 123.024902 9.047853 123.024902 9.042428 123.019409 9.042428 123.019409 9.037003 123.013916 9.037003 123.013916 9.042428 123.002930 9.042428 123.002930 9.047853 122.997437 9.047853 122.991943 9.053277 122.986450 9.053277 122.980957 9.058702 122.975464 9.058702 122.975464 9.064127 122.969971 9.064127 122.969971 9.069551 122.953491 9.069551 122.953491 9.074976 122.942505 9.074976 122.937012 9.080400 122.937012 9.091249 122.931519 9.091249 122.931519 9.107521 122.926025 9.107521 122.926025 9.118368 122.920532 9.118368 122.920532 9.129216 122.915039 9.129216 122.915039 9.134639 122.909546 9.134639 122.909546 9.150909 122.904053 9.156333 122.904053 9.167179 122.898560 9.167179 122.898560 9.178025 122.893066 9.183447 122.893066 9.194293 122.887573 9.194293 122.887573 9.215982 122.876587 9.226827 122.876587 9.243093 122.871094 9.248514 122.871094 9.259358 122.876587 9.259358 122.876587 9.297307 122.871094 9.297307 122.871094 9.302728 122.876587 9.308149 122.876587 9.313569 122.871094 9.318990 122.871094 9.324411 122.865601 9.324411 122.865601 9.329831 122.843628 9.329831 122.843628 9.335252 122.838135 9.335252 122.827148 9.346092 122.821655 9.346092 122.821655 9.351513 122.816162 9.351513 122.816162 9.356933 122.805176 9.356933 122.805176 9.362353 122.788696 9.362353 122.783203 9.367773 122.750244 9.367773 122.744751 9.373193 122.728271 9.373193 122.722778 9.378612 122.689819 9.378612 122.689819 9.384032 122.678833 9.384032 122.678833 9.378612 122.673340 9.378612 122.673340 9.384032 122.667847 9.384032 122.667847 9.389452 122.662354 9.389452 122.662354 9.394871 122.656860 9.394871 122.651367 9.400291 122.645874 9.400291 122.645874 9.405710 122.640381 9.405710 122.634888 9.411129 122.634888 9.416548 122.629395 9.416548 122.629395 9.421968 122.607422 9.421968 122.607422 9.427387 122.601929 9.427387 122.601929 9.432806 122.596436 9.432806 122.596436 9.438224 122.590942 9.438224 122.590942 9.454480 122.596436 9.454480 122.596436 9.459899 122.590942 9.459899 122.590942 9.465317 122.612915 9.481572 122.656860 9.535749 122.755737 9.633246 122.766724 9.654908 122.783203 9.676569 122.805176 9.698228 122.860107 9.763198 122.876587 9.784851 122.898560 9.811916 123.008423 9.985081 123.013916 10.012130 123.030396 10.039176 123.046875 10.055403 123.068848 10.098670 123.079834 10.109486 123.162231 10.228437 123.184204 10.255465 123.167725 10.314919 123.173218 10.314919 123.178711 10.320324 123.178711 10.331132 123.184204 10.331132 123.184204 10.358151 123.178711 10.363555 123.178711 10.439196 123.228149 10.439196 123.250122 10.422988 123.250122 10.417586
R	1	123.140259 9.801091 123.134766 9.806504 123.134766 9.801091 123.140259 9.801091
R	2	123.250122 10.417586 123.244629 10.417586 123.244629 10.412183 123.250122 10.417586
P	0706100000	Siquijor
R	0	123.623657 9.302728 123.623657 9.297307 123.634644 9.297307 123.634644 9.291886 123.640137 9.291886 123.640137 9.286465 123.645630 9.281043 123.645630 9.275622 123.651123 9.275622 123.651123 9.259358 123.656616 9.259358 123.656616 9.237671 123.662109 9.237671 123.662109 9.232249 123.667603 9.232249 123.673096 9.226827 123.684082 9.226827 123.684082 9.221405 123.689575 9.221405 123.689575 9.215982 123.684082 9.215982 123.684082 9.210560 123.678589 9.210560 123.678589 9.215982 123.673096 9.215982 123.673096 9.210560 123.667603 9.210560 123.667603 9.205138 123.662109 9.205138 123.662109 9.199715 123.656616 9.199715 123.656616 9.188870 123.662109 9.183447 123.662109 9.172602 123.667603 9.172602 123.667603 9.167179 123.673096 9.161756 123.689575 9.161756 123.695068 9.156333 123.695068 9.161756 123.700562 9.156333 123.700562 9.140063 123.695068 9.140063 123.695068 9.129216 123.689575 9.129216 123.689575 9.123792 123.673096 9.123792 123.673096 9.118368 123.667603 9.118368 123.667603 9.112945 123.656616 9.112945 123.656616 9.118368 123.651123 9.118368 123.651123 9.123792 123.634644 9.123792 123.634644 9.118368 123.629150 9.118368 123.629150 9.112945 123.623657 9.112945 123.623657 9.102097 123.612671 9.102097 123.607178 9.096673 123.579712 9.096673 123.574219 9.102097 123.557739 9.102097 123.557739 9.107521 123.552246 9.112945 123.552246 9.118368 123.541260 9.118368 123.541260 9.123792 123.535767 9.123792 123.535767 9.129216 123.530273 9.129216 123.524780 9.134639 123.513794 9.134639 123.513794 9.140063 123.508301 9.140063 123.508301 9.145486 123.502808 9.145486 123.502808 9.150909 123.497314 9.150909 123.497314 9.156333 123.491821 9.161756 123.486328 9.161756 123.486328 9.167179 123.480835 9.167179 123.475342 9.172602 123.469849 9.172602 123.464355 9.178025 123.458862 9.178025 123.458862 9.183447 123.453369 9.183447 123.453369 9.194293 123.458862 9.194293 123.458862 9.199715 123.464355 9.199715 123.464355 9.205138 123.458862 9.205138 123.458862 9.210560 123.464355 9.210560 123.464355 9.221405 123.486328 9.221405 123.486328 9.215982 123.513794 9.215982 123.513794 9.221405 123.519287 9.221405 123.524780 9.226827 123.563232 9.226827 123.563232 9.232249 123.568726 9.232249 123.568726 9.237671 123.574219 9.243093 123.574219 9.248514 123.590698 9.248514 123.590698 9.259358 123.596191 9.259358 123.596191 9.291886 123.601685 9.297307 123.601685 9.302728 123.623657 9.302728
P	0802600000	Eastern Samar
R	0	125.705566 10.822515 125.705566 10.817120 125.711060 10.817120 125.711060 10.811724 125.722046 10.811724 125.722046 10.800933 125.727539 10.800933 125.727539 10.795537 125.722046 10.790141 125.722046 10.784745 125.716553 10.784745 125.716553 10.779348 125.711060 10.779348 125.711060 10.773952 125.716553 10.773952 125.716553 10.768556 125.711060 10.768556 125.711060 10.757763 125.716553 10.757763 125.716553 10.746969 125.722046 10.746969 125.722046 10.741572 125.755005 10.741572 125.755005 10.736175 125.771484 10.736175 125.771484 10.741572 125.776978 10.736175 125.804443 10.736175 125.804443 10.730778 125.815430 10.730778 125.815430 10.719984 125.820923 10.719984 125.820923 10.714587 125.815430 10.709189 125.815430 10.703792 125.809937 10.703792 125.809937 10.692996 125.771484 10.692996 125.771484 10.687599 125.749512 10.687599 125.749512 10.692996 125.744019 10.692996 125.744019 10.698394 125.738525 10.698394 125.738525 10.703792 125.733032 10.703792 125.733032 10.709189 125.727539 10.709189 125.727539 10.714587 125.722046 10.719984 125.711060 10.719984 125.705566 10.725381 125.694580 10.725381 125.694580 10.730778 125.700073 10.730778 125.700073 10.736175 125.683594 10.736175 125.683594 10.741572 125.672607 10.741572 125.672607 10.746969 125.667114 10.746969 125.667114 10.757763 125.661621 10.757763 125.661621 10.779348 125.656128 10.779348 125.661621 10.784745 125.661621 10.795537 125.667114 10.795537 125.667114 10.800933 125.672607 10.800933 125.672607 10.806328 125.678101 10.806328 125.678101 10.811724 125.683594 10.817120 125.689087 10.817120 125.689087 10.822515 125.705566 10.822515
R	0	125.941772 10.768556 125.952759 10.773952 125.958252 10.773952 125.963745 10.768556 125.963745 10.757763 125.969238 10.757763 125.969238 10.746969 125.963745 10.746969 125.963745 10.752366 125.952759 10.752366 125.952759 10.757763 125.947266 10.757763 125.947266 10.768556 125.941772 10.768556
R	0	125.496826 12.205811 125.491333 12.205811 125.491333 12.211180 125.496826 12.211180 125.496826 12.205811
R	0	125.650635 11.005904 125.650635 11.000512 125.656128 11.000512 125.656128 10.984335 125.650635 10.978943 125.645142 10.978943 125.645142 10.973550 125.634155 10.973550 125.634155 10.978943 125.623169 10.978943 125.623169 10.984335 125.617676 10.984335 125.617676 11.005904 125.650635 11.005904
R	0	125.430908 11.754437 125.430908 11.759815 125.436401 11.759815 125.430908 11.754437
R	0	125.375977 12.270231 125.370483 12.270231 125.370483 12.275599 125.375977 12.275599 125.375977 12.270231
R	0	125.711060 11.043647 125.705566 11.043647 125.705566 11.038255 125.700073 11.038255 125.700073 11.032864 125.689087 11.032864 125.689087 11.038255 125.683594 11.038255 125.683594 11.049038 125.678101 11.049038 125.678101 11.059821 125.683594 11.059821 125.683594 11.054430 125.700073 11.054430 125.700073 11.049038 125.711060 11.049038 125.711060 11.043647
R	0	125.667114 11.113727 125.672607 11.108337 125.683594 11.108337 125.683594 11.102947 125.678101 11.102947 125.678101 11.097556 125.672607 11.092166 125.667114 11.092166 125.667114 11.097556 125.661621 11.097556 125.661621 11.102947 125.667114 11.102947 125.667114 11.108337 125.661621 11.108337 125.667114 11.113727
R	0	125.562744 12.066181 125.568237 12.060809 125.568237 12.044693 125.562744 12.039321 125.562744 12.033948 125.557251 12.033948 125.557251 12.039321 125.562744 12.050065 125.562744 12.066181
R	0	125.551758 12.119894 125.562744 12.109152 125.568237 12.109152 125.568237 12.098410 125.562744 12.098410 125.562744 12.103781 125.557251 12.103781 125.557251 12.109152 125.546265 12.119894 125.551758 12.119894
R	0	125.474854 11.861975 125.480347 11.856599 125.480347 11.851223 125.469360 11.851223 125.469360 11.856599 125.463867 11.856599 125.463867 11.861975 125.474854 11.861975
R	0	125.452881 11.861975 125.458374 11.856599 125.463867 11.856599 125.463867 11.851223 125.447388 11.856599 125.452881 11.856599 125.452881 11.861975
R	0	125.463867 12.141376 125.469360 12.141376 125.469360 12.136005 125.463867 12.136005 125.463867 12.141376
R	0	125.414429 12.280966 125.408936 12.280966 125.408936 12.286334 125.414429 12.286334 125.414429 12.280966
R	0	125.551758 11.146066 125.557251 11.146066 125.557251 11.140677 125.551758 11.146066
R	0	125.496826 12.216549 125.491333 12.211180 125.491333 12.216549 125.496826 12.216549
R	0	125.941772 10.768556 125.936279 10.768556 125.941772 10.773952 125.941772 10.768556
R	0	125.452881 11.102947 125.458374 11.102947 125.452881 11.097556 125.452881 11.102947
R	0	125.524292 11.135287 125.529785 11.129897 125.524292 11.129897 125.524292 11.135287
R	0	125.496826 12.205811 125.507812 12.205811 125.507812 12.195073 125.513306 12.195073 125.513306 12.184334 125.518799 12.184334 125.518799 12.178965 125.513306 12.178965 125.513306 12.173595 125.507812 12.173595 125.507812 12.178965 125.502319 12.178965 125.496826 12.173595 125.496826 12.168226 125.491333 12.173595 125.491333 12.168226 125.485840 12.168226 125.485840 12.173595 125.480347 12.178965 125.480347 12.168226 125.474854 12.168226 125.469360 12.162856 125.463867 12.162856 125.458374 12.168226 125.452881 12.162856 125.452881 12.157486 125.458374 12.157486 125.458374 12.152116 125.463867 12.152116 125.469360 12.157486 125.469360 12.152116 125.474854 12.152116 125.474854 12.146746 125.469360 12.141376 125.469360 12.146746 125.463867 12.146746 125.463867 12.141376 125.452881 12.141376 125.447388 12.136005 125.441895 12.136005 125.436401 12.130635 125.436401 12.109152 125.441895 12.109152 125.441895 12.103781 125.447388 12.098410 125.463867 12.098410 125.469360 12.103781 125.469360 12.109152 125.474854 12.109152 125.474854 12.103781 125.485840 12.103781 125.485840 12.098410 125.491333 12.093039 125.463867 12.093039 125.463867 12.087667 125.480347 12.087667 125.480347 12.076924 125.491333 12.076924 125.491333 12.071553 125.496826 12.071553 125.496826 12.060809 125.502319 12.060809 125.507812 12.066181 125.507812 12.060809 125.513306 12.060809 125.513306 12.055437 125.502319 12.055437 125.502319 12.050065 125.496826 12.050065 125.496826 12.044693 125.491333 12.044693 125.491333 12.033948 125.480347 12.033948 125.480347 12.028576 125.485840 12.028576 125.480347 12.023203 125.474854 12.023203 125.474854 12.017830 125.469360 12.017830 125.469360 12.007085 125.463867 12.007085 125.463867 12.001712 125.458374 12.001712 125.458374 11.996338 125.452881 11.990965 125.452881 11.985592 125.447388 11.980218 125.447388 11.969471 125.441895 11.964097 125.441895 11.969471 125.436401 11.964097 125.436401 11.958723 125.425415 11.958723 125.425415 11.953349 125.430908 11.953349 125.430908 11.931852 125.419922 11.931852 125.430908 11.921103 125.425415 11.921103 125.425415 11.915728 125.419922 11.910354 125.425415 11.910354 125.425415 11.904979 125.419922 11.904979 125.419922 11.894228 125.425415 11.888853 125.425415 11.878102 125.430908 11.872727 125.436401 11.872727 125.436401 11.867351 125.441895 11.867351 125.441895 11.861975 125.436401 11.861975 125.436401 11.818965 125.447388 11.818965 125.452881 11.813588 125.452881 11.818965 125.463867 11.818965 125.463867 11.802834 125.469360 11.802834 125.469360 11.797457 125.474854 11.797457 125.474854 11.786703 125.469360 11.781325 125.469360 11.775948 125.463867 11.775948 125.463867 11.770570 125.458374 11.770570 125.458374 11.775948 125.452881 11.775948 125.452881 11.770570 125.447388 11.770570 125.447388 11.775948 125.441895 11.775948 125.441895 11.770570 125.430908 11.770570 125.430908 11.775948 125.425415 11.775948 125.425415 11.765192 125.414429 11.765192 125.414429 11.754437 125.425415 11.754437 125.425415 11.743681 125.430908 11.749059 125.436401 11.743681 125.436401 11.738302 125.441895 11.738302 125.441895 11.749059 125.447388 11.749059 125.452881 11.754437 125.452881 11.759815 125.463867 11.759815 125.463867 11.743681 125.469360 11.743681 125.469360 11.722167 125.474854 11.716788 125.480347 11.716788 125.480347 11.711410 125.474854 11.711410 125.469360 11.706031 125.474854 11.700652 125.480347 11.700652 125.480347 11.689894 125.474854 11.689894 125.474854 11.679135 125.480347 11.679135 125.485840 11.684514 125.485840 11.679135 125.491333 11.679135 125.491333 11.668376 125.469360 11.668376 125.469360 11.673755 125.458374 11.673755 125.458374 11.668376 125.452881 11.668376 125.452881 11.662996 125.447388 11.662996 125.447388 11.657616 125.458374 11.657616 125.458374 11.646856 125.463867 11.646856 125.463867 11.641476 125.458374 11.641476 125.458374 11.630716 125.452881 11.625335 125.452881 11.630716 125.447388 11.630716 125.447388 11.625335 125.441895 11.625335 125.441895 11.619955 125.436401 11.619955 125.436401 11.609193 125.447388 11.609193 125.447388 11.603813 125.441895 11.603813 125.441895 11.593051 125.447388 11.593051 125.447388 11.587669 125.458374 11.587669 125.458374 11.593051 125.474854 11.593051 125.474854 11.587669 125.469360 11.582288 125.469360 11.544616 125.474854 11.544616 125.474854 11.533852 125.480347 11.533852 125.480347 11.528470 125.485840 11.528470 125.485840 11.523088 125.491333 11.523088 125.491333 11.517705 125.496826 11.517705 125.496826 11.506940 125.502319 11.506940 125.502319 11.501557 125.507812 11.501557 125.507812 11.496174 125.513306 11.496174 125.513306 11.480025 125.518799 11.480025 125.518799 11.469258 125.507812 11.469258 125.507812 11.458491 125.496826 11.458491 125.496826 11.453107 125.491333 11.447723 125.502319 11.447723 125.502319 11.453107 125.524292 11.453107 125.524292 11.447723 125.529785 11.447723 125.529785 11.436955 125.540771 11.436955 125.540771 11.426187 125.546265 11.420802 125.551758 11.420802 125.546265 11.415418 125.546265 11.410033 125.551758 11.410033 125.551758 11.404649 125.562744 11.404649 125.562744 11.393879 125.573730 11.393879 125.573730 11.399264 125.584717 11.399264 125.584717 11.388494 125.590210 11.388494 125.595703 11.383109 125.601196 11.383109 125.601196 11.377724 125.595703 11.377724 125.595703 11.372339 125.606689 11.372339 125.606689 11.366953 125.623169 11.366953 125.628662 11.361568 125.628662 11.350797 125.634155 11.350797 125.634155 11.334639 125.628662 11.334639 125.628662 11.340025 125.623169 11.340025 125.623169 11.329253 125.628662 11.329253 125.628662 11.323867 125.617676 11.323867 125.617676 11.318481 125.612183 11.318481 125.612183 11.302321 125.606689 11.302321 125.601196 11.296934 125.595703 11.296934 125.595703 11.291548 125.584717 11.291548 125.584717 11.286161 125.573730 11.286161 125.568237 11.280774 125.568237 11.270000 125.557251 11.270000 125.557251 11.264612 125.551758 11.264612 125.551758 11.259225 125.546265 11.259225 125.546265 11.253837 125.540771 11.253837 125.540771 11.232286 125.535278 11.232286 125.535278 11.216122 125.540771 11.216122 125.540771 11.210734 125.535278 11.210734 125.535278 11.194568 125.540771 11.194568 125.540771 11.189180 125.551758 11.189180 125.551758 11.183791 125.557251 11.183791 125.557251 11.189180 125.562744 11.189180 125.562744 11.183791 125.584717 11.183791 125.579224 11.178402 125.595703 11.178402 125.590210 11.183791 125.590210 11.189180 125.601196 11.189180 125.601196 11.194568 125.606689 11.194568 125.606689 11.189180 125.612183 11.189180 125.612183 11.194568 125.628662 11.194568 125.628662 11.199957 125.623169 11.199957 125.617676 11.205345 125.612183 11.205345 125.612183 11.210734 125.606689 11.210734 125.606689 11.216122 125.595703 11.216122 125.595703 11.221510 125.590210 11.221510 125.590210 11.232286 125.606689 11.232286 125.606689 11.226898 125.617676 11.226898 125.617676 11.221510 125.623169 11.221510 125.628662 11.216122 125.628662 11.210734 125.645142 11.210734 125.645142 11.205345 125.656128 11.205345 125.661621 11.199957 125.667114 11.199957 125.667114 11.194568 125.672607 11.189180 125.672607 11.183791 125.678101 11.183791 125.678101 11.173013 125.683594 11.173013 125.683594 11.156845 125.689087 11.156845 125.689087 11.140677 125.694580 11.135287 125.694580 11.129897 125.727539 11.097556 125.727539 11.092166 125.733032 11.092166 125.733032 11.086775 125.738525 11.086775 125.738525 11.075994 125.744019 11.070603 125.749512 11.070603 125.749512 11.054430 125.755005 11.054430 125.755005 11.049038 125.760498 11.049038 125.760498 11.027472 125.765991 11.027472 125.765991 11.032864 125.771484 11.032864 125.771484 11.027472 125.776978 11.027472 125.782471 11.022080 125.782471 11.016689 125.787964 11.016689 125.787964 11.011297 125.793457 11.011297 125.793457 11.005904 125.798950 11.005904 125.798950 11.000512 125.804443 10.995120 125.804443 10.984335 125.809937 10.984335 125.809937 10.978943 125.815430 10.973550 125.820923 10.973550 125.826416 10.968157 125.826416 10.962764 125.831909 10.962764 125.831909 10.951978 125.837402 10.951978 125.837402 10.935798 125.831909 10.941192 125.820923 10.941192 125.820923 10.957371 125.815430 10.957371 125.815430 10.968157 125.809937 10.968157 125.804443 10.973550 125.804443 10.978943 125.798950 10.978943 125.798950 10.984335 125.793457 10.984335 125.793457 10.995120 125.787964 10.995120 125.782471 11.000512 125.776978 11.000512 125.776978 11.005904 125.771484 11.005904 125.771484 11.011297 125.765991 11.011297 125.760498 11.016689 125.755005 11.016689 125.755005 11.011297 125.749512 11.011297 125.749512 11.016689 125.733032 11.016689 125.733032 11.022080 125.727539 11.022080 125.727539 11.027472 125.722046 11.022080 125.722046 11.032864 125.716553 11.032864 125.716553 11.038255 125.711060 11.038255 125.711060 11.043647 125.716553 11.043647 125.716553 11.049038 125.711060 11.049038 125.705566 11.054430 125.705566 11.065212 125.700073 11.065212 125.700073 11.070603 125.694580 11.070603 125.689087 11.065212 125.689087 11.075994 125.678101 11.075994 125.678101 11.081385 125.672607 11.081385 125.672607 11.086775 125.678101 11.092166 125.689087 11.092166 125.689087 11.097556 125.694580 11.097556 125.694580 11.108337 125.689087 11.108337 125.689087 11.113727 125.667114 11.113727 125.667114 11.119117 125.661621 11.119117 125.661621 11.135287 125.667114 11.135287 125.667114 11.140677 125.639648 11.140677 125.639648 11.135287 125.634155 11.135287 125.628662 11.129897 125.617676 11.129897 125.617676 11.124507 125.612183 11.124507 125.612183 11.119117 125.601196 11.119117 125.601196 11.113727 125.595703 11.119117 125.595703 11.113727 125.584717 11.113727 125.584717 11.108337 125.579224 11.108337 125.579224 11.102947 125.584717 11.102947 125.584717 11.097556 125.579224 11.097556 125.579224 11.092166 125.573730 11.092166 125.573730 11.097556 125.568237 11.097556 125.568237 11.102947 125.573730 11.102947 125.573730 11.108337 125.573730 11.124507 125.557251 11.124507 125.557251 11.129897 125.568237 11.129897 125.568237 11.146066 125.573730 11.151456 125.551758 11.151456 125.529785 11.151456 125.529785 11.135287 125.524292 11.135287 125.524292 11.140677 125.518799 11.140677 125.518799 11.102947 125.513306 11.102947 125.513306 11.092166 125.518799 11.092166 125.518799 11.086775 125.513306 11.086775 125.513306 11.081385 125.502319 11.081385 125.502319 11.092166 125.496826 11.092166 125.496826 11.097556 125.491333 11.097556 125.491333 11.102947 125.485840 11.097556 125.485840 11.092166 125.480347 11.092166 125.480347 11.102947 125.485840 11.102947 125.485840 11.108337 125.480347 11.108337 125.480347 11.113727 125.469360 11.113727 125.469360 11.119117 125.463867 11.119117 125.463867 11.124507 125.458374 11.124507 125.458374 11.119117 125.447388 11.119117 125.447388 11.113727 125.452881 11.113727 125.452881 11.102947 125.447388 11.097556 125.447388 11.102947 125.441895 11.102947 125.441895 11.113727 125.436401 11.108337 125.436401 11.097556 125.425415 11.086775 125.408936 11.086775 125.408936 11.081385 125.403442 11.081385 125.403442 11.102947 125.397949 11.097556 125.392456 11.102947 125.392456 11.108337 125.381470 11.108337 125.381470 11.102947 125.375977 11.102947 125.375977 11.097556 125.370483 11.102947 125.370483 11.108337 125.364990 11.108337 125.364990 11.113727 125.359497 11.113727 125.359497 11.119117 125.343018 11.119117 125.343018 11.124507 125.332031 11.124507 125.332031 11.113727 125.326538 11.119117 125.315552 11.119117 125.321045 11.124507 125.315552 11.129897 125.315552 11.124507 125.310059 11.124507 125.310059 11.129897 125.304565 11.129897 125.299072 11.135287 125.299072 11.140677 125.277100 11.140677 125.277100 11.135287 125.260620 11.135287 125.260620 11.124507 125.255127 11.119117 125.249634 11.119117 125.249634 11.124507 125.244141 11.124507 125.310059 11.393879 125.161743 11.566144 125.282593 11.673755 125.123291 12.076924 125.167236 12.280966 125.211182 12.345368 125.321045 12.280966 125.321045 12.275599 125.315552 12.275599 125.321045 12.270231 125.326538 12.275599 125.332031 12.275599 125.332031 12.270231 125.343018 12.270231 125.343018 12.275599 125.348511 12.275599 125.348511 12.286334 125.359497 12.286334 125.359497 12.291701 125.354004 12.297068 125.354004 12.307802 125.359497 12.307802 125.359497 12.302435 125.381470 12.302435 125.386963 12.297068 125.381470 12.297068 125.381470 12.286334 125.375977 12.291701 125.364990 12.291701 125.364990 12.280966 125.359497 12.280966 125.359497 12.275599 125.364990 12.275599 125.364990 12.270231 125.370483 12.270231 125.370483 12.264864 125.386963 12.264864 125.386963 12.280966 125.397949 12.280966 125.403442 12.275599 125.403442 12.270231 125.408936 12.270231 125.408936 12.275599 125.414429 12.275599 125.414429 12.280966 125.419922 12.275599 125.419922 12.280966 125.425415 12.280966 125.425415 12.275599 125.430908 12.275599 125.430908 12.270231 125.436401 12.270231 125.436401 12.275599 125.441895 12.270231 125.441895 12.264864 125.447388 12.264864 125.447388 12.259496 125.452881 12.259496 125.452881 12.254128 125.458374 12.254128 125.458374 12.248760 125.463867 12.243392 125.463867 12.238023 125.469360 12.232655 125.480347 12.232655 125.480347 12.227286 125.485840 12.221918 125.485840 12.216549 125.480347 12.216549 125.480347 12.211180 125.485840 12.211180 125.485840 12.205811 125.491333 12.205811 125.496826 12.200442 125.496826 12.205811
R	1	125.491333 11.108337 125.491333 11.113727 125.485840 11.108337 125.491333 11.108337
R	2	125.441895 11.775948 125.441895 11.781325 125.436401 11.781325 125.436401 11.775948 125.441895 11.775948
R	3	125.502319 12.178965 125.502319 12.184334 125.496826 12.184334 125.496826 12.178965 125.502319 12.178965
R	4	125.463867 12.238023 125.458374 12.238023 125.458374 12.232655 125.463867 12.232655 125.463867 12.238023
R	5	125.452881 11.996338 125.447388 11.996338 125.452881 11.990965 125.452881 11.996338
R	6	125.458374 12.232655 125.452881 12.232655 125.458374 12.227286 125.458374 12.232655
R	7	125.760498 11.027472 125.760498 11.022080 125.765991 11.022080 125.760498 11.027472
P	0803700000	Leyte
R	0	124.865112 11.415418 124.859619 11.415418 124.859619 11.410033 124.870605 11.410033 124.881592 11.410033 124.881592 11.415418 124.876099 11.415418 124.876099 11.431571 124.870605 11.436955 124.876099 11.436955 124.876099 11.442339 124.881592 11.442339 124.881592 11.436955 124.887085 11.436955 124.887085 11.431571 124.892578 11.426187 124.892578 11.415418 124.898071 11.415418 124.903564 11.415418 124.903564 11.420802 124.909058 11.420802 124.909058 11.415418 124.914551 11.415418 124.914551 11.410033 124.925537 11.410033 124.925537 11.415418 124.931030 11.415418 124.931030 11.420802 124.936523 11.426187 124.947510 11.426187 124.947510 11.420802 124.953003 11.415418 124.953003 11.420802 124.963989 11.420802 124.963989 11.415418 124.974976 11.415418 124.974976 11.410033 124.969482 11.410033 124.969482 11.404649 124.980469 11.404649 124.974976 11.399264 124.980469 11.399264 124.980469 11.388494 124.974976 11.388494 124.974976 11.383109 124.969482 11.383109 124.969482 11.377724 124.974976 11.377724 124.974976 11.372339 124.980469 11.372339 124.980469 11.366953 124.969482 11.366953 124.969482 11.350797 124.963989 11.350797 124.963989 11.345411 124.969482 11.345411 124.969482 11.334639 124.963989 11.334639 124.963989 11.270000 124.969482 11.270000 124.969482 11.264612 124.974976 11.264612 124.974976 11.253837 124.985962 11.253837 124.985962 11.259225 124.991455 11.259225 124.991455 11.248450 125.002441 11.248450 125.002441 11.253837 125.007935 11.253837 125.007935 11.237674 125.002441 11.232286 125.002441 11.221510 125.007935 11.221510 125.007935 11.216122 125.013428 11.216122 125.013428 11.210734 125.018921 11.210734 125.018921 11.205345 125.024414 11.205345 125.024414 11.189180 125.013428 11.178402 125.013428 11.173013 125.007935 11.167624 125.007935 11.151456 125.013428 11.151456 125.018921 11.146066 125.018921 11.140677 125.024414 11.140677 125.024414 11.102947 125.018921 11.102947 125.018921 11.097556 125.029907 11.086775 125.029907 11.081385 125.035400 11.075994 125.035400 11.070603 125.040894 11.070603 125.040894 11.054430 125.035400 11.054430 125.035400 11.043647 125.040894 11.038255 125.040894 10.978943 125.035400 10.968157 125.035400 10.930405 125.029907 10.930405 125.029907 10.919618 125.024414 10.919618 125.024414 10.914224 125.018921 10.903436 125.018921 10.898042 125.013428 10.892648 125.013428 10.881859 125.007935 10.876465 125.007935 10.854886 125.002441 10.854886 125.002441 10.795537 125.007935 10.790141 125.007935 10.757763 125.013428 10.757763 125.013428 10.746969 125.018921 10.741572 125.024414 10.741572 125.024414 10.730778 125.029907 10.730778 125.029907 10.725381 125.035400 10.725381 125.035400 10.730778 125.040894 10.730778 125.040894 10.714587 125.057373 10.714587 125.057373 10.709189 125.062866 10.709189 125.062866 10.714587 125.084839 10.714587 125.084839 10.709189 125.090332 10.709189 125.090332 10.703792 125.101318 10.703792 125.101318 10.698394 125.106812 10.698394 125.112305 10.692996 125.112305 10.682201 125.106812 10.682201 125.106812 10.671404 125.112305 10.671404 125.112305 10.660608 125.117798 10.655210 125.123291 10.655210 125.123291 10.649811 125.128784 10.649811 125.128784 10.644412 125.134277 10.644412 125.134277 10.639014 125.139771 10.644412 125.139771 10.639014 125.145264 10.639014 125.145264 10.628216 125.150757 10.622817 125.150757 10.617418 125.156250 10.617418 125.161743 10.612019 125.161743 10.606620 125.167236 10.606620 125.167236 10.601220 125.172729 10.601220 124.903564 10.504016 124.909058 10.277086 124.777222 10.185187 124.755249 10.185187 124.755249 10.190594 124.760742 10.190594 124.760742 10.201407 124.766235 10.201407 124.766235 10.228437 124.771729 10.228437 124.771729 10.239249 124.766235 10.239249 124.766235 10.244654 124.771729 10.250060 124.771729 10.260871 124.777222 10.260871 124.777222 10.271681 124.782715 10.271681 124.782715 10.282491 124.788208 10.287896 124.788208 10.304110 124.793701 10.304110 124.793701 10.309515 124.788208 10.314919 124.788208 10.331132 124.782715 10.331132 124.782715 10.336536 124.777222 10.336536 124.777222 10.341940 124.771729 10.347344 124.771729 10.352748 124.766235 10.352748 124.766235 10.358151 124.755249 10.363555 124.749756 10.363555 124.749756 10.368958 124.738770 10.368958 124.744263 10.374362 124.733276 10.374362 124.733276 10.385168 124.727783 10.390572 124.727783 10.395975 124.722290 10.401378 124.722290 10.433793 124.727783 10.433793 124.727783 10.477009 124.722290 10.477009 124.722290 10.493213 124.727783 10.493213 124.727783 10.498614 124.738770 10.498614 124.738770 10.504016 124.749756 10.504016 124.749756 10.509417 124.755249 10.514818 124.755249 10.520219 124.760742 10.520219 124.760742 10.531020 124.766235 10.536421 124.766235 10.563422 124.760742 10.563422 124.760742 10.574222 124.766235 10.574222 124.766235 10.612019 124.771729 10.617418 124.771729 10.622817 124.777222 10.622817 124.777222 10.639014 124.793701 10.639014 124.793701 10.649811 124.799194 10.649811 124.799194 10.655210 124.804688 10.660608 124.804688 10.666006 124.799194 10.671404 124.799194 10.676803 124.793701 10.671404 124.793701 10.682201 124.799194 10.687599 124.793701 10.687599 124.793701 10.703792 124.799194 10.703792 124.799194 10.709189 124.793701 10.709189 124.793701 10.736175 124.788208 10.736175 124.788208 10.746969 124.782715 10.746969 124.782715 10.752366 124.788208 10.757763 124.788208 10.763159 124.782715 10.768556 124.782715 10.779348 124.777222 10.779348 124.777222 10.784745 124.771729 10.790141 124.771729 10.800933 124.766235 10.800933 124.766235 10.811724 124.760742 10.817120 124.760742 10.822515 124.755249 10.827911 124.749756 10.827911 124.749756 10.838701 124.744263 10.838701 124.744263 10.844096 124.738770 10.844096 124.738770 10.849491 124.733276 10.849491 124.733276 10.854886 124.727783 10.854886 124.727783 10.860281 124.722290 10.860281 124.722290 10.865676 124.705811 10.881859 124.705811 10.887254 124.711304 10.887254 124.705811 10.892648 124.705811 10.898042 124.700317 10.903436 124.700317 10.908830 124.694824 10.908830 124.694824 10.919618 124.689331 10.919618 124.689331 10.930405 124.683838 10.935798 124.683838 10.941192 124.678345 10.941192 124.672852 10.946585 124.661865 10.946585 124.656372 10.951978 124.650879 10.951978 124.650879 10.957371 124.645386 10.957371 124.645386 10.962764 124.639893 10.962764 124.639893 10.968157 124.634399 10.968157 124.634399 10.973550 124.628906 10.978943 124.623413 10.978943 124.623413 10.984335 124.617920 10.984335 124.617920 11.000512 124.612427 11.000512 124.606934 11.005904 124.601440 11.005904 124.601440 11.011297 124.595947 11.011297 124.595947 11.016689 124.590454 11.016689 124.584961 11.011297 124.573975 11.011297 124.568481 11.005904 124.573975 11.005904 124.568481 11.000512 124.568481 10.995120 124.562988 10.995120 124.562988 10.989728 124.557495 10.995120 124.557495 10.989728 124.552002 10.984335 124.541016 10.984335 124.541016 10.978943 124.535522 10.978943 124.535522 10.973550 124.541016 10.968157 124.546509 10.968157 124.552002 10.962764 124.552002 10.951978 124.546509 10.946585 124.546509 10.935798 124.552002 10.935798 124.552002 10.925011 124.546509 10.925011 124.546509 10.919618 124.541016 10.919618 124.541016 10.908830 124.535522 10.908830 124.535522 10.892648 124.530029 10.892648 124.530029 10.887254 124.524536 10.881859 124.524536 10.876465 124.519043 10.876465 124.519043 10.865676 124.513550 10.865676 124.513550 10.871070 124.508057 10.871070 124.508057 10.865676 124.475098 10.865676 124.475098 10.876465 124.469604 10.876465 124.469604 10.881859 124.464111 10.881859 124.464111 10.887254 124.453125 10.887254 124.453125 10.892648 124.447632 10.892648 124.447632 10.887254 124.436646 10.887254 124.436646 10.892648 124.431152 10.887254 124.431152 10.903436 124.436646 10.903436 124.436646 10.925011 124.425659 10.925011 124.420166 10.930405 124.425659 10.930405 124.425659 10.941192 124.420166 10.941192 124.420166 10.946585 124.414673 10.946585 124.414673 10.914224 124.409180 10.914224 124.409180 10.919618 124.392700 10.919618 124.392700 10.914224 124.387207 10.914224 124.381714 10.919618 124.376221 10.919618 124.376221 10.930405 124.381714 10.930405 124.381714 10.941192 124.387207 10.941192 124.387207 10.951978 124.392700 10.951978 124.392700 10.957371 124.387207 10.957371 124.387207 10.962764 124.398193 10.962764 124.398193 10.973550 124.403687 10.973550 124.403687 10.978943 124.409180 10.978943 124.409180 10.989728 124.403687 10.989728 124.403687 11.011297 124.398193 11.011297 124.403687 11.016689 124.403687 11.027472 124.409180 11.027472 124.409180 11.032864 124.398193 11.032864 124.398193 11.038255 124.392700 11.038255 124.392700 11.043647 124.381714 11.043647 124.381714 11.059821 124.370728 11.059821 124.370728 11.065212 124.376221 11.065212 124.376221 11.070603 124.381714 11.070603 124.381714 11.075994 124.387207 11.075994 124.387207 11.102947 124.398193 11.102947 124.398193 11.108337 124.403687 11.108337 124.403687 11.124507 124.398193 11.129897 124.398193 11.140677 124.392700 11.146066 124.392700 11.167624 124.387207 11.167624 124.387207 11.199957 124.381714 11.199957 124.381714 11.205345 124.387207 11.205345 124.387207 11.210734 124.392700 11.210734 124.392700 11.216122 124.387207 11.216122 124.387207 11.226898 124.398193 11.226898 124.398193 11.237674 124.403687 11.237674 124.403687 11.243062 124.387207 11.243062 124.387207 11.264612 124.381714 11.259225 124.381714 11.270000 124.376221 11.270000 124.376221 11.275387 124.387207 11.275387 124.387207 11.280774 124.381714 11.280774 124.381714 11.286161 124.387207 11.286161 124.392700 11.291548 124.392700 11.296934 124.387207 11.296934 124.387207 11.302321 124.381714 11.302321 124.381714 11.296934 124.376221 11.296934 124.376221 11.291548 124.365234 11.291548 124.365234 11.296934 124.370728 11.296934 124.370728 11.307708 124.365234 11.307708 124.365234 11.302321 124.354248 11.302321 124.354248 11.307708 124.348755 11.307708 124.348755 11.313094 124.343262 11.313094 124.343262 11.318481 124.337769 11.318481 124.337769 11.323867 124.343262 11.329253 124.343262 11.334639 124.337769 11.334639 124.337769 11.356182 124.343262 11.356182 124.343262 11.361568 124.359741 11.361568 124.359741 11.372339 124.354248 11.372339 124.354248 11.377724 124.348755 11.377724 124.348755 11.372339 124.337769 11.372339 124.326782 11.383109 124.332275 11.383109 124.326782 11.388494 124.326782 11.393879 124.343262 11.393879 124.343262 11.399264 124.348755 11.399264 124.348755 11.410033 124.343262 11.410033 124.343262 11.404649 124.337769 11.404649 124.332275 11.410033 124.321289 11.410033 124.321289 11.415418 124.315796 11.415418 124.315796 11.420802 124.321289 11.420802 124.315796 11.426187 124.310303 11.426187 124.310303 11.436955 124.304810 11.442339 124.315796 11.442339 124.315796 11.447723 124.304810 11.447723 124.304810 11.453107 124.310303 11.453107 124.310303 11.458491 124.299316 11.458491 124.299316 11.474641 124.293823 11.480025 124.293823 11.485408 124.299316 11.485408 124.299316 11.490791 124.288330 11.490791 124.288330 11.539234 124.299316 11.539234 124.299316 11.544616 124.304810 11.544616 124.304810 11.549998 124.310303 11.549998 124.310303 11.560762 124.315796 11.566144 124.315796 11.560762 124.321289 11.560762 124.321289 11.555380 124.326782 11.555380 124.326782 11.549998 124.332275 11.549998 124.332275 11.544616 124.337769 11.544616 124.337769 11.539234 124.343262 11.539234 124.343262 11.533852 124.348755 11.533852 124.348755 11.528470 124.354248 11.528470 124.359741 11.523088 124.359741 11.517705 124.365234 11.517705 124.370728 11.512322 124.370728 11.506940 124.381714 11.506940 124.381714 11.501557 124.387207 11.496174 124.387207 11.490791 124.392700 11.490791 124.392700 11.485408 124.398193 11.485408 124.403687 11.480025 124.409180 11.480025 124.409180 11.469258 124.414673 11.469258 124.414673 11.463874 124.420166 11.458491 124.420166 11.453107 124.425659 11.453107 124.425659 11.447723 124.431152 11.447723 124.431152 11.442339 124.436646 11.442339 124.436646 11.431571 124.442139 11.431571 124.442139 11.426187 124.447632 11.420802 124.453125 11.420802 124.453125 11.410033 124.458618 11.410033 124.458618 11.399264 124.464111 11.393879 124.469604 11.393879 124.469604 11.383109 124.475098 11.377724 124.480591 11.383109 124.480591 11.399264 124.475098 11.399264 124.480591 11.404649 124.480591 11.415418 124.475098 11.415418 124.475098 11.420802 124.464111 11.420802 124.464111 11.447723 124.475098 11.447723 124.469604 11.453107 124.480591 11.453107 124.480591 11.447723 124.486084 11.447723 124.491577 11.442339 124.491577 11.447723 124.497070 11.447723 124.497070 11.442339 124.502563 11.442339 124.502563 11.436955 124.524536 11.436955 124.524536 11.431571 124.530029 11.431571 124.535522 11.426187 124.535522 11.388494 124.541016 11.388494 124.541016 11.383109 124.546509 11.383109 124.546509 11.361568 124.552002 11.361568 124.552002 11.356182 124.546509 11.356182 124.546509 11.350797 124.552002 11.350797 124.552002 11.334639 124.557495 11.334639 124.557495 11.329253 124.562988 11.329253 124.562988 11.323867 124.568481 11.323867 124.568481 11.318481 124.573975 11.318481 124.573975 11.313094 124.579468 11.313094 124.579468 11.307708 124.584961 11.307708 124.590454 11.302321 124.595947 11.302321 124.595947 11.307708 124.606934 11.307708 124.606934 11.313094 124.612427 11.313094 124.612427 11.307708 124.617920 11.307708 124.617920 11.302321 124.634399 11.302321 124.634399 11.296934 124.639893 11.296934 124.645386 11.291548 124.650879 11.296934 124.667358 11.296934 124.667358 11.302321 124.672852 11.307708 124.672852 11.302321 124.700317 11.302321 124.700317 11.307708 124.705811 11.307708 124.705811 11.313094 124.711304 11.313094 124.711304 11.318481 124.722290 11.318481 124.722290 11.323867 124.727783 11.323867 124.727783 11.334639 124.733276 11.334639 124.733276 11.329253 124.744263 11.329253 124.749756 11.334639 124.755249 11.334639 124.755249 11.340025 124.760742 11.340025 124.760742 11.345411 124.766235 11.345411 124.766235 11.350797 124.771729 11.350797 124.771729 11.356182 124.777222 11.361568 124.782715 11.361568 124.782715 11.372339 124.793701 11.372339 124.793701 11.377724 124.799194 11.377724 124.804688 11.383109 124.804688 11.388494 124.810181 11.388494 124.810181 11.393879 124.804688 11.393879 124.804688 11.399264 124.810181 11.404649 124.810181 11.415418 124.815674 11.415418 124.815674 11.420802 124.810181 11.426187 124.843140 11.426187 124.843140 11.431571 124.848633 11.426187 124.848633 11.420802 124.854126 11.420802 124.854126 11.426187 124.865112 11.426187 124.865112 11.415418
R	1	124.447632 10.892648 124.453125 10.898042 124.447632 10.898042 124.447632 10.892648
R	2	124.898071 11.399264 124.898071 11.410033 124.892578 11.410033 124.892578 11.399264 124.898071 11.399264
R	3	124.953003 11.415418 124.953003 11.404649 124.958496 11.404649 124.958496 11.415418 124.953003 11.415418
R	4	124.898071 11.399264 124.898071 11.393879 124.903564 11.393879 124.903564 11.399264 124.898071 11.399264
R	5	124.953003 11.399264 124.958496 11.393879 124.958496 11.399264 124.953003 11.399264
R	0	125.029907 11.237674 125.029907 11.216122 125.024414 11.210734 125.024414 11.216122 125.018921 11.216122 125.018921 11.226898 125.024414 11.226898 125.024414 11.232286 125.018921 11.237674 125.029907 11.237674
R	0	125.024414 11.210734 125.029907 11.210734 125.029907 11.205345 125.024414 11.205345 125.024414 11.210734
R	0	124.865112 11.415418 124.870605 11.415418 124.870605 11.410033 124.865112 11.415418
P	0804800000	Northern Samar
R	0	124.469604 12.533115 124.464111 12.533115 124.458618 12.533115 124.458618 12.538478 124.464111 12.538478 124.469604 12.538478 124.469604 12.533115
R	0	124.101562 12.291701 124.101562 12.286334 124.107056 12.286334 124.112549 12.280966 124.112549 12.264864 124.107056 12.259496 124.101562 12.259496 124.101562 12.270231 124.096069 12.270231 124.096069 12.280966 124.085083 12.280966 124.085083 12.286334 124.096069 12.286334 124.096069 12.291701 124.101562 12.291701
R	0	125.332031 12.307802 125.332031 12.297068 125.337524 12.297068 125.337524 12.291701 125.343018 12.291701 125.343018 12.280966 125.337524 12.280966 125.337524 12.275599 125.332031 12.275599 125.332031 12.280966 125.321045 12.280966 125.299072 12.291701 125.299072 12.297068 125.321045 12.297068 125.321045 12.307802 125.326538 12.307802 125.332031 12.307802
R	0	124.491577 12.554564 124.491577 12.559925 124.491577 12.570648 124.486084 12.570648 124.480591 12.576010 124.475098 12.576010 124.475098 12.581371 124.480591 12.581371 124.480591 12.586732 124.486084 12.586732 124.491577 12.581371 124.497070 12.581371 124.497070 12.576010 124.502563 12.576010 124.502563 12.565287 124.508057 12.565287 124.508057 12.559925 124.513550 12.554564 124.519043 12.554564 124.519043 12.543840 124.502563 12.543840 124.502563 12.538478 124.497070 12.543840 124.497070 12.549202 124.491577 12.549202 124.491577 12.554564
R	0	124.431152 12.581371 124.431152 12.570648 124.436646 12.570648 124.436646 12.559925 124.453125 12.559925 124.453125 12.554564 124.458618 12.554564 124.458618 12.549202 124.453125 12.549202 124.453125 12.538478 124.431152 12.538478 124.431152 12.543840 124.425659 12.543840 124.425659 12.549202 124.420166 12.549202 124.420166 12.554564 124.414673 12.554564 124.414673 12.565287 124.420166 12.565287 124.420166 12.581371 124.431152 12.581371
R	0	124.057617 12.356100 124.057617 12.350734 124.063110 12.350734 124.057617 12.345368 124.057617 12.340002 124.041138 12.340002 124.041138 12.345368 124.046631 12.345368 124.046631 12.356100 124.052124 12.356100 124.057617 12.356100
R	0	124.282837 12.382928 124.282837 12.366832 124.277344 12.366832 124.277344 12.361466 124.271851 12.361466 124.266357 12.366832 124.266357 12.372197 124.260864 12.372197 124.260864 12.382928 124.255371 12.382928 124.255371 12.393659 124.249878 12.399024 124.249878 12.415119 124.244385 12.420483 124.244385 12.436577 124.238892 12.441941 124.238892 12.458033 124.249878 12.458033 124.260864 12.447305 124.260864 12.441941 124.266357 12.441941 124.266357 12.431212 124.271851 12.431212 124.271851 12.420483 124.277344 12.420483 124.277344 12.404389 124.282837 12.399024 124.282837 12.388294 124.282837 12.382928
R	0	124.063110 12.388294 124.063110 12.382928 124.068604 12.382928 124.074097 12.377563 124.074097 12.372197 124.079590 12.372197 124.079590 12.361466 124.068604 12.361466 124.068604 12.372197 124.063110 12.372197 124.063110 12.377563 124.057617 12.377563 124.057617 12.388294 124.063110 12.388294
R	0	124.145508 12.479487 124.151001 12.474124 124.151001 12.463396 124.156494 12.463396 124.167480 12.452669 124.172974 12.441941 124.172974 12.436577 124.178467 12.436577 124.178467 12.425848 124.183960 12.425848 124.183960 12.420483 124.189453 12.420483 124.189453 12.415119 124.194946 12.409754 124.194946 12.399024 124.189453 12.393659 124.189453 12.388294 124.183960 12.382928 124.178467 12.382928 124.167480 12.393659 124.161987 12.393659 124.161987 12.399024 124.151001 12.409754 124.151001 12.415119 124.145508 12.415119 124.145508 12.425848 124.140015 12.431212 124.140015 12.441941 124.134521 12.447305 124.134521 12.468760 124.140015 12.474124 124.140015 12.479487 124.145508 12.479487
R	0	124.019165 12.399024 124.019165 12.393659 124.019165 12.388294 124.013672 12.388294 124.013672 12.382928 124.008179 12.382928 124.008179 12.377563 124.002686 12.377563 124.002686 12.393659 124.013672 12.393659 124.013672 12.399024 124.019165 12.399024
R	0	125.051880 12.624258 125.057373 12.629618 125.057373 12.640338 125.046387 12.640338 125.046387 12.645698 125.040894 12.645698 125.040894 12.651058 125.029907 12.651058 125.029907 12.661778 125.035400 12.661778 125.035400 12.667137 125.029907 12.667137 125.029907 12.672496 125.035400 12.672496 125.035400 12.683215 125.057373 12.683215 125.057373 12.688574 125.062866 12.688574 125.062866 12.683215 125.068359 12.677856 125.068359 12.667137 125.073853 12.667137 125.073853 12.651058 125.068359 12.651058 125.068359 12.645698 125.073853 12.645698 125.073853 12.624258 125.079346 12.624258 125.079346 12.618897 125.090332 12.618897 125.090332 12.613537 125.090332 12.608176 125.090332 12.602815 125.068359 12.602815 125.068359 12.608176 125.062866 12.608176 125.062866 12.602815 125.051880 12.602815 125.051880 12.613537 125.035400 12.613537 125.035400 12.624258 125.046387 12.624258 125.051880 12.624258
R	0	124.365234 12.592094 124.365234 12.586732 124.370728 12.586732 124.370728 12.581371 124.387207 12.581371 124.387207 12.570648 124.381714 12.570648 124.381714 12.565287 124.370728 12.565287 124.370728 12.559925 124.365234 12.559925 124.365234 12.565287 124.359741 12.565287 124.359741 12.576010 124.354248 12.576010 124.354248 12.586732 124.359741 12.586732 124.359741 12.592094 124.365234 12.592094
R	0	124.409180 12.667137 124.403687 12.667137 124.398193 12.672496 124.392700 12.672496 124.392700 12.667137 124.387207 12.667137 124.387207 12.661778 124.392700 12.661778 124.392700 12.645698 124.387207 12.640338 124.381714 12.640338 124.381714 12.645698 124.376221 12.645698 124.376221 12.651058 124.370728 12.651058 124.370728 12.656418 124.365234 12.656418 124.365234 12.672496 124.359741 12.672496 124.359741 12.683215 124.354248 12.688574 124.354248 12.693933 124.365234 12.693933 124.376221 12.683215 124.381714 12.683215 124.381714 12.677856 124.392700 12.677856 124.403687 12.677856 124.409180 12.667137
R	0	124.354248 12.608176 124.354248 12.624258 124.365234 12.624258 124.370728 12.618897 124.376221 12.618897 124.381714 12.613537 124.381714 12.608176 124.387207 12.608176 124.392700 12.602815 124.392700 12.597455 124.398193 12.597455 124.398193 12.581371 124.392700 12.581371 124.387207 12.581371 124.387207 12.592094 124.381714 12.592094 124.381714 12.597455 124.376221 12.597455 124.376221 12.586732 124.370728 12.586732 124.370728 12.592094 124.365234 12.592094 124.365234 12.597455 124.354248 12.597455 124.354248 12.602815 124.354248 12.608176
R	0	125.007935 12.661778 125.007935 12.651058 125.013428 12.651058 125.013428 12.640338 125.002441 12.640338 124.996948 12.645698 124.991455 12.645698 124.991455 12.656418 124.996948 12.656418 124.996948 12.661778 125.007935 12.661778
R	0	124.409180 12.667137 124.414673 12.667137 124.425659 12.667137 124.425659 12.651058 124.414673 12.651058 124.414673 12.656418 124.409180 12.656418 124.409180 12.667137
R	0	125.139771 12.586732 125.139771 12.592094 125.134277 12.592094 125.134277 12.597455 125.139771 12.597455 125.139771 12.602815 125.145264 12.602815 125.145264 12.592094 125.150757 12.592094 125.150757 12.586732 125.145264 12.586732 125.145264 12.581371 125.139771 12.586732
R	0	124.431152 12.645698 124.431152 12.629618 124.414673 12.629618 124.414673 12.634978 124.425659 12.634978 124.425659 12.645698 124.431152 12.645698
R	0	124.442139 12.618897 124.442139 12.613537 124.442139 12.608176 124.436646 12.608176 124.436646 12.613537 124.431152 12.613537 124.431152 12.618897 124.436646 12.624258 124.442139 12.624258 124.442139 12.618897
R	0	124.876099 12.576010 124.865112 12.576010 124.859619 12.581371 124.876099 12.581371 124.876099 12.576010
R	0	125.332031 12.307802 125.332031 12.313169 125.332031 12.318536 125.337524 12.318536 125.337524 12.307802 125.332031 12.307802
R	0	124.024658 12.404389 124.024658 12.409754 124.030151 12.409754 124.030151 12.404389 124.024658 12.404389
R	0	124.469604 12.533115 124.475098 12.533115 124.480591 12.533115 124.480591 12.527753 124.486084 12.527753 124.486084 12.533115 124.497070 12.533115 124.497070 12.527753 124.502563 12.527753 124.502563 12.522391 124.508057 12.522391 124.513550 12.522391 124.535522 12.522391 124.535522 12.527753 124.546509 12.527753 124.546509 12.522391 124.557495 12.522391 124.557495 12.527753 124.562988 12.527753 124.562988 12.533115 124.568481 12.533115 124.568481 12.527753 124.573975 12.527753 124.579468 12.522391 124.590454 12.522391 124.595947 12.517028 124.606934 12.517028 124.612427 12.511665 124.628906 12.511665 124.634399 12.506303 124.645386 12.506303 124.650879 12.511665 124.656372 12.511665 124.656372 12.517028 124.661865 12.517028 124.661865 12.511665 124.672852 12.511665 124.678345 12.511665 124.694824 12.511665 124.700317 12.511665 124.711304 12.511665 124.705811 12.517028 124.749756 12.517028 124.755249 12.522391 124.760742 12.522391 124.760742 12.527753 124.777222 12.527753 124.777222 12.533115 124.788208 12.533115 124.788208 12.538478 124.793701 12.538478 124.799194 12.538478 124.810181 12.533115 124.815674 12.533115 124.821167 12.527753 124.837646 12.527753 124.843140 12.533115 124.859619 12.533115 124.870605 12.543840 124.876099 12.543840 124.876099 12.549202 124.881592 12.549202 124.881592 12.570648 124.876099 12.570648 124.876099 12.576010 124.887085 12.576010 124.892578 12.570648 124.898071 12.570648 124.898071 12.565287 124.931030 12.565287 124.936523 12.570648 124.942017 12.570648 124.947510 12.576010 124.953003 12.576010 124.953003 12.581371 124.958496 12.581371 124.958496 12.570648 124.963989 12.570648 124.963989 12.559925 124.963989 12.554564 124.969482 12.554564 124.969482 12.549202 124.985962 12.549202 124.985962 12.554564 124.996948 12.554564 124.996948 12.559925 125.002441 12.559925 125.007935 12.565287 125.013428 12.565287 125.013428 12.570648 125.002441 12.570648 125.002441 12.576010 125.007935 12.576010 125.007935 12.586732 125.002441 12.586732 125.002441 12.608176 124.991455 12.608176 124.991455 12.618897 124.991455 12.624258 124.991455 12.640338 125.002441 12.640338 125.002441 12.629618 125.007935 12.629618 125.007935 12.624258 125.013428 12.624258 125.013428 12.602815 125.018921 12.597455 125.024414 12.597455 125.024414 12.592094 125.029907 12.592094 125.029907 12.586732 125.057373 12.586732 125.057373 12.581371 125.062866 12.581371 125.062866 12.576010 125.068359 12.576010 125.068359 12.565287 125.062866 12.565287 125.062866 12.559925 125.057373 12.559925 125.057373 12.554564 125.051880 12.554564 125.046387 12.554564 125.029907 12.554564 125.029907 12.549202 125.035400 12.549202 125.035400 12.543840 125.040894 12.543840 125.040894 12.549202 125.046387 12.549202 125.046387 12.543840 125.057373 12.543840 125.057373 12.538478 125.068359 12.538478 125.073853 12.538478 125.079346 12.538478 125.079346 12.549202 125.079346 12.554564 125.079346 12.565287 125.073853 12.565287 125.073853 12.576010 125.084839 12.576010 125.084839 12.581371 125.101318 12.581371 125.101318 12.570648 125.106812 12.570648 125.106812 12.565287 125.123291 12.565287 125.123291 12.570648 125.139771 12.570648 125.139771 12.581371 125.145264 12.581371 125.150757 12.581371 125.150757 12.576010 125.156250 12.576010 125.156250 12.570648 125.161743 12.570648 125.161743 12.565287 125.167236 12.565287 125.167236 12.559925 125.178223 12.559925 125.178223 12.554564 125.183716 12.554564 125.189209 12.549202 125.189209 12.543840 125.200195 12.543840 125.200195 12.538478 125.205688 12.533115 125.211182 12.533115 125.211182 12.522391 125.227661 12.522391 125.233154 12.517028 125.233154 12.511665 125.238647 12.511665 125.244141 12.506303 125.249634 12.506303 125.249634 12.500940 125.260620 12.490214 125.266113 12.490214 125.266113 12.484850 125.260620 12.484850 125.255127 12.479487 125.255127 12.474124 125.266113 12.474124 125.266113 12.479487 125.271606 12.479487 125.271606 12.474124 125.282593 12.474124 125.282593 12.468760 125.293579 12.468760 125.293579 12.458033 125.288086 12.452669 125.288086 12.441941 125.293579 12.441941 125.293579 12.431212 125.299072 12.425848 125.299072 12.420483 125.304565 12.420483 125.304565 12.415119 125.310059 12.415119 125.310059 12.409754 125.315552 12.409754 125.315552 12.415119 125.321045 12.415119 125.326538 12.409754 125.337524 12.409754 125.337524 12.404389 125.332031 12.404389 125.332031 12.399024 125.299072 12.399024 125.299072 12.393659 125.304565 12.393659 125.304565 12.388294 125.304565 12.382928 125.299072 12.377563 125.299072 12.372197 125.304565 12.366832 125.304565 12.361466 125.293579 12.361466 125.288086 12.356100 125.288086 12.345368 125.288086 12.340002 125.288086 12.329269 125.304565 12.329269 125.304565 12.334636 125.310059 12.334636 125.310059 12.329269 125.321045 12.329269 125.321045 12.323903 125.310059 12.323903 125.304565 12.318536 125.304565 12.313169 125.299072 12.307802 125.299072 12.302435 125.293579 12.302435 125.293579 12.307802 125.288086 12.307802 125.288086 12.302435 125.211182 12.345368 125.167236 12.280966 124.909058 12.254128 124.859619 12.136005 124.711304 12.275599 124.359741 12.280966 124.354248 12.286334 124.354248 12.291701 124.348755 12.291701 124.348755 12.297068 124.343262 12.302435 124.343262 12.307802 124.337769 12.313169 124.337769 12.318536 124.343262 12.318536 124.343262 12.323903 124.337769 12.323903 124.337769 12.340002 124.332275 12.340002 124.332275 12.345368 124.337769 12.350734 124.337769 12.361466 124.332275 12.361466 124.332275 12.366832 124.337769 12.366832 124.337769 12.372197 124.343262 12.372197 124.343262 12.377563 124.337769 12.377563 124.332275 12.377563 124.326782 12.377563 124.326782 12.399024 124.321289 12.399024 124.321289 12.404389 124.326782 12.404389 124.326782 12.409754 124.321289 12.409754 124.321289 12.431212 124.315796 12.431212 124.310303 12.436577 124.310303 12.441941 124.310303 12.447305 124.304810 12.447305 124.304810 12.452669 124.299316 12.452669 124.299316 12.458033 124.288330 12.458033 124.288330 12.468760 124.282837 12.474124 124.282837 12.479487 124.288330 12.484850 124.288330 12.490214 124.282837 12.490214 124.282837 12.517028 124.277344 12.517028 124.277344 12.522391 124.271851 12.522391 124.271851 12.538478 124.266357 12.538478 124.266357 12.543840 124.260864 12.543840 124.260864 12.554564 124.266357 12.554564 124.266357 12.565287 124.271851 12.565287 124.271851 12.576010 124.277344 12.576010 124.277344 12.581371 124.293823 12.581371 124.293823 12.576010 124.299316 12.576010 124.299316 12.559925 124.304810 12.559925 124.304810 12.565287 124.310303 12.565287 124.310303 12.559925 124.315796 12.559925 124.315796 12.554564 124.321289 12.554564 124.326782 12.554564 124.326782 12.533115 124.332275 12.533115 124.332275 12.538478 124.337769 12.538478 124.337769 12.543840 124.348755 12.543840 124.348755 12.538478 124.359741 12.538478 124.359741 12.543840 124.354248 12.549202 124.359741 12.554564 124.370728 12.554564 124.370728 12.549202 124.376221 12.549202 124.376221 12.554564 124.381714 12.549202 124.381714 12.543840 124.387207 12.543840 124.387207 12.549202 124.392700 12.549202 124.392700 12.559925 124.398193 12.559925 124.409180 12.559925 124.409180 12.554564 124.403687 12.554564 124.403687 12.549202 124.414673 12.549202 124.414673 12.543840 124.420166 12.543840 124.420166 12.538478 124.425659 12.538478 124.425659 12.533115 124.458618 12.533115 124.458618 12.527753 124.458618 12.522391 124.469604 12.522391 124.469604 12.533115
R	1	125.024414 12.543840 125.024414 12.554564 125.018921 12.554564 125.018921 12.543840 125.024414 12.543840
R	2	125.040894 12.538478 125.029907 12.538478 125.029907 12.533115 125.040894 12.533115 125.040894 12.538478
R	3	125.013428 12.565287 125.013428 12.559925 125.018921 12.559925 125.018921 12.565287 125.013428 12.565287
R	4	125.029907 12.554564 125.029907 12.559925 125.024414 12.559925 125.024414 12.554564 125.029907 12.554564
R	5	124.315796 12.441941 124.315796 12.447305 124.310303 12.447305 124.315796 12.441941
P	0806000000	Samar
R	0	124.799194 11.904979 124.799194 11.910354 124.793701 11.910354 124.788208 11.915728 124.788208 11.910354 124.777222 11.910354 124.777222 11.899604 124.771729 11.899604 124.771729 11.904979 124.766235 11.904979 124.766235 11.899604 124.755249 11.899604 124.755249 11.904979 124.749756 11.904979 124.749756 11.899604 124.744263 11.894228 124.738770 11.894228 124.738770 11.899604 124.744263 11.899604 124.744263 11.910354 124.749756 11.910354 124.749756 11.921103 124.744263 11.921103 124.744263 11.931852 124.738770 11.931852 124.738770 11.926478 124.733276 11.926478 124.733276 11.931852 124.727783 11.931852 124.727783 11.937227 124.722290 11.937227 124.722290 11.942601 124.705811 11.942601 124.705811 11.947975 124.700317 11.947975 124.700317 11.953349 124.694824 11.953349 124.694824 11.958723 124.689331 11.964097 124.689331 11.974845 124.683838 11.974845 124.689331 11.980218 124.694824 11.980218 124.694824 11.985592 124.689331 11.985592 124.689331 12.007085 124.683838 12.007085 124.683838 12.012458 124.678345 12.012458 124.678345 12.017830 124.672852 12.017830 124.672852 12.023203 124.667358 12.023203 124.667358 12.028576 124.661865 12.028576 124.661865 12.033948 124.656372 12.033948 124.650879 12.044693 124.645386 12.044693 124.639893 12.050065 124.628906 12.050065 124.628906 12.055437 124.617920 12.055437 124.612427 12.060809 124.601440 12.060809 124.601440 12.066181 124.595947 12.066181 124.595947 12.060809 124.590454 12.060809 124.590454 12.066181 124.557495 12.066181 124.557495 12.060809 124.541016 12.060809 124.541016 12.055437 124.535522 12.055437 124.535522 12.060809 124.530029 12.060809 124.524536 12.066181 124.524536 12.076924 124.513550 12.076924 124.513550 12.082296 124.502563 12.082296 124.502563 12.093039 124.497070 12.093039 124.486084 12.103781 124.486084 12.098410 124.480591 12.098410 124.480591 12.109152 124.475098 12.109152 124.475098 12.119894 124.469604 12.125264 124.469604 12.130635 124.464111 12.130635 124.464111 12.136005 124.453125 12.136005 124.453125 12.152116 124.447632 12.152116 124.447632 12.157486 124.442139 12.157486 124.442139 12.162856 124.431152 12.162856 124.431152 12.168226 124.420166 12.168226 124.420166 12.173595 124.414673 12.178965 124.414673 12.184334 124.403687 12.184334 124.403687 12.189704 124.398193 12.189704 124.398193 12.195073 124.387207 12.195073 124.387207 12.211180 124.381714 12.211180 124.381714 12.221918 124.376221 12.221918 124.376221 12.238023 124.370728 12.238023 124.370728 12.254128 124.365234 12.254128 124.365234 12.264864 124.359741 12.264864 124.359741 12.280966 124.711304 12.275599 124.859619 12.136005 124.909058 12.254128 125.167236 12.280966 125.123291 12.076924 125.282593 11.673755 125.161743 11.566144 125.310059 11.393879 125.244141 11.124507 125.244141 11.092166 125.238647 11.092166 125.238647 11.086775 125.233154 11.086775 125.227661 11.092166 125.216675 11.092166 125.216675 11.097556 125.211182 11.097556 125.211182 11.102947 125.205688 11.102947 125.205688 11.108337 125.211182 11.108337 125.211182 11.113727 125.205688 11.113727 125.205688 11.124507 125.211182 11.124507 125.211182 11.129897 125.205688 11.129897 125.205688 11.135287 125.200195 11.135287 125.200195 11.140677 125.205688 11.140677 125.200195 11.146066 125.200195 11.162235 125.194702 11.162235 125.194702 11.183791 125.189209 11.189180 125.189209 11.194568 125.183716 11.194568 125.183716 11.199957 125.178223 11.199957 125.178223 11.205345 125.183716 11.205345 125.178223 11.210734 125.183716 11.210734 125.183716 11.216122 125.172729 11.216122 125.172729 11.221510 125.178223 11.221510 125.178223 11.232286 125.172729 11.232286 125.172729 11.243062 125.167236 11.248450 125.167236 11.253837 125.161743 11.259225 125.161743 11.264612 125.156250 11.264612 125.156250 11.270000 125.150757 11.270000 125.150757 11.275387 125.145264 11.275387 125.139771 11.280774 125.134277 11.280774 125.128784 11.286161 125.117798 11.286161 125.117798 11.280774 125.079346 11.280774 125.073853 11.286161 125.068359 11.280774 125.068359 11.275387 125.062866 11.280774 125.035400 11.280774 125.035400 11.275387 125.007935 11.275387 125.007935 11.270000 124.996948 11.270000 124.996948 11.280774 124.991455 11.280774 124.991455 11.286161 124.974976 11.286161 124.974976 11.291548 124.980469 11.291548 124.980469 11.302321 124.974976 11.302321 124.974976 11.329253 124.980469 11.329253 124.980469 11.334639 124.985962 11.334639 124.985962 11.345411 124.991455 11.345411 124.991455 11.350797 124.996948 11.350797 124.991455 11.356182 124.991455 11.372339 124.985962 11.372339 124.985962 11.420802 124.991455 11.420802 124.991455 11.426187 124.980469 11.426187 124.980469 11.431571 124.963989 11.431571 124.963989 11.453107 124.942017 11.453107 124.942017 11.447723 124.936523 11.453107 124.931030 11.453107 124.931030 11.458491 124.920044 11.458491 124.920044 11.463874 124.914551 11.463874 124.914551 11.469258 124.903564 11.469258 124.903564 11.485408 124.898071 11.485408 124.898071 11.496174 124.903564 11.496174 124.903564 11.501557 124.898071 11.501557 124.898071 11.506940 124.892578 11.506940 124.892578 11.490791 124.887085 11.490791 124.887085 11.485408 124.881592 11.485408 124.881592 11.480025 124.887085 11.480025 124.887085 11.463874 124.881592 11.463874 124.881592 11.474641 124.876099 11.474641 124.876099 11.469258 124.865112 11.469258 124.865112 11.463874 124.837646 11.463874 124.837646 11.474641 124.832153 11.474641 124.832153 11.490791 124.821167 11.490791 124.821167 11.496174 124.832153 11.496174 124.832153 11.501557 124.826660 11.501557 124.826660 11.506940 124.821167 11.506940 124.821167 11.512322 124.832153 11.512322 124.832153 11.517705 124.837646 11.517705 124.837646 11.523088 124.832153 11.523088 124.837646 11.528470 124.832153 11.528470 124.837646 11.533852 124.837646 11.539234 124.854126 11.539234 124.854126 11.544616 124.865112 11.544616 124.865112 11.539234 124.870605 11.539234 124.870605 11.533852 124.887085 11.533852 124.898071 11.544616 124.898071 11.549998 124.892578 11.549998 124.892578 11.555380 124.887085 11.555380 124.881592 11.549998 124.881592 11.560762 124.876099 11.560762 124.876099 11.566144 124.881592 11.566144 124.881592 11.576907 124.892578 11.576907 124.892578 11.571525 124.898071 11.571525 124.903564 11.576907 124.914551 11.576907 124.914551 11.571525 124.920044 11.571525 124.925537 11.566144 124.925537 11.571525 124.931030 11.566144 124.931030 11.571525 124.953003 11.571525 124.953003 11.576907 124.958496 11.576907 124.958496 11.582288 124.963989 11.582288 124.958496 11.587669 124.958496 11.598432 124.969482 11.598432 124.969482 11.609193 124.974976 11.609193 124.974976 11.614574 124.991455 11.614574 124.996948 11.619955 124.991455 11.625335 124.991455 11.630716 124.985962 11.630716 124.985962 11.641476 124.980469 11.646856 124.980469 11.652236 124.974976 11.652236 124.974976 11.657616 124.980469 11.662996 124.974976 11.662996 124.974976 11.673755 124.985962 11.684514 124.991455 11.684514 124.996948 11.689894 124.996948 11.695273 125.007935 11.695273 125.002441 11.700652 125.007935 11.700652 125.007935 11.706031 125.013428 11.706031 125.013428 11.711410 125.018921 11.711410 125.018921 11.722167 125.024414 11.727546 125.024414 11.732924 125.029907 11.732924 125.029907 11.738302 125.035400 11.738302 125.035400 11.732924 125.040894 11.732924 125.040894 11.754437 125.035400 11.759815 125.035400 11.765192 125.024414 11.765192 125.018921 11.770570 125.018921 11.775948 124.980469 11.775948 124.980469 11.770570 124.974976 11.770570 124.969482 11.765192 124.969482 11.770570 124.963989 11.765192 124.958496 11.765192 124.958496 11.759815 124.942017 11.759815 124.942017 11.754437 124.936523 11.754437 124.936523 11.749059 124.925537 11.749059 124.925537 11.743681 124.920044 11.749059 124.920044 11.743681 124.903564 11.743681 124.903564 11.754437 124.887085 11.754437 124.887085 11.765192 124.881592 11.765192 124.881592 11.781325 124.876099 11.781325 124.876099 11.786703 124.870605 11.786703 124.870605 11.781325 124.865112 11.781325 124.865112 11.786703 124.859619 11.786703 124.859619 11.792080 124.865112 11.792080 124.865112 11.802834 124.854126 11.802834 124.854126 11.808211 124.859619 11.808211 124.859619 11.813588 124.837646 11.813588 124.837646 11.829718 124.832153 11.829718 124.832153 11.835094 124.826660 11.835094 124.826660 11.840471 124.821167 11.840471 124.821167 11.845847 124.815674 11.845847 124.815674 11.840471 124.810181 11.840471 124.810181 11.845847 124.804688 11.845847 124.804688 11.851223 124.799194 11.851223 124.799194 11.856599 124.793701 11.861975 124.788208 11.861975 124.788208 11.867351 124.793701 11.867351 124.793701 11.872727 124.788208 11.872727 124.788208 11.878102 124.777222 11.878102 124.777222 11.883478 124.788208 11.883478 124.788208 11.888853 124.793701 11.883478 124.799194 11.883478 124.799194 11.888853 124.793701 11.888853 124.793701 11.899604 124.788208 11.899604 124.788208 11.904979 124.799194 11.904979
R	1	124.799194 11.904979 124.804688 11.899604 124.804688 11.888853 124.815674 11.888853 124.815674 11.894228 124.810181 11.894228 124.810181 11.899604 124.815674 11.899604 124.810181 11.904979 124.799194 11.904979
R	2	124.727783 11.942601 124.722290 11.947975 124.722290 11.942601 124.727783 11.942601
R	0	124.766235 11.625335 124.766235 11.630716 124.760742 11.630716 124.760742 11.636096 124.755249 11.636096 124.755249 11.641476 124.749756 11.641476 124.749756 11.652236 124.738770 11.652236 124.738770 11.657616 124.733276 11.662996 124.733276 11.673755 124.727783 11.679135 124.727783 11.662996 124.722290 11.662996 124.722290 11.700652 124.716797 11.700652 124.716797 11.706031 124.711304 11.700652 124.711304 11.706031 124.705811 11.706031 124.705811 11.711410 124.716797 11.711410 124.722290 11.706031 124.722290 11.711410 124.727783 11.711410 124.727783 11.716788 124.722290 11.716788 124.722290 11.722167 124.716797 11.722167 124.716797 11.727546 124.733276 11.727546 124.733276 11.716788 124.738770 11.716788 124.738770 11.700652 124.749756 11.700652 124.749756 11.727546 124.755249 11.727546 124.777222 11.727546 124.777222 11.722167 124.771729 11.722167 124.771729 11.711410 124.777222 11.711410 124.777222 11.706031 124.771729 11.706031 124.771729 11.700652 124.755249 11.700652 124.755249 11.679135 124.760742 11.679135 124.760742 11.684514 124.771729 11.684514 124.771729 11.689894 124.782715 11.689894 124.782715 11.684514 124.777222 11.684514 124.777222 11.679135 124.771729 11.679135 124.771729 11.673755 124.766235 11.668376 124.782715 11.668376 124.782715 11.657616 124.788208 11.657616 124.788208 11.652236 124.793701 11.657616 124.793701 11.652236 124.799194 11.652236 124.799194 11.646856 124.804688 11.646856 124.804688 11.641476 124.799194 11.636096 124.793701 11.636096 124.793701 11.619955 124.788208 11.619955 124.788208 11.614574 124.793701 11.614574 124.793701 11.603813 124.788208 11.603813 124.788208 11.609193 124.777222 11.609193 124.777222 11.619955 124.771729 11.619955 124.766235 11.625335
R	0	124.793701 11.603813 124.793701 11.598432 124.804688 11.598432 124.804688 11.603813 124.799194 11.603813 124.799194 11.609193 124.810181 11.609193 124.810181 11.603813 124.821167 11.603813 124.821167 11.609193 124.826660 11.603813 124.826660 11.598432 124.832153 11.598432 124.832153 11.603813 124.848633 11.603813 124.848633 11.598432 124.843140 11.598432 124.843140 11.593051 124.837646 11.593051 124.837646 11.582288 124.832153 11.582288 124.832153 11.576907 124.837646 11.576907 124.837646 11.571525 124.832153 11.571525 124.832153 11.566144 124.837646 11.566144 124.832153 11.560762 124.832153 11.555380 124.837646 11.555380 124.837646 11.544616 124.821167 11.528470 124.815674 11.528470 124.815674 11.533852 124.810181 11.533852 124.810181 11.539234 124.799194 11.539234 124.799194 11.544616 124.793701 11.544616 124.793701 11.555380 124.788208 11.555380 124.788208 11.560762 124.799194 11.560762 124.799194 11.555380 124.804688 11.555380 124.804688 11.566144 124.799194 11.566144 124.793701 11.571525 124.788208 11.571525 124.788208 11.566144 124.777222 11.566144 124.777222 11.576907 124.771729 11.571525 124.766235 11.571525 124.766235 11.587669 124.760742 11.587669 124.760742 11.609193 124.766235 11.609193 124.766235 11.603813 124.777222 11.603813 124.777222 11.598432 124.788208 11.598432 124.793701 11.603813
R	0	124.826660 11.700652 124.832153 11.695273 124.832153 11.689894 124.843140 11.689894 124.843140 11.684514 124.854126 11.684514 124.854126 11.695273 124.859619 11.689894 124.865112 11.689894 124.865112 11.679135 124.859619 11.679135 124.865112 11.673755 124.870605 11.673755 124.870605 11.679135 124.881592 11.679135 124.881592 11.684514 124.887085 11.684514 124.892578 11.679135 124.892578 11.657616 124.887085 11.657616 124.887085 11.662996 124.881592 11.662996 124.881592 11.657616 124.876099 11.657616 124.876099 11.652236 124.870605 11.652236 124.870605 11.641476 124.876099 11.641476 124.876099 11.630716 124.881592 11.630716 124.881592 11.625335 124.876099 11.625335 124.876099 11.619955 124.859619 11.619955 124.859619 11.625335 124.854126 11.625335 124.854126 11.630716 124.848633 11.630716 124.848633 11.636096 124.843140 11.636096 124.843140 11.641476 124.837646 11.641476 124.837646 11.652236 124.832153 11.652236 124.832153 11.662996 124.837646 11.668376 124.837646 11.673755 124.826660 11.673755 124.826660 11.679135 124.832153 11.684514 124.821167 11.684514 124.821167 11.689894 124.826660 11.689894 124.826660 11.700652
R	0	124.238892 12.082296 124.238892 12.055437 124.233398 12.055437 124.233398 12.060809 124.227905 12.060809 124.227905 12.066181 124.222412 12.060809 124.216919 12.060809 124.216919 12.066181 124.211426 12.066181 124.211426 12.055437 124.200439 12.055437 124.200439 12.044693 124.194946 12.044693 124.194946 12.050065 124.189453 12.044693 124.178467 12.044693 124.178467 12.028576 124.172974 12.033948 124.167480 12.033948 124.167480 12.039321 124.161987 12.039321 124.161987 12.044693 124.145508 12.044693 124.145508 12.055437 124.151001 12.055437 124.151001 12.050065 124.156494 12.050065 124.156494 12.055437 124.151001 12.060809 124.156494 12.060809 124.156494 12.066181 124.161987 12.066181 124.161987 12.071553 124.167480 12.071553 124.167480 12.076924 124.172974 12.071553 124.172974 12.076924 124.178467 12.076924 124.178467 12.082296 124.189453 12.082296 124.194946 12.076924 124.205933 12.076924 124.205933 12.082296 124.211426 12.076924 124.216919 12.076924 124.216919 12.082296 124.227905 12.082296 124.227905 12.076924 124.233398 12.076924 124.233398 12.082296 124.238892 12.082296
R	0	124.447632 11.931852 124.447632 11.926478 124.453125 11.926478 124.453125 11.921103 124.458618 11.921103 124.458618 11.915728 124.464111 11.915728 124.464111 11.899604 124.458618 11.899604 124.458618 11.894228 124.464111 11.894228 124.469604 11.888853 124.458618 11.888853 124.453125 11.878102 124.447632 11.878102 124.447632 11.883478 124.431152 11.883478 124.431152 11.888853 124.414673 11.888853 124.414673 11.894228 124.409180 11.894228 124.409180 11.899604 124.414673 11.899604 124.414673 11.904979 124.420166 11.904979 124.420166 11.921103 124.425659 11.921103 124.431152 11.926478 124.436646 11.926478 124.436646 11.931852 124.447632 11.931852
R	0	124.332275 11.958723 124.332275 11.947975 124.337769 11.947975 124.337769 11.937227 124.332275 11.937227 124.332275 11.931852 124.326782 11.931852 124.326782 11.926478 124.321289 11.926478 124.321289 11.921103 124.315796 11.926478 124.315796 11.921103 124.321289 11.915728 124.315796 11.915728 124.315796 11.910354 124.310303 11.904979 124.310303 11.899604 124.299316 11.899604 124.299316 11.894228 124.293823 11.894228 124.293823 11.899604 124.282837 11.899604 124.282837 11.904979 124.288330 11.904979 124.288330 11.910354 124.277344 11.910354 124.277344 11.921103 124.282837 11.926478 124.293823 11.926478 124.293823 11.931852 124.299316 11.931852 124.299316 11.942601 124.304810 11.942601 124.304810 11.953349 124.326782 11.953349 124.326782 11.958723 124.332275 11.958723
R	0	124.425659 11.990965 124.425659 11.985592 124.431152 11.990965 124.431152 11.980218 124.436646 11.974845 124.436646 11.969471 124.431152 11.969471 124.431152 11.958723 124.409180 11.958723 124.409180 11.964097 124.403687 11.964097 124.403687 11.969471 124.409180 11.974845 124.409180 11.980218 124.403687 11.980218 124.403687 11.985592 124.414673 11.985592 124.414673 11.990965 124.425659 11.990965
R	0	124.639893 11.910354 124.656372 11.910354 124.656372 11.915728 124.661865 11.915728 124.661865 11.899604 124.656372 11.899604 124.656372 11.888853 124.650879 11.894228 124.650879 11.899604 124.639893 11.899604 124.639893 11.910354
R	0	124.887085 11.587669 124.876099 11.587669 124.876099 11.593051 124.881592 11.593051 124.881592 11.598432 124.887085 11.603813 124.881592 11.603813 124.887085 11.609193 124.892578 11.609193 124.892578 11.603813 124.898071 11.603813 124.898071 11.598432 124.892578 11.598432 124.892578 11.593051 124.898071 11.593051 124.898071 11.587669 124.887085 11.587669
R	0	124.837646 11.813588 124.837646 11.797457 124.832153 11.797457 124.826660 11.802834 124.826660 11.808211 124.821167 11.808211 124.821167 11.813588 124.837646 11.813588
R	0	124.689331 11.824341 124.694824 11.824341 124.694824 11.829718 124.689331 11.829718 124.689331 11.835094 124.705811 11.835094 124.705811 11.829718 124.700317 11.829718 124.700317 11.818965 124.689331 11.818965 124.689331 11.824341
R	0	124.683838 11.818965 124.689331 11.818965 124.689331 11.808211 124.694824 11.808211 124.694824 11.797457 124.689331 11.802834 124.683838 11.802834 124.683838 11.818965
R	0	124.376221 11.953349 124.376221 11.947975 124.370728 11.947975 124.370728 11.937227 124.365234 11.937227 124.365234 11.953349 124.376221 11.953349
R	0	124.843140 11.636096 124.843140 11.630716 124.832153 11.630716 124.837646 11.636096 124.843140 11.636096
R	0	124.738770 11.646856 124.744263 11.646856 124.744263 11.641476 124.738770 11.641476 124.738770 11.646856
R	0	124.755249 11.738302 124.760742 11.732924 124.755249 11.727546 124.755249 11.732924 124.744263 11.732924 124.744263 11.738302 124.755249 11.738302
R	0	124.826660 11.700652 124.821167 11.700652 124.821167 11.711410 124.832153 11.706031 124.826660 11.700652
R	0	124.683838 11.818965 124.672852 11.818965 124.672852 11.824341 124.683838 11.824341 124.683838 11.818965
R	0	124.639893 11.910354 124.634399 11.910354 124.634399 11.921103 124.639893 11.921103 124.639893 11.910354
R	0	124.689331 11.824341 124.683838 11.824341 124.683838 11.829718 124.689331 11.829718 124.689331 11.824341
R	0	124.799194 11.845847 124.793701 11.845847 124.793701 11.851223 124.799194 11.845847
R	0	124.887085 11.587669 124.892578 11.582288 124.887085 11.582288 124.887085 11.587669
R	0	124.766235 11.625335 124.766235 11.619955 124.760742 11.625335 124.766235 11.625335
R	0	124.788208 11.867351 124.782715 11.872727 124.788208 11.872727 124.788208 11.867351
P	0806400000	Southern Leyte
R	0	125.068359 9.963440 125.068359 9.952620 125.073853 9.952620 125.073853 9.936388 125.079346 9.936388 125.079346 9.898510 125.073853 9.893099 125.073853 9.898510 125.068359 9.898510 125.068359 9.909333 125.073853 9.909333 125.073853 9.925566 125.068359 9.930977 125.068359 9.947209 125.062866 9.947209 125.062866 9.958030 125.057373 9.963440 125.068359 9.963440
R	0	125.178223 10.601220 125.178223 10.595821 125.183716 10.595821 125.183716 10.585022 125.189209 10.585022 125.189209 10.558022 125.178223 10.558022 125.178223 10.552622 125.172729 10.552622 125.172729 10.547221 125.167236 10.541821 125.167236 10.536421 125.161743 10.531020 125.167236 10.525619 125.167236 10.509417 125.178223 10.509417 125.178223 10.493213 125.183716 10.493213 125.183716 10.487812 125.189209 10.487812 125.183716 10.482410 125.189209 10.482410 125.189209 10.460804 125.183716 10.455402 125.183716 10.444598 125.189209 10.444598 125.189209 10.439196 125.178223 10.439196 125.178223 10.428391 125.194702 10.412183 125.194702 10.406780 125.200195 10.401378 125.200195 10.395975 125.205688 10.395975 125.205688 10.390572 125.211182 10.390572 125.211182 10.385168 125.216675 10.385168 125.222168 10.379765 125.222168 10.385168 125.227661 10.390572 125.233154 10.390572 125.233154 10.395975 125.238647 10.395975 125.238647 10.390572 125.244141 10.390572 125.244141 10.385168 125.249634 10.385168 125.249634 10.379765 125.260620 10.368958 125.260620 10.358151 125.255127 10.358151 125.255127 10.352748 125.260620 10.347344 125.260620 10.336536 125.266113 10.336536 125.266113 10.282491 125.260620 10.282491 125.260620 10.271681 125.255127 10.266276 125.255127 10.255465 125.244141 10.255465 125.238647 10.250060 125.222168 10.250060 125.216675 10.244654 125.205688 10.250060 125.194702 10.250060 125.194702 10.255465 125.183716 10.255465 125.183716 10.260871 125.172729 10.260871 125.172729 10.266276 125.156250 10.266276 125.150757 10.271681 125.145264 10.271681 125.145264 10.277086 125.128784 10.277086 125.128784 10.260871 125.123291 10.260871 125.123291 10.250060 125.128784 10.250060 125.128784 10.206813 125.134277 10.206813 125.134277 10.179781 125.139771 10.174374 125.139771 10.168967 125.134277 10.168967 125.134277 10.163560 125.134277 10.158153 125.139771 10.158153 125.139771 10.152746 125.145264 10.152746 125.145264 10.147339 125.150757 10.147339 125.150757 10.141932 125.156250 10.141932 125.156250 10.136524 125.161743 10.136524 125.161743 10.131117 125.167236 10.131117 125.172729 10.136524 125.183716 10.136524 125.183716 10.131117 125.194702 10.131117 125.200195 10.125709 125.211182 10.125709 125.211182 10.120302 125.216675 10.120302 125.216675 10.104078 125.222168 10.104078 125.222168 10.093262 125.233154 10.082446 125.233154 10.071629 125.238647 10.071629 125.238647 10.055403 125.244141 10.055403 125.244141 10.039176 125.249634 10.039176 125.249634 10.033767 125.255127 10.033767 125.255127 10.022948 125.260620 10.017539 125.260620 10.012130 125.266113 10.012130 125.266113 10.006720 125.271606 10.006720 125.271606 10.001310 125.277100 10.001310 125.277100 9.995901 125.282593 9.995901 125.282593 9.990491 125.277100 9.990491 125.277100 9.974261 125.271606 9.974261 125.271606 9.963440 125.277100 9.963440 125.277100 9.958030 125.282593 9.958030 125.282593 9.952620 125.288086 9.952620 125.288086 9.947209 125.299072 9.936388 125.299072 9.925566 125.288086 9.914744 125.288086 9.909333 125.260620 9.909333 125.255127 9.914744 125.255127 9.920155 125.249634 9.920155 125.249634 9.947209 125.244141 9.952620 125.244141 9.958030 125.238647 9.958030 125.238647 9.963440 125.222168 9.963440 125.222168 9.974261 125.216675 9.974261 125.216675 9.979671 125.211182 9.979671 125.211182 9.990491 125.205688 9.990491 125.205688 10.001310 125.200195 10.006720 125.200195 10.012130 125.189209 10.022948 125.189209 10.039176 125.183716 10.039176 125.183716 10.044585 125.172729 10.044585 125.172729 10.049994 125.161743 10.049994 125.161743 10.055403 125.150757 10.055403 125.150757 10.060811 125.134277 10.060811 125.134277 10.071629 125.128784 10.077037 125.128784 10.082446 125.123291 10.082446 125.123291 10.098670 125.117798 10.098670 125.117798 10.158153 125.123291 10.158153 125.128784 10.163560 125.128784 10.168967 125.117798 10.168967 125.117798 10.174374 125.123291 10.174374 125.123291 10.179781 125.117798 10.179781 125.117798 10.185187 125.112305 10.185187 125.112305 10.190594 125.101318 10.190594 125.101318 10.201407 125.095825 10.201407 125.090332 10.206813 125.090332 10.212219 125.079346 10.223031 125.079346 10.233843 125.073853 10.233843 125.073853 10.250060 125.068359 10.250060 125.068359 10.260871 125.062866 10.260871 125.062866 10.266276 125.068359 10.266276 125.062866 10.271681 125.062866 10.282491 125.057373 10.287896 125.057373 10.293301 125.051880 10.293301 125.046387 10.298706 125.046387 10.304110 125.040894 10.304110 125.040894 10.320324 125.035400 10.320324 125.035400 10.331132 125.040894 10.331132 125.035400 10.336536 125.035400 10.341940 125.029907 10.347344 125.029907 10.358151 125.024414 10.358151 125.024414 10.368958 125.018921 10.368958 125.018921 10.374362 125.013428 10.374362 125.013428 10.379765 124.969482 10.379765 124.969482 10.352748 124.974976 10.352748 124.974976 10.336536 124.969482 10.331132 124.974976 10.331132 124.974976 10.309515 124.980469 10.309515 124.980469 10.277086 124.985962 10.277086 124.985962 10.260871 124.980469 10.260871 124.980469 10.255465 124.985962 10.255465 124.985962 10.244654 124.980469 10.244654 124.980469 10.217625 124.974976 10.212219 124.980469 10.212219 124.980469 10.196000 124.985962 10.190594 124.985962 10.179781 124.991455 10.179781 124.991455 10.174374 124.996948 10.174374 124.996948 10.163560 125.002441 10.163560 125.002441 10.136524 125.007935 10.136524 125.007935 10.109486 125.013428 10.109486 125.013428 10.098670 125.018921 10.098670 125.018921 10.093262 125.024414 10.093262 125.024414 10.039176 125.018921 10.033767 125.018921 10.022948 125.024414 10.022948 125.024414 10.012130 125.029907 10.012130 125.029907 10.006720 125.018921 10.006720 125.018921 10.012130 125.013428 10.017539 125.013428 10.028358 125.007935 10.033767 124.980469 10.033767 124.980469 10.039176 124.974976 10.039176 124.974976 10.044585 124.963989 10.044585 124.963989 10.049994 124.958496 10.055403 124.958496 10.060811 124.953003 10.060811 124.953003 10.066220 124.947510 10.066220 124.942017 10.071629 124.942017 10.077037 124.936523 10.082446 124.931030 10.082446 124.925537 10.087854 124.903564 10.087854 124.898071 10.098670 124.898071 10.109486 124.892578 10.109486 124.892578 10.120302 124.887085 10.120302 124.887085 10.125709 124.865112 10.125709 124.859619 10.131117 124.793701 10.131117 124.793701 10.136524 124.771729 10.136524 124.771729 10.147339 124.766235 10.147339 124.766235 10.152746 124.760742 10.152746 124.760742 10.158153 124.755249 10.158153 124.755249 10.185187 124.777222 10.185187 124.909058 10.277086 124.903564 10.504016 125.172729 10.601220 125.178223 10.601220
R	0	125.227661 10.471607 125.227661 10.466206 125.222168 10.466206 125.222168 10.477009 125.227661 10.471607
R	0	125.227661 10.450000 125.233154 10.450000 125.233154 10.444598 125.227661 10.444598 125.227661 10.450000
R	0	125.222168 10.460804 125.227661 10.460804 125.227661 10.455402 125.222168 10.455402 125.222168 10.460804
P	0807800000	Biliran
R	0	124.469604 11.706031 124.475098 11.700652 124.475098 11.695273 124.491577 11.695273 124.491577 11.689894 124.502563 11.689894 124.502563 11.684514 124.508057 11.684514 124.513550 11.679135 124.535522 11.679135 124.535522 11.668376 124.541016 11.662996 124.541016 11.652236 124.546509 11.652236 124.552002 11.641476 124.557495 11.641476 124.557495 11.630716 124.562988 11.630716 124.562988 11.619955 124.568481 11.619955 124.568481 11.614574 124.562988 11.614574 124.562988 11.603813 124.568481 11.603813 124.568481 11.598432 124.573975 11.593051 124.579468 11.593051 124.579468 11.576907 124.584961 11.571525 124.584961 11.566144 124.590454 11.560762 124.595947 11.560762 124.601440 11.555380 124.606934 11.555380 124.606934 11.549998 124.612427 11.549998 124.612427 11.544616 124.617920 11.544616 124.617920 11.512322 124.612427 11.506940 124.612427 11.501557 124.606934 11.501557 124.606934 11.490791 124.595947 11.490791 124.595947 11.485408 124.590454 11.485408 124.590454 11.480025 124.584961 11.474641 124.557495 11.474641 124.557495 11.480025 124.552002 11.480025 124.552002 11.474641 124.513550 11.474641 124.513550 11.469258 124.508057 11.469258 124.508057 11.480025 124.502563 11.480025 124.502563 11.474641 124.497070 11.474641 124.497070 11.469258 124.491577 11.469258 124.491577 11.463874 124.469604 11.463874 124.469604 11.469258 124.464111 11.469258 124.464111 11.474641 124.458618 11.474641 124.458618 11.480025 124.447632 11.480025 124.447632 11.485408 124.442139 11.485408 124.442139 11.496174 124.436646 11.501557 124.431152 11.501557 124.431152 11.506940 124.425659 11.512322 124.425659 11.517705 124.420166 11.523088 124.420166 11.533852 124.414673 11.533852 124.414673 11.539234 124.409180 11.539234 124.409180 11.533852 124.403687 11.539234 124.403687 11.544616 124.398193 11.549998 124.398193 11.555380 124.392700 11.560762 124.392700 11.587669 124.398193 11.587669 124.398193 11.593051 124.392700 11.593051 124.392700 11.603813 124.381714 11.603813 124.381714 11.614574 124.376221 11.614574 124.376221 11.619955 124.381714 11.625335 124.376221 11.625335 124.376221 11.630716 124.370728 11.630716 124.370728 11.636096 124.359741 11.636096 124.359741 11.641476 124.354248 11.641476 124.354248 11.646856 124.359741 11.646856 124.359741 11.662996 124.343262 11.662996 124.343262 11.668376 124.337769 11.668376 124.337769 11.673755 124.332275 11.673755 124.337769 11.679135 124.348755 11.679135 124.354248 11.684514 124.354248 11.679135 124.359741 11.679135 124.365234 11.684514 124.365234 11.689894 124.370728 11.689894 124.370728 11.695273 124.376221 11.695273 124.376221 11.689894 124.381714 11.695273 124.398193 11.695273 124.398193 11.700652 124.409180 11.700652 124.409180 11.706031 124.431152 11.706031 124.431152 11.700652 124.447632 11.700652 124.453125 11.706031 124.469604 11.706031
R	0	124.315796 11.818965 124.321289 11.813588 124.337769 11.813588 124.337769 11.808211 124.348755 11.808211 124.348755 11.775948 124.337769 11.765192 124.326782 11.765192 124.326782 11.759815 124.315796 11.759815 124.315796 11.765192 124.310303 11.765192 124.310303 11.770570 124.299316 11.770570 124.299316 11.781325 124.293823 11.781325 124.293823 11.797457 124.299316 11.802834 124.299316 11.808211 124.304810 11.808211 124.310303 11.813588 124.315796 11.813588 124.315796 11.818965
R	0	124.266357 11.582288 124.271851 11.576907 124.271851 11.566144 124.277344 11.566144 124.277344 11.560762 124.271851 11.560762 124.266357 11.555380 124.260864 11.555380 124.260864 11.566144 124.255371 11.571525 124.255371 11.582288 124.266357 11.582288
P	0907200000	Zamboanga del Norte
R	0	123.519287 8.624472 123.513794 8.624472 123.513794 8.629903 123.519287 8.629903 123.519287 8.624472
R	0	122.107544 7.776309 122.102051 7.776309 122.102051 7.787194 122.107544 7.787194 122.107544 7.776309
R	0	123.398438 8.684209 123.392944 8.684209 123.392944 8.689639 123.398438 8.689639 123.398438 8.684209
R	0	122.124023 7.798079 122.118530 7.798079 122.124023 7.803521 122.124023 7.798079
R	0	123.519287 8.624472 123.524780 8.624472 123.524780 8.629903 123.535767 8.629903 123.535767 8.619041 123.541260 8.619041 123.541260 8.624472 123.552246 8.624472 123.552246 8.564726 123.557739 8.526701 123.557739 8.385431 123.563232 8.347388 123.557739 8.271291 123.233643 8.260419 123.173218 8.015716 122.920532 7.923234 122.579956 7.928675 122.404175 7.868823 122.261353 7.504089 122.272339 7.498643 122.096558 7.166300 121.915283 7.139048 121.909790 7.155400 121.909790 7.160850 121.915283 7.166300 121.915283 7.177201 121.920776 7.177201 121.920776 7.188101 121.926270 7.188101 121.926270 7.199001 121.931763 7.199001 121.931763 7.204451 121.937256 7.204451 121.937256 7.209900 121.942749 7.209900 121.942749 7.215350 121.953735 7.220800 121.959229 7.226249 121.959229 7.231699 121.964722 7.237148 121.964722 7.242598 121.970215 7.242598 121.970215 7.248047 121.981201 7.248047 121.992188 7.258945 122.008667 7.258945 122.008667 7.264394 122.014160 7.264394 122.014160 7.280741 122.030640 7.280741 122.036133 7.286190 122.036133 7.280741 122.041626 7.286190 122.058105 7.286190 122.063599 7.291639 122.063599 7.313433 122.052612 7.313433 122.047119 7.318882 122.041626 7.318882 122.041626 7.324330 122.036133 7.324330 122.036133 7.346123 122.030640 7.346123 122.030640 7.357019 122.036133 7.362467 122.036133 7.367915 122.041626 7.362467 122.041626 7.367915 122.047119 7.367915 122.047119 7.378810 122.041626 7.378810 122.047119 7.384258 122.047119 7.389705 122.052612 7.389705 122.052612 7.395153 122.058105 7.395153 122.058105 7.438731 122.052612 7.438731 122.052612 7.444177 122.058105 7.444177 122.058105 7.449624 122.063599 7.449624 122.063599 7.460518 122.069092 7.460518 122.069092 7.482304 122.074585 7.482304 122.074585 7.487750 122.080078 7.487750 122.080078 7.493196 122.091064 7.493196 122.091064 7.509535 122.085571 7.509535 122.085571 7.504089 122.074585 7.504089 122.074585 7.509535 122.069092 7.514981 122.074585 7.514981 122.074585 7.525873 122.080078 7.525873 122.091064 7.525873 122.091064 7.520427 122.096558 7.520427 122.107544 7.531319 122.102051 7.531319 122.102051 7.536764 122.107544 7.542210 122.113037 7.542210 122.113037 7.553101 122.129517 7.553101 122.129517 7.558547 122.135010 7.558547 122.140503 7.563992 122.140503 7.585773 122.135010 7.585773 122.135010 7.591218 122.124023 7.591218 122.124023 7.580328 122.118530 7.580328 122.113037 7.591218 122.107544 7.591218 122.107544 7.607553 122.118530 7.607553 122.124023 7.612998 122.124023 7.634776 122.135010 7.634776 122.135010 7.678329 122.129517 7.678329 122.129517 7.683773 122.124023 7.689217 122.124023 7.705548 122.118530 7.716435 122.118530 7.721878 122.113037 7.721878 122.113037 7.727322 122.107544 7.727322 122.107544 7.732765 122.102051 7.727322 122.102051 7.721878 122.096558 7.727322 122.096558 7.738208 122.091064 7.738208 122.091064 7.743651 122.096558 7.743651 122.096558 7.749094 122.102051 7.749094 122.096558 7.754537 122.102051 7.754537 122.102051 7.759980 122.113037 7.759980 122.113037 7.754537 122.124023 7.754537 122.124023 7.759980 122.118530 7.759980 122.113037 7.765423 122.113037 7.770866 122.107544 7.770866 122.107544 7.776309 122.118530 7.776309 122.124023 7.781751 122.124023 7.798079 122.129517 7.798079 122.129517 7.803521 122.140503 7.803521 122.140503 7.808963 122.145996 7.814405 122.140503 7.814405 122.140503 7.819847 122.145996 7.819847 122.145996 7.830731 122.151489 7.830731 122.151489 7.841615 122.156982 7.841615 122.156982 7.857940 122.162476 7.857940 122.162476 7.863382 122.167969 7.863382 122.167969 7.868823 122.178955 7.868823 122.178955 7.874265 122.189941 7.874265 122.195435 7.879706 122.200928 7.879706 122.200928 7.885147 122.206421 7.885147 122.206421 7.890588 122.211914 7.890588 122.217407 7.896030 122.217407 7.901471 122.222900 7.901471 122.222900 7.906912 122.228394 7.906912 122.228394 7.917793 122.233887 7.917793 122.233887 7.939556 122.228394 7.939556 122.228394 7.944996 122.222900 7.944996 122.222900 7.955877 122.228394 7.961317 122.233887 7.961317 122.233887 7.966758 122.239380 7.966758 122.239380 7.972198 122.244873 7.972198 122.250366 7.977638 122.250366 7.983078 122.255859 7.988518 122.261353 7.988518 122.261353 7.993957 122.266846 7.993957 122.266846 7.999397 122.283325 7.999397 122.283325 8.004837 122.288818 8.004837 122.288818 8.010276 122.294312 8.010276 122.294312 8.015716 122.316284 8.015716 122.321777 8.021155 122.327271 8.021155 122.327271 8.026595 122.332764 8.026595 122.338257 8.032034 122.343750 8.032034 122.343750 8.037473 122.354736 8.037473 122.354736 8.042913 122.382202 8.042913 122.382202 8.048352 122.409668 8.048352 122.409668 8.053791 122.426147 8.053791 122.426147 8.059230 122.437134 8.059230 122.437134 8.064669 122.448120 8.064669 122.453613 8.070107 122.464600 8.070107 122.464600 8.075546 122.470093 8.075546 122.475586 8.070107 122.492065 8.070107 122.497559 8.064669 122.514038 8.064669 122.514038 8.070107 122.519531 8.070107 122.519531 8.075546 122.552490 8.075546 122.552490 8.080985 122.557983 8.080985 122.563477 8.075546 122.568970 8.075546 122.568970 8.080985 122.585449 8.080985 122.585449 8.086423 122.590942 8.086423 122.590942 8.097300 122.596436 8.097300 122.596436 8.102739 122.618408 8.102739 122.618408 8.108177 122.623901 8.108177 122.629395 8.113615 122.629395 8.124491 122.634888 8.124491 122.634888 8.135367 122.640381 8.135367 122.640381 8.140805 122.651367 8.140805 122.651367 8.146243 122.656860 8.146243 122.656860 8.157118 122.662354 8.162556 122.667847 8.162556 122.667847 8.157118 122.673340 8.157118 122.673340 8.135367 122.678833 8.135367 122.678833 8.129929 122.684326 8.129929 122.684326 8.124491 122.689819 8.119053 122.695312 8.119053 122.700806 8.113615 122.755737 8.113615 122.766724 8.119053 122.766724 8.113615 122.777710 8.113615 122.777710 8.119053 122.816162 8.119053 122.821655 8.124491 122.827148 8.124491 122.838135 8.129929 122.843628 8.129929 122.843628 8.135367 122.854614 8.135367 122.854614 8.146243 122.865601 8.146243 122.865601 8.140805 122.882080 8.140805 122.882080 8.146243 122.898560 8.146243 122.898560 8.140805 122.904053 8.140805 122.904053 8.146243 122.915039 8.146243 122.915039 8.151681 122.926025 8.151681 122.926025 8.157118 122.931519 8.157118 122.937012 8.162556 122.937012 8.167993 122.942505 8.167993 122.953491 8.178868 122.953491 8.184305 122.958984 8.184305 122.964478 8.189742 122.969971 8.189742 122.975464 8.195179 122.975464 8.200616 122.980957 8.200616 122.980957 8.195179 122.986450 8.200616 122.991943 8.200616 122.991943 8.211490 122.997437 8.211490 122.997437 8.227801 122.991943 8.227801 122.991943 8.233237 122.997437 8.238674 122.997437 8.249546 122.986450 8.249546 122.986450 8.254983 122.975464 8.254983 122.975464 8.260419 122.964478 8.260419 122.964478 8.265855 122.958984 8.271291 122.958984 8.276727 122.953491 8.276727 122.953491 8.282163 122.947998 8.282163 122.947998 8.293035 122.942505 8.293035 122.942505 8.298470 122.937012 8.303906 122.937012 8.309341 122.942505 8.309341 122.942505 8.314777 122.964478 8.314777 122.964478 8.320212 122.980957 8.320212 122.980957 8.325648 122.986450 8.331083 122.980957 8.331083 122.986450 8.336518 122.986450 8.369127 122.980957 8.369127 122.980957 8.418036 122.991943 8.418036 122.991943 8.423470 123.008423 8.423470 123.008423 8.434338 123.013916 8.434338 123.013916 8.445205 123.019409 8.445205 123.019409 8.461506 123.024902 8.461506 123.024902 8.483239 123.030396 8.488672 123.035889 8.488672 123.041382 8.494105 123.046875 8.494105 123.046875 8.499537 123.052368 8.504970 123.052368 8.510403 123.057861 8.510403 123.057861 8.515836 123.090820 8.515836 123.096313 8.521268 123.134766 8.521268 123.134766 8.526701 123.167725 8.526701 123.173218 8.532133 123.206177 8.532133 123.211670 8.526701 123.222656 8.526701 123.222656 8.521268 123.250122 8.521268 123.250122 8.515836 123.261108 8.515836 123.266602 8.510403 123.283081 8.510403 123.283081 8.515836 123.294067 8.515836 123.299561 8.521268 123.305054 8.521268 123.305054 8.526701 123.310547 8.532133 123.310547 8.537565 123.316040 8.537565 123.316040 8.542998 123.321533 8.542998 123.321533 8.548430 123.327026 8.553862 123.327026 8.559294 123.332520 8.559294 123.332520 8.575590 123.338013 8.586453 123.338013 8.597316 123.343506 8.608179 123.343506 8.619041 123.348999 8.619041 123.348999 8.635334 123.354492 8.635334 123.359985 8.640765 123.376465 8.640765 123.376465 8.635334 123.381958 8.635334 123.387451 8.629903 123.387451 8.624472 123.392944 8.624472 123.392944 8.629903 123.403931 8.629903 123.403931 8.635334 123.414917 8.635334 123.409424 8.640765 123.414917 8.640765 123.414917 8.651626 123.420410 8.651626 123.420410 8.667918 123.409424 8.667918 123.409424 8.673348 123.403931 8.673348 123.403931 8.678779 123.398438 8.673348 123.398438 8.684209 123.403931 8.684209 123.403931 8.700499 123.398438 8.700499 123.398438 8.695069 123.392944 8.689639 123.392944 8.695069 123.387451 8.700499 123.381958 8.700499 123.381958 8.727648 123.398438 8.727648 123.398438 8.722218 123.403931 8.727648 123.403931 8.722218 123.420410 8.722218 123.420410 8.716789 123.436890 8.716789 123.436890 8.711359 123.442383 8.705929 123.447876 8.705929 123.447876 8.700499 123.453369 8.700499 123.453369 8.689639 123.469849 8.689639 123.469849 8.684209 123.475342 8.684209 123.480835 8.689639 123.480835 8.684209 123.486328 8.689639 123.486328 8.695069 123.491821 8.695069 123.491821 8.700499 123.502808 8.700499 123.502808 8.689639 123.508301 8.689639 123.508301 8.678779 123.502808 8.678779 123.502808 8.673348 123.497314 8.673348 123.497314 8.667918 123.491821 8.667918 123.491821 8.662488 123.486328 8.662488 123.486328 8.640765 123.497314 8.640765 123.497314 8.635334 123.502808 8.635334 123.502808 8.624472 123.513794 8.624472 123.513794 8.619041 123.519287 8.619041 123.519287 8.624472
R	1	122.080078 7.525873 122.080078 7.520427 122.085571 7.520427 122.080078 7.525873
P	0907300000	Zamboanga del Sur
R	0	122.063599 6.871893 122.069092 6.866439 122.074585 6.866439 122.074585 6.860985 122.063599 6.860985 122.058105 6.855532 122.058105 6.866439 122.052612 6.866439 122.052612 6.871893 122.063599 6.871893
R	0	122.288818 6.893707 122.288818 6.888254 122.294312 6.882800 122.294312 6.871893 122.288818 6.871893 122.283325 6.877347 122.277832 6.877347 122.277832 6.882800 122.272339 6.882800 122.272339 6.893707 122.288818 6.893707
R	0	123.343506 7.411495 123.348999 7.406048 123.343506 7.406048 123.343506 7.411495
R	0	122.145996 6.882800 122.140503 6.882800 122.140503 6.888254 122.145996 6.888254 122.145996 6.882800
R	0	122.206421 7.040927 122.200928 7.040927 122.200928 7.035476 122.206421 7.035476 122.206421 7.030024 122.206421 7.019120 122.195435 7.008216 122.195435 6.997311 122.189941 6.997311 122.189941 6.980954 122.184448 6.980954 122.184448 6.948239 122.178955 6.948239 122.178955 6.942786 122.173462 6.942786 122.173462 6.937333 122.167969 6.937333 122.167969 6.931880 122.156982 6.931880 122.156982 6.926427 122.156982 6.910067 122.151489 6.910067 122.151489 6.904614 122.140503 6.904614 122.140503 6.899161 122.129517 6.899161 122.129517 6.893707 122.118530 6.893707 122.118530 6.888254 122.107544 6.888254 122.107544 6.893707 122.091064 6.893707 122.091064 6.899161 122.080078 6.899161 122.074585 6.904614 122.069092 6.904614 122.069092 6.910067 122.047119 6.910067 122.047119 6.915521 122.030640 6.915521 122.030640 6.920974 122.019653 6.920974 122.019653 6.926427 122.008667 6.926427 122.008667 6.931880 122.003174 6.931880 121.997681 6.937333 121.992188 6.937333 121.986694 6.942786 121.986694 6.948239 121.981201 6.948239 121.975708 6.953691 121.964722 6.953691 121.964722 6.948239 121.959229 6.948239 121.959229 6.953691 121.948242 6.953691 121.948242 6.959144 121.942749 6.959144 121.942749 6.964597 121.937256 6.964597 121.937256 6.970049 121.931763 6.970049 121.931763 6.980954 121.926270 6.980954 121.926270 6.986407 121.920776 6.986407 121.920776 7.019120 121.915283 7.024572 121.915283 7.030024 121.909790 7.040927 121.909790 7.051831 121.904297 7.057282 121.904297 7.068185 121.898804 7.068185 121.898804 7.117245 121.904297 7.117245 121.904297 7.149949 121.909790 7.149949 121.915283 7.139048 122.096558 7.166300 122.272339 7.498643 122.288818 7.514981 122.354736 7.455071 122.349243 7.449624 122.349243 7.444177 122.343750 7.438731 122.349243 7.438731 122.343750 7.433284 122.343750 7.422389 122.349243 7.422389 122.349243 7.416942 122.354736 7.416942 122.354736 7.411495 122.349243 7.411495 122.349243 7.406048 122.343750 7.406048 122.343750 7.395153 122.354736 7.395153 122.354736 7.400600 122.360229 7.400600 122.360229 7.395153 122.365723 7.395153 122.371216 7.395153 122.371216 7.389705 122.376709 7.389705 122.376709 7.395153 122.382202 7.389705 122.382202 7.395153 122.387695 7.395153 122.387695 7.389705 122.393188 7.389705 122.393188 7.384258 122.387695 7.384258 122.387695 7.378810 122.382202 7.378810 122.382202 7.362467 122.376709 7.362467 122.376709 7.357019 122.371216 7.351571 122.371216 7.346123 122.365723 7.346123 122.365723 7.340675 122.360229 7.340675 122.360229 7.329778 122.349243 7.329778 122.349243 7.324330 122.343750 7.324330 122.343750 7.313433 122.332764 7.313433 122.332764 7.307985 122.327271 7.307985 122.327271 7.318882 122.332764 7.318882 122.332764 7.329778 122.321777 7.329778 122.321777 7.324330 122.316284 7.324330 122.316284 7.335227 122.310791 7.335227 122.299805 7.335227 122.299805 7.329778 122.294312 7.324330 122.294312 7.318882 122.288818 7.313433 122.288818 7.302536 122.288818 7.297088 122.288818 7.275292 122.283325 7.275292 122.283325 7.253496 122.277832 7.253496 122.277832 7.231699 122.272339 7.231699 122.272339 7.226249 122.266846 7.226249 122.266846 7.220800 122.261353 7.220800 122.261353 7.215350 122.266846 7.215350 122.266846 7.209900 122.261353 7.209900 122.261353 7.204451 122.255859 7.204451 122.255859 7.209900 122.250366 7.209900 122.250366 7.199001 122.255859 7.199001 122.255859 7.193551 122.250366 7.193551 122.250366 7.171751 122.255859 7.166300 122.255859 7.160850 122.255859 7.155400 122.255859 7.144499 122.244873 7.144499 122.244873 7.139048 122.244873 7.133598 122.255859 7.133598 122.255859 7.117245 122.250366 7.111795 122.250366 7.100893 122.244873 7.100893 122.239380 7.089990 122.233887 7.084539 122.222900 7.084539 122.222900 7.079088 122.217407 7.079088 122.211914 7.073637 122.206421 7.073637 122.206421 7.062734 122.211914 7.062734 122.211914 7.057282 122.206421 7.057282 122.206421 7.051831 122.211914 7.051831 122.211914 7.046379 122.206421 7.046379 122.206421 7.040927
R	0	122.211914 6.970049 122.211914 6.975502 122.211914 6.980954 122.222900 6.980954 122.222900 6.986407 122.222900 6.991859 122.228394 6.991859 122.228394 6.986407 122.233887 6.986407 122.233887 6.991859 122.239380 6.991859 122.239380 6.986407 122.244873 6.986407 122.244873 6.991859 122.250366 6.991859 122.250366 6.997311 122.272339 6.997311 122.272339 6.991859 122.277832 6.991859 122.277832 6.986407 122.283325 6.986407 122.283325 6.975502 122.277832 6.970049 122.277832 6.964597 122.272339 6.959144 122.272339 6.953691 122.255859 6.953691 122.250366 6.959144 122.244873 6.959144 122.244873 6.953691 122.233887 6.953691 122.233887 6.948239 122.228394 6.942786 122.222900 6.942786 122.222900 6.937333 122.206421 6.937333 122.206421 6.926427 122.200928 6.920974 122.200928 6.926427 122.195435 6.926427 122.195435 6.937333 122.200928 6.937333 122.200928 6.953691 122.211914 6.953691 122.211914 6.970049
R	1	122.244873 6.959144 122.244873 6.964597 122.239380 6.964597 122.239380 6.959144 122.244873 6.959144
R	0	123.129272 7.585773 123.123779 7.585773 123.123779 7.591218 123.112793 7.591218 123.112793 7.596663 123.101807 7.596663 123.101807 7.607553 123.112793 7.607553 123.112793 7.602108 123.123779 7.602108 123.129272 7.596663 123.134766 7.596663 123.134766 7.591218 123.129272 7.585773
R	0	122.316284 7.324330 122.316284 7.318882 122.310791 7.318882 122.310791 7.324330 122.316284 7.324330
R	0	122.365723 7.395153 122.360229 7.400600 122.365723 7.400600 122.365723 7.395153
R	0	122.206421 7.040927 122.211914 7.040927 122.211914 7.035476 122.206421 7.035476 122.206421 7.040927
R	0	123.343506 7.411495 123.332520 7.411495 123.332520 7.416942 123.321533 7.427837 123.321533 7.444177 123.316040 7.444177 123.316040 7.449624 123.305054 7.449624 123.305054 7.455071 123.294067 7.455071 123.294067 7.465964 123.283081 7.465964 123.283081 7.482304 123.288574 7.482304 123.288574 7.487750 123.294067 7.493196 123.294067 7.498643 123.288574 7.498643 123.288574 7.509535 123.294067 7.509535 123.294067 7.514981 123.299561 7.514981 123.305054 7.514981 123.305054 7.520427 123.305054 7.525873 123.305054 7.531319 123.272095 7.531319 123.266602 7.531319 123.261108 7.531319 123.261108 7.536764 123.255615 7.536764 123.255615 7.531319 123.239136 7.531319 123.239136 7.536764 123.228149 7.536764 123.228149 7.542210 123.222656 7.542210 123.222656 7.531319 123.217163 7.531319 123.217163 7.525873 123.211670 7.525873 123.211670 7.520427 123.206177 7.520427 123.200684 7.514981 123.195190 7.514981 123.195190 7.509535 123.184204 7.509535 123.184204 7.498643 123.189697 7.498643 123.189697 7.493196 123.195190 7.493196 123.195190 7.487750 123.200684 7.487750 123.200684 7.482304 123.189697 7.482304 123.189697 7.471411 123.184204 7.471411 123.184204 7.465964 123.167725 7.465964 123.167725 7.471411 123.162231 7.471411 123.162231 7.493196 123.162231 7.498643 123.140259 7.498643 123.134766 7.504089 123.123779 7.504089 123.123779 7.509535 123.118286 7.514981 123.112793 7.514981 123.112793 7.531319 123.107300 7.531319 123.107300 7.536764 123.101807 7.536764 123.101807 7.542210 123.107300 7.547656 123.107300 7.553101 123.101807 7.553101 123.101807 7.558547 123.112793 7.558547 123.112793 7.563992 123.129272 7.563992 123.129272 7.580328 123.134766 7.574883 123.140259 7.574883 123.145752 7.574883 123.151245 7.580328 123.167725 7.580328 123.167725 7.574883 123.178711 7.574883 123.178711 7.580328 123.184204 7.580328 123.184204 7.585773 123.195190 7.585773 123.195190 7.602108 123.189697 7.602108 123.189697 7.612998 123.178711 7.612998 123.178711 7.640220 123.173218 7.640220 123.173218 7.645665 123.167725 7.645665 123.167725 7.640220 123.156738 7.640220 123.145752 7.645665 123.140259 7.645665 123.140259 7.651109 123.134766 7.651109 123.134766 7.656553 123.129272 7.656553 123.129272 7.667441 123.123779 7.667441 123.123779 7.672885 123.129272 7.672885 123.129272 7.678329 123.134766 7.678329 123.145752 7.689217 123.145752 7.700105 123.140259 7.700105 123.140259 7.710992 123.134766 7.710992 123.129272 7.716435 123.118286 7.716435 123.118286 7.732765 123.112793 7.732765 123.112793 7.721878 123.107300 7.721878 123.107300 7.710992 123.101807 7.710992 123.101807 7.705548 123.096313 7.705548 123.090820 7.700105 123.085327 7.700105 123.107300 7.781751 122.915039 7.879706 122.920532 7.923234 123.173218 8.015716 123.233643 8.260419 123.557739 8.271291 123.557739 8.026595 123.563232 8.026595 123.568726 8.026595 123.585205 8.026595 123.607178 8.032034 123.612671 8.026595 123.634644 8.032034 123.640137 8.032034 123.634644 8.021155 123.634644 8.004837 123.640137 8.004837 123.640137 8.010276 123.645630 8.010276 123.645630 8.021155 123.651123 8.021155 123.651123 8.015716 123.656616 8.015716 123.656616 8.004837 123.662109 8.004837 123.662109 7.999397 123.656616 7.993957 123.645630 7.993957 123.645630 7.988518 123.645630 7.983078 123.645630 7.977638 123.640137 7.977638 123.640137 7.972198 123.645630 7.972198 123.645630 7.966758 123.651123 7.966758 123.651123 7.961317 123.645630 7.928675 123.651123 7.928675 123.662109 7.912353 123.662109 7.906912 123.651123 7.890588 123.667603 7.890588 123.634644 7.868823 123.634644 7.857940 123.629150 7.857940 123.629150 7.847057 123.623657 7.847057 123.623657 7.830731 123.612671 7.830731 123.607178 7.836173 123.601685 7.836173 123.601685 7.830731 123.596191 7.830731 123.596191 7.836173 123.590698 7.836173 123.590698 7.841615 123.579712 7.841615 123.574219 7.847057 123.574219 7.852499 123.557739 7.852499 123.552246 7.847057 123.530273 7.847057 123.530273 7.836173 123.519287 7.836173 123.513794 7.830731 123.497314 7.830731 123.497314 7.825289 123.491821 7.825289 123.491821 7.819847 123.464355 7.819847 123.464355 7.814405 123.447876 7.814405 123.447876 7.819847 123.431396 7.819847 123.431396 7.814405 123.425903 7.814405 123.425903 7.798079 123.431396 7.798079 123.431396 7.781751 123.425903 7.781751 123.420410 7.776309 123.420410 7.765423 123.431396 7.765423 123.431396 7.759980 123.436890 7.759980 123.436890 7.765423 123.447876 7.765423 123.447876 7.759980 123.442383 7.759980 123.442383 7.743651 123.447876 7.749094 123.453369 7.749094 123.453369 7.743651 123.469849 7.743651 123.480835 7.732765 123.480835 7.721878 123.475342 7.721878 123.475342 7.716435 123.480835 7.716435 123.480835 7.705548 123.475342 7.705548 123.475342 7.700105 123.480835 7.700105 123.480835 7.678329 123.475342 7.678329 123.475342 7.656553 123.469849 7.656553 123.469849 7.651109 123.464355 7.651109 123.464355 7.629331 123.447876 7.629331 123.447876 7.623887 123.431396 7.623887 123.431396 7.612998 123.420410 7.612998 123.420410 7.618442 123.414917 7.618442 123.409424 7.612998 123.398438 7.612998 123.398438 7.607553 123.381958 7.607553 123.381958 7.596663 123.387451 7.596663 123.387451 7.585773 123.392944 7.585773 123.392944 7.580328 123.387451 7.580328 123.387451 7.574883 123.392944 7.574883 123.392944 7.558547 123.381958 7.558547 123.381958 7.563992 123.376465 7.569437 123.376465 7.574883 123.370972 7.574883 123.365479 7.574883 123.359985 7.574883 123.359985 7.580328 123.354492 7.580328 123.354492 7.574883 123.343506 7.574883 123.338013 7.574883 123.338013 7.547656 123.343506 7.547656 123.343506 7.553101 123.348999 7.553101 123.348999 7.547656 123.354492 7.547656 123.354492 7.542210 123.359985 7.542210 123.359985 7.536764 123.370972 7.536764 123.376465 7.536764 123.381958 7.536764 123.381958 7.482304 123.387451 7.482304 123.387451 7.476857 123.392944 7.476857 123.392944 7.460518 123.403931 7.460518 123.403931 7.465964 123.414917 7.465964 123.414917 7.460518 123.420410 7.460518 123.420410 7.455071 123.436890 7.455071 123.436890 7.449624 123.442383 7.444177 123.447876 7.444177 123.447876 7.433284 123.442383 7.433284 123.442383 7.411495 123.436890 7.411495 123.436890 7.406048 123.442383 7.406048 123.442383 7.400600 123.447876 7.395153 123.447876 7.384258 123.453369 7.384258 123.453369 7.373362 123.447876 7.367915 123.442383 7.367915 123.442383 7.373362 123.420410 7.373362 123.420410 7.362467 123.414917 7.362467 123.414917 7.357019 123.403931 7.357019 123.403931 7.362467 123.398438 7.362467 123.398438 7.367915 123.392944 7.367915 123.392944 7.373362 123.381958 7.373362 123.381958 7.389705 123.376465 7.395153 123.376465 7.400600 123.359985 7.400600 123.359985 7.406048 123.348999 7.406048 123.348999 7.411495 123.343506 7.411495
R	1	123.370972 7.536764 123.370972 7.531319 123.376465 7.531319 123.370972 7.536764
P	0908300000	Zamboanga Sibugay
R	0	122.854614 7.280741 122.854614 7.275292 122.860107 7.275292 122.860107 7.269843 122.843628 7.269843 122.843628 7.280741 122.854614 7.280741
R	0	122.821655 7.438731 122.816162 7.438731 122.816162 7.433284 122.810669 7.433284 122.810669 7.449624 122.816162 7.449624 122.816162 7.455071 122.821655 7.455071 122.816162 7.460518 122.821655 7.460518 122.821655 7.471411 122.816162 7.471411 122.816162 7.482304 122.810669 7.482304 122.810669 7.487750 122.794189 7.487750 122.794189 7.482304 122.788696 7.482304 122.788696 7.471411 122.777710 7.471411 122.777710 7.482304 122.783203 7.482304 122.783203 7.509535 122.788696 7.509535 122.788696 7.514981 122.794189 7.520427 122.794189 7.531319 122.788696 7.531319 122.788696 7.542210 122.799683 7.542210 122.805176 7.536764 122.810669 7.536764 122.810669 7.520427 122.821655 7.520427 122.827148 7.525873 122.827148 7.547656 122.821655 7.553101 122.821655 7.569437 122.816162 7.569437 122.810669 7.574883 122.810669 7.580328 122.805176 7.580328 122.805176 7.585773 122.799683 7.585773 122.799683 7.591218 122.788696 7.591218 122.788696 7.596663 122.794189 7.596663 122.794189 7.612998 122.788696 7.612998 122.788696 7.623887 122.794189 7.623887 122.794189 7.634776 122.799683 7.634776 122.794189 7.640220 122.794189 7.645665 122.788696 7.645665 122.788696 7.672885 122.783203 7.672885 122.783203 7.683773 122.788696 7.683773 122.788696 7.694661 122.794189 7.694661 122.794189 7.700105 122.799683 7.700105 122.799683 7.710992 122.805176 7.710992 122.805176 7.716435 122.799683 7.716435 122.799683 7.727322 122.810669 7.727322 122.810669 7.732765 122.805176 7.738208 122.805176 7.743651 122.810669 7.743651 122.810669 7.749094 122.805176 7.749094 122.805176 7.754537 122.799683 7.749094 122.799683 7.754537 122.794189 7.759980 122.783203 7.759980 122.783203 7.754537 122.755737 7.754537 122.750244 7.754537 122.750244 7.749094 122.744751 7.749094 122.744751 7.759980 122.739258 7.759980 122.739258 7.765423 122.728271 7.765423 122.728271 7.770866 122.722778 7.776309 122.722778 7.781751 122.711792 7.781751 122.711792 7.776309 122.706299 7.781751 122.695312 7.781751 122.695312 7.787194 122.689819 7.787194 122.689819 7.776309 122.684326 7.781751 122.678833 7.781751 122.678833 7.776309 122.684326 7.776309 122.684326 7.770866 122.678833 7.770866 122.678833 7.765423 122.673340 7.765423 122.673340 7.781751 122.662354 7.781751 122.662354 7.787194 122.656860 7.787194 122.656860 7.781751 122.645874 7.781751 122.645874 7.776309 122.623901 7.776309 122.623901 7.770866 122.618408 7.770866 122.618408 7.765423 122.607422 7.765423 122.612915 7.759980 122.607422 7.759980 122.607422 7.754537 122.601929 7.754537 122.601929 7.749094 122.596436 7.749094 122.596436 7.754537 122.590942 7.754537 122.590942 7.749094 122.585449 7.749094 122.585449 7.743651 122.568970 7.743651 122.568970 7.749094 122.563477 7.743651 122.563477 7.738208 122.552490 7.738208 122.546997 7.732765 122.546997 7.727322 122.541504 7.727322 122.541504 7.721878 122.536011 7.716435 122.536011 7.705548 122.530518 7.705548 122.525024 7.700105 122.525024 7.694661 122.514038 7.694661 122.508545 7.689217 122.508545 7.683773 122.503052 7.683773 122.503052 7.678329 122.497559 7.678329 122.497559 7.672885 122.503052 7.672885 122.503052 7.667441 122.497559 7.667441 122.497559 7.661997 122.492065 7.661997 122.492065 7.656553 122.486572 7.656553 122.481079 7.651109 122.481079 7.645665 122.475586 7.640220 122.481079 7.640220 122.481079 7.634776 122.492065 7.634776 122.486572 7.629331 122.481079 7.629331 122.475586 7.634776 122.475586 7.623887 122.470093 7.623887 122.475586 7.618442 122.470093 7.618442 122.470093 7.612998 122.453613 7.612998 122.453613 7.607553 122.448120 7.612998 122.448120 7.602108 122.442627 7.602108 122.442627 7.591218 122.437134 7.591218 122.431641 7.585773 122.431641 7.569437 122.464600 7.569437 122.464600 7.574883 122.470093 7.574883 122.470093 7.580328 122.475586 7.574883 122.481079 7.574883 122.481079 7.569437 122.486572 7.569437 122.486572 7.574883 122.497559 7.574883 122.497559 7.580328 122.508545 7.580328 122.503052 7.574883 122.503052 7.569437 122.497559 7.563992 122.492065 7.563992 122.492065 7.569437 122.486572 7.563992 122.486572 7.558547 122.492065 7.558547 122.492065 7.547656 122.486572 7.547656 122.486572 7.536764 122.481079 7.536764 122.475586 7.531319 122.475586 7.525873 122.470093 7.520427 122.464600 7.520427 122.464600 7.514981 122.459106 7.514981 122.459106 7.504089 122.453613 7.504089 122.453613 7.498643 122.448120 7.498643 122.448120 7.504089 122.442627 7.504089 122.442627 7.509535 122.448120 7.509535 122.448120 7.520427 122.453613 7.520427 122.453613 7.525873 122.459106 7.525873 122.459106 7.536764 122.464600 7.536764 122.464600 7.542210 122.459106 7.542210 122.459106 7.547656 122.453613 7.547656 122.448120 7.542210 122.448120 7.547656 122.437134 7.547656 122.437134 7.536764 122.448120 7.536764 122.448120 7.531319 122.442627 7.531319 122.442627 7.525873 122.431641 7.525873 122.431641 7.520427 122.426147 7.520427 122.426147 7.509535 122.420654 7.509535 122.420654 7.504089 122.415161 7.504089 122.415161 7.498643 122.409668 7.498643 122.409668 7.504089 122.404175 7.504089 122.404175 7.498643 122.398682 7.498643 122.398682 7.493196 122.393188 7.493196 122.393188 7.487750 122.387695 7.487750 122.382202 7.493196 122.382202 7.487750 122.376709 7.487750 122.376709 7.482304 122.371216 7.482304 122.371216 7.476857 122.360229 7.476857 122.360229 7.465964 122.354736 7.465964 122.360229 7.460518 122.354736 7.460518 122.354736 7.455071 122.288818 7.514981 122.272339 7.498643 122.261353 7.504089 122.404175 7.868823 122.579956 7.928675 122.920532 7.923234 122.915039 7.879706 123.107300 7.781751 123.085327 7.694661 123.085327 7.689217 123.079834 7.689217 123.085327 7.683773 123.079834 7.683773 123.085327 7.678329 123.079834 7.678329 123.074341 7.683773 123.068848 7.683773 123.068848 7.678329 123.057861 7.678329 123.063354 7.672885 123.063354 7.661997 123.052368 7.661997 123.052368 7.667441 123.046875 7.667441 123.046875 7.661997 123.041382 7.661997 123.041382 7.656553 123.035889 7.656553 123.035889 7.651109 123.035889 7.645665 123.041382 7.645665 123.046875 7.651109 123.046875 7.656553 123.052368 7.656553 123.052368 7.645665 123.046875 7.645665 123.046875 7.640220 123.052368 7.640220 123.052368 7.634776 123.057861 7.634776 123.057861 7.623887 123.052368 7.623887 123.052368 7.618442 123.046875 7.623887 123.030396 7.623887 123.030396 7.618442 123.024902 7.618442 123.030396 7.612998 123.035889 7.612998 123.035889 7.607553 123.030396 7.607553 123.030396 7.591218 123.035889 7.585773 123.030396 7.580328 123.030396 7.574883 123.035889 7.569437 123.030396 7.563992 123.024902 7.563992 123.024902 7.542210 123.019409 7.542210 123.019409 7.536764 123.013916 7.536764 123.013916 7.525873 123.008423 7.525873 123.008423 7.514981 123.002930 7.514981 123.002930 7.504089 122.997437 7.498643 122.997437 7.493196 123.002930 7.493196 123.002930 7.476857 122.991943 7.476857 122.991943 7.460518 122.986450 7.460518 122.986450 7.465964 122.980957 7.465964 122.980957 7.471411 122.975464 7.471411 122.975464 7.487750 122.964478 7.487750 122.964478 7.476857 122.947998 7.476857 122.953491 7.482304 122.947998 7.482304 122.947998 7.493196 122.942505 7.493196 122.942505 7.498643 122.937012 7.504089 122.931519 7.504089 122.931519 7.514981 122.926025 7.520427 122.931519 7.525873 122.926025 7.525873 122.926025 7.531319 122.920532 7.531319 122.920532 7.536764 122.915039 7.536764 122.915039 7.542210 122.887573 7.542210 122.887573 7.509535 122.882080 7.509535 122.876587 7.504089 122.860107 7.504089 122.860107 7.498643 122.854614 7.493196 122.860107 7.493196 122.865601 7.487750 122.876587 7.487750 122.876587 7.465964 122.871094 7.465964 122.865601 7.460518 122.865601 7.455071 122.854614 7.455071 122.849121 7.449624 122.849121 7.444177 122.843628 7.438731 122.838135 7.438731 122.838135 7.444177 122.821655 7.444177 122.821655 7.438731
R	1	122.755737 7.754537 122.761230 7.759980 122.755737 7.759980 122.755737 7.754537
R	2	122.525024 7.700105 122.525024 7.705548 122.519531 7.705548 122.519531 7.700105 122.525024 7.700105
R	3	123.030396 7.623887 123.024902 7.629331 123.024902 7.623887 123.030396 7.623887
R	4	122.810669 7.727322 122.810669 7.721878 122.816162 7.721878 122.810669 7.727322
R	5	122.810669 7.743651 122.810669 7.738208 122.816162 7.738208 122.810669 7.743651
R	0	122.442627 7.504089 122.442627 7.498643 122.437134 7.498643 122.437134 7.504089 122.442627 7.504089
R	0	122.618408 7.765423 122.623901 7.765423 122.623901 7.759980 122.618408 7.759980 122.618408 7.765423
R	0	122.453613 7.542210 122.453613 7.536764 122.448120 7.542210 122.453613 7.542210
R	0	123.035889 7.651109 123.041382 7.656553 123.041382 7.651109 123.035889 7.651109
R	0	122.821655 7.438731 122.832642 7.438731 122.832642 7.433284 122.838135 7.433284 122.838135 7.427837 122.849121 7.427837 122.849121 7.422389 122.860107 7.411495 122.860107 7.384258 122.865601 7.384258 122.865601 7.378810 122.876587 7.367915 122.876587 7.373362 122.887573 7.373362 122.887573 7.389705 122.882080 7.389705 122.887573 7.395153 122.882080 7.395153 122.882080 7.400600 122.887573 7.400600 122.887573 7.433284 122.893066 7.433284 122.893066 7.438731 122.904053 7.438731 122.904053 7.433284 122.909546 7.433284 122.909546 7.427837 122.931519 7.427837 122.931519 7.422389 122.937012 7.422389 122.937012 7.416942 122.942505 7.416942 122.942505 7.411495 122.947998 7.411495 122.947998 7.406048 122.937012 7.406048 122.937012 7.400600 122.942505 7.400600 122.942505 7.395153 122.953491 7.395153 122.953491 7.389705 122.958984 7.389705 122.958984 7.384258 122.964478 7.378810 122.964478 7.373362 122.969971 7.373362 122.975464 7.367915 122.975464 7.362467 122.964478 7.362467 122.964478 7.367915 122.947998 7.367915 122.947998 7.373362 122.926025 7.373362 122.920532 7.367915 122.920532 7.362467 122.926025 7.362467 122.926025 7.357019 122.937012 7.357019 122.937012 7.351571 122.953491 7.351571 122.953491 7.340675 122.947998 7.340675 122.947998 7.335227 122.937012 7.335227 122.937012 7.340675 122.931519 7.340675 122.931519 7.346123 122.915039 7.346123 122.915039 7.340675 122.904053 7.340675 122.904053 7.324330 122.898560 7.324330 122.898560 7.318882 122.893066 7.318882 122.893066 7.313433 122.887573 7.318882 122.887573 7.313433 122.882080 7.313433 122.882080 7.318882 122.871094 7.318882 122.871094 7.313433 122.854614 7.313433 122.854614 7.307985 122.843628 7.307985 122.843628 7.302536 122.838135 7.302536 122.838135 7.291639 122.832642 7.291639 122.832642 7.286190 122.838135 7.286190 122.838135 7.280741 122.832642 7.275292 122.827148 7.280741 122.821655 7.280741 122.816162 7.286190 122.810669 7.286190 122.810669 7.291639 122.805176 7.291639 122.805176 7.313433 122.799683 7.318882 122.805176 7.318882 122.805176 7.324330 122.799683 7.324330 122.799683 7.329778 122.805176 7.329778 122.805176 7.335227 122.805176 7.340675 122.788696 7.340675 122.788696 7.367915 122.794189 7.367915 122.794189 7.378810 122.799683 7.378810 122.799683 7.389705 122.794189 7.389705 122.794189 7.400600 122.799683 7.400600 122.799683 7.416942 122.805176 7.416942 122.805176 7.427837 122.816162 7.427837 122.816162 7.433284 122.821655 7.433284 122.821655 7.438731
R	1	122.937012 7.400600 122.931519 7.400600 122.931519 7.395153 122.937012 7.395153 122.937012 7.400600
R	2	122.805176 7.335227 122.810669 7.335227 122.810669 7.340675 122.805176 7.335227
P	0909700000	Isabela
R	0	121.964722 6.708254 121.970215 6.713709 121.970215 6.708254 121.964722 6.708254
R	0	121.981201 6.724620 121.975708 6.724620 121.975708 6.713709 121.970215 6.713709 121.964722 6.713709 121.964722 6.708254 121.959229 6.708254 121.959229 6.713709 121.953735 6.719165 121.937256 6.719165 121.942749 6.724620 121.942749 6.735531 121.948242 6.735531 121.948242 6.740986 121.953735 6.740986 121.953735 6.746441 121.970215 6.746441 121.970215 6.751896 121.981201 6.757352 121.981201 6.751896 121.986694 6.751896 121.986694 6.746441 121.992188 6.746441 121.992188 6.740986 121.981201 6.740986 121.981201 6.724620
R	0	121.981201 6.724620 121.986694 6.724620 121.986694 6.730076 121.992188 6.730076 121.992188 6.735531 121.997681 6.735531 121.997681 6.740986 122.008667 6.740986 122.008667 6.746441 122.030640 6.746441 122.030640 6.735531 122.036133 6.730076 122.036133 6.724620 122.030640 6.724620 122.030640 6.719165 122.036133 6.719165 122.036133 6.708254 122.030640 6.713709 122.030640 6.691887 122.036133 6.697343 122.036133 6.691887 122.041626 6.691887 122.041626 6.680975 122.047119 6.680975 122.052612 6.675520 122.052612 6.670064 122.047119 6.664608 122.047119 6.653695 122.036133 6.653695 122.036133 6.642783 122.030640 6.620957 122.030640 6.615501 122.041626 6.566389 121.975708 6.560932 121.970215 6.566389 121.948242 6.560932 121.948242 6.566389 121.937256 6.566389 121.942749 6.599131 121.942749 6.620957 121.937256 6.620957 121.931763 6.615501 121.926270 6.620957 121.926270 6.637327 121.915283 6.637327 121.915283 6.648239 121.920776 6.648239 121.915283 6.670064 121.915283 6.675520 121.920776 6.675520 121.926270 6.670064 121.937256 6.670064 121.937256 6.675520 121.942749 6.675520 121.942749 6.680975 121.937256 6.686431 121.942749 6.686431 121.942749 6.691887 121.948242 6.691887 121.959229 6.702798 121.970215 6.702798 121.970215 6.708254 121.975708 6.708254 121.975708 6.713709 121.981201 6.713709 121.981201 6.724620
P	1001300000	Bukidnon
R	0	125.260620 8.586453 125.260620 8.575590 125.255127 8.575590 125.255127 8.559294 125.249634 8.559294 125.249634 8.553862 125.255127 8.548430 125.255127 8.542998 125.249634 8.542998 125.255127 8.537565 125.249634 8.532133 125.249634 8.488672 125.255127 8.456072 125.266113 8.445205 125.266113 8.439772 125.271606 8.434338 125.277100 8.439772 125.277100 8.434338 125.282593 8.434338 125.282593 8.428904 125.288086 8.423470 125.282593 8.423470 125.282593 8.418036 125.277100 8.418036 125.277100 8.363693 125.271606 8.363693 125.277100 8.358258 125.277100 8.352823 125.332031 8.298470 125.337524 8.282163 125.364990 8.216927 125.364990 8.184305 125.375977 8.184305 125.381470 8.178868 125.386963 8.178868 125.386963 8.173431 125.392456 8.173431 125.392456 8.167993 125.397949 8.167993 125.397949 8.157118 125.403442 8.157118 125.403442 8.151681 125.408936 8.146243 125.408936 8.140805 125.414429 8.140805 125.414429 8.129929 125.419922 8.129929 125.414429 8.124491 125.419922 8.124491 125.419922 8.119053 125.430908 8.119053 125.430908 8.108177 125.436401 8.108177 125.436401 8.102739 125.441895 8.102739 125.436401 8.097300 125.441895 8.097300 125.441895 8.091862 125.436401 8.091862 125.436401 8.086423 125.430908 8.086423 125.425415 8.080985 125.425415 8.086423 125.419922 8.080985 125.414429 8.080985 125.414429 8.075546 125.403442 8.075546 125.403442 8.059230 125.397949 8.059230 125.397949 8.053791 125.392456 8.053791 125.392456 8.042913 125.381470 8.004837 125.425415 7.623887 125.370483 7.623887 125.370483 7.618442 125.326538 7.563992 125.255127 7.509535 125.233154 7.498643 125.227661 7.493196 125.161743 7.509535 125.161743 7.487750 125.156250 7.482304 125.161743 7.482304 125.029907 7.406048 124.996948 7.406048 124.996948 7.400600 124.991455 7.406048 124.974976 7.406048 124.958496 7.411495 124.953003 7.411495 124.947510 7.416942 124.942017 7.416942 124.942017 7.427837 124.936523 7.427837 124.936523 7.433284 124.925537 7.433284 124.920044 7.427837 124.914551 7.427837 124.909058 7.422389 124.903564 7.422389 124.903564 7.416942 124.887085 7.416942 124.887085 7.422389 124.881592 7.422389 124.881592 7.438731 124.876099 7.433284 124.865112 7.433284 124.865112 7.438731 124.854126 7.438731 124.854126 7.444177 124.848633 7.444177 124.848633 7.455071 124.837646 7.455071 124.837646 7.460518 124.843140 7.460518 124.843140 7.476857 124.821167 7.493196 124.804688 7.487750 124.793701 7.487750 124.788208 7.493196 124.793701 7.498643 124.799194 7.498643 124.799194 7.509535 124.804688 7.509535 124.804688 7.514981 124.799194 7.520427 124.810181 7.520427 124.804688 7.525873 124.810181 7.525873 124.810181 7.531319 124.815674 7.536764 124.821167 7.536764 124.826660 7.542210 124.826660 7.558547 124.821167 7.558547 124.821167 7.569437 124.815674 7.569437 124.815674 7.574883 124.821167 7.574883 124.821167 7.580328 124.815674 7.580328 124.821167 7.591218 124.810181 7.591218 124.810181 7.596663 124.793701 7.629331 124.788208 7.634776 124.777222 7.634776 124.777222 7.640220 124.771729 7.640220 124.771729 7.645665 124.766235 7.645665 124.755249 7.656553 124.760742 7.656553 124.760742 7.661997 124.755249 7.661997 124.755249 7.672885 124.760742 7.672885 124.755249 7.678329 124.755249 7.683773 124.744263 7.683773 124.744263 7.700105 124.733276 7.700105 124.733276 7.716435 124.727783 7.716435 124.727783 7.721878 124.733276 7.721878 124.733276 7.727322 124.738770 7.727322 124.738770 7.732765 124.733276 7.732765 124.733276 7.743651 124.727783 7.749094 124.716797 7.749094 124.716797 7.754537 124.711304 7.754537 124.711304 7.770866 124.705811 7.770866 124.705811 7.781751 124.700317 7.781751 124.700317 7.787194 124.689331 7.787194 124.689331 7.792636 124.683838 7.792636 124.683838 7.798079 124.678345 7.803521 124.678345 7.808963 124.672852 7.808963 124.661865 7.830731 124.661865 7.836173 124.645386 7.836173 124.645386 7.841615 124.639893 7.841615 124.634399 7.847057 124.634399 7.852499 124.628906 7.852499 124.628906 7.868823 124.617920 7.868823 124.617920 7.874265 124.623413 7.874265 124.623413 7.890588 124.612427 7.890588 124.612427 7.901471 124.606934 7.896030 124.606934 7.901471 124.595947 7.901471 124.595947 7.906912 124.601440 7.906912 124.601440 7.912353 124.584961 7.944996 124.562988 7.977638 124.562988 7.999397 124.557495 7.999397 124.557495 8.004837 124.562988 8.010276 124.557495 8.010276 124.557495 8.021155 124.546509 8.021155 124.546509 8.042913 124.552002 8.042913 124.546509 8.048352 124.546509 8.070107 124.541016 8.070107 124.541016 8.080985 124.535522 8.080985 124.541016 8.086423 124.535522 8.086423 124.535522 8.091862 124.530029 8.091862 124.530029 8.097300 124.524536 8.102739 124.524536 8.113615 124.519043 8.113615 124.519043 8.119053 124.513550 8.119053 124.513550 8.129929 124.502563 8.129929 124.502563 8.140805 124.497070 8.140805 124.497070 8.146243 124.568481 8.162556 124.617920 8.423470 124.793701 8.423470 124.859619 8.586453 125.172729 8.581021 125.255127 8.581021 125.255127 8.586453 125.260620 8.586453
P	1001800000	Camiguin
R	0	124.711304 9.259358 124.711304 9.253936 124.722290 9.253936 124.733276 9.248514 124.733276 9.243093 124.738770 9.243093 124.738770 9.237671 124.744263 9.237671 124.744263 9.232249 124.749756 9.232249 124.749756 9.226827 124.755249 9.226827 124.755249 9.215982 124.760742 9.215982 124.760742 9.210560 124.766235 9.215982 124.766235 9.210560 124.771729 9.210560 124.777222 9.205138 124.777222 9.199715 124.782715 9.199715 124.782715 9.183447 124.788208 9.183447 124.788208 9.167179 124.793701 9.167179 124.793701 9.150909 124.799194 9.145486 124.793701 9.145486 124.793701 9.134639 124.799194 9.134639 124.799194 9.123792 124.804688 9.123792 124.804688 9.102097 124.799194 9.102097 124.799194 9.107521 124.793701 9.107521 124.793701 9.102097 124.788208 9.102097 124.788208 9.096673 124.782715 9.096673 124.782715 9.085824 124.777222 9.080400 124.760742 9.080400 124.760742 9.085824 124.755249 9.085824 124.755249 9.091249 124.744263 9.102097 124.716797 9.102097 124.711304 9.107521 124.700317 9.107521 124.700317 9.112945 124.683838 9.112945 124.683838 9.118368 124.672852 9.118368 124.672852 9.129216 124.667358 9.129216 124.661865 9.134639 124.656372 9.134639 124.656372 9.140063 124.650879 9.140063 124.650879 9.145486 124.645386 9.145486 124.645386 9.150909 124.639893 9.156333 124.639893 9.161756 124.634399 9.167179 124.634399 9.215982 124.639893 9.221405 124.639893 9.226827 124.645386 9.226827 124.645386 9.237671 124.661865 9.237671 124.661865 9.248514 124.667358 9.248514 124.672852 9.253936 124.694824 9.253936 124.700317 9.259358 124.711304 9.259358
P	1003500000	Lanao del Norte
R	0	124.249878 8.331083 124.458618 8.325648 124.568481 8.162556 124.497070 8.146243 124.497070 8.151681 124.491577 8.151681 124.486084 8.157118 124.486084 8.162556 124.480591 8.162556 124.475098 8.157118 124.475098 8.151681 124.464111 8.140805 124.458618 8.140805 124.458618 8.135367 124.453125 8.129929 124.431152 8.129929 124.425659 8.135367 124.420166 8.135367 124.414673 8.140805 124.409180 8.140805 124.370728 8.157118 124.370728 8.151681 124.365234 8.146243 124.370728 8.146243 124.370728 8.119053 124.332275 8.086423 124.337769 8.086423 124.310303 8.064669 124.288330 8.053791 124.249878 8.053791 124.249878 8.070107 124.211426 8.070107 124.211426 8.048352 124.200439 8.048352 124.200439 8.042913 124.194946 8.021155 124.172974 8.026595 124.107056 8.032034 124.096069 7.988518 124.096069 7.977638 124.101562 7.977638 124.101562 7.966758 123.986206 7.934115 124.002686 7.743651 123.848877 7.732765 123.854370 7.732765 123.854370 7.727322 123.859863 7.727322 123.859863 7.710992 123.854370 7.710992 123.848877 7.705548 123.848877 7.700105 123.832397 7.700105 123.832397 7.694661 123.826904 7.694661 123.821411 7.700105 123.821411 7.694661 123.815918 7.700105 123.810425 7.700105 123.810425 7.705548 123.771973 7.705548 123.771973 7.710992 123.777466 7.710992 123.777466 7.716435 123.771973 7.716435 123.771973 7.721878 123.766479 7.721878 123.766479 7.727322 123.755493 7.738208 123.744507 7.738208 123.744507 7.732765 123.739014 7.732765 123.739014 7.743651 123.733521 7.749094 123.739014 7.749094 123.739014 7.765423 123.733521 7.765423 123.733521 7.776309 123.728027 7.776309 123.728027 7.787194 123.722534 7.787194 123.722534 7.792636 123.711548 7.792636 123.711548 7.798079 123.689575 7.798079 123.689575 7.803521 123.695068 7.803521 123.695068 7.814405 123.673096 7.814405 123.673096 7.819847 123.640137 7.819847 123.640137 7.825289 123.629150 7.825289 123.629150 7.830731 123.623657 7.830731 123.623657 7.847057 123.629150 7.847057 123.629150 7.857940 123.634644 7.857940 123.634644 7.868823 123.667603 7.890588 123.651123 7.890588 123.662109 7.906912 123.662109 7.912353 123.651123 7.928675 123.645630 7.928675 123.651123 7.961317 123.651123 7.955877 123.656616 7.955877 123.656616 7.950437 123.667603 7.950437 123.673096 7.955877 123.678589 7.950437 123.678589 7.961317 123.684082 7.961317 123.684082 7.972198 123.695068 7.972198 123.695068 7.977638 123.711548 7.977638 123.711548 7.983078 123.717041 7.988518 123.722534 7.988518 123.722534 7.993957 123.744507 7.993957 123.744507 7.999397 123.750000 7.999397 123.750000 8.004837 123.755493 8.004837 123.755493 8.015716 123.766479 8.015716 123.766479 8.021155 123.771973 8.021155 123.771973 8.026595 123.777466 8.026595 123.777466 8.037473 123.782959 8.037473 123.782959 8.048352 123.788452 8.048352 123.788452 8.059230 123.799438 8.059230 123.804932 8.064669 123.804932 8.075546 123.815918 8.075546 123.815918 8.080985 123.821411 8.080985 123.826904 8.086423 123.837891 8.086423 123.837891 8.097300 123.843384 8.097300 123.843384 8.108177 123.859863 8.108177 123.859863 8.102739 123.870850 8.102739 123.870850 8.108177 123.876343 8.108177 123.881836 8.113615 123.903809 8.113615 123.903809 8.119053 123.909302 8.119053 123.909302 8.124491 123.914795 8.124491 123.914795 8.135367 123.920288 8.135367 123.920288 8.140805 123.925781 8.140805 123.925781 8.151681 123.936768 8.151681 123.942261 8.157118 123.947754 8.157118 123.947754 8.162556 123.953247 8.162556 123.953247 8.167993 123.958740 8.173431 123.986206 8.173431 123.986206 8.178868 123.991699 8.178868 123.991699 8.184305 124.008179 8.184305 124.008179 8.189742 124.013672 8.189742 124.013672 8.195179 124.030151 8.195179 124.035645 8.200616 124.035645 8.195179 124.063110 8.195179 124.063110 8.189742 124.074097 8.189742 124.074097 8.195179 124.079590 8.195179 124.079590 8.189742 124.085083 8.189742 124.090576 8.195179 124.090576 8.189742 124.096069 8.189742 124.096069 8.195179 124.101562 8.189742 124.129028 8.189742 124.129028 8.184305 124.140015 8.189742 124.140015 8.184305 124.167480 8.184305 124.167480 8.189742 124.178467 8.189742 124.183960 8.195179 124.183960 8.200616 124.189453 8.195179 124.194946 8.200616 124.200439 8.200616 124.200439 8.206053 124.205933 8.211490 124.222412 8.211490 124.227905 8.216927 124.233398 8.216927 124.233398 8.233237 124.238892 8.233237 124.238892 8.244110 124.244385 8.244110 124.244385 8.254983 124.249878 8.260419 124.249878 8.265855 124.255371 8.265855 124.255371 8.271291 124.260864 8.271291 124.260864 8.276727 124.266357 8.276727 124.266357 8.282163 124.260864 8.287599 124.255371 8.287599 124.255371 8.309341 124.249878 8.309341 124.249878 8.320212 124.244385 8.320212 124.244385 8.331083 124.249878 8.331083
P	1004200000	Misamis Occidental
R	0	123.750000 8.597316 123.744507 8.591884 123.744507 8.575590 123.750000 8.575590 123.750000 8.570158 123.755493 8.570158 123.755493 8.564726 123.760986 8.564726 123.760986 8.553862 123.766479 8.553862 123.766479 8.559294 123.771973 8.553862 123.771973 8.548430 123.777466 8.548430 123.777466 8.537565 123.782959 8.537565 123.782959 8.515836 123.777466 8.515836 123.777466 8.510403 123.782959 8.510403 123.782959 8.504970 123.788452 8.510403 123.788452 8.499537 123.793945 8.499537 123.793945 8.494105 123.804932 8.494105 123.804932 8.488672 123.810425 8.488672 123.810425 8.477805 123.815918 8.477805 123.815918 8.456072 123.821411 8.450639 123.821411 8.445205 123.837891 8.428904 123.837891 8.407168 123.832397 8.407168 123.837891 8.401734 123.837891 8.396300 123.843384 8.390865 123.843384 8.358258 123.848877 8.358258 123.848877 8.352823 123.843384 8.352823 123.848877 8.347388 123.848877 8.341953 123.859863 8.331083 123.859863 8.320212 123.854370 8.320212 123.854370 8.314777 123.848877 8.314777 123.848877 8.249546 123.854370 8.249546 123.854370 8.244110 123.859863 8.238674 123.859863 8.233237 123.865356 8.227801 123.865356 8.184305 123.870850 8.178868 123.870850 8.173431 123.865356 8.167993 123.865356 8.157118 123.854370 8.157118 123.854370 8.146243 123.848877 8.146243 123.848877 8.140805 123.832397 8.140805 123.832397 8.135367 123.826904 8.129929 123.821411 8.129929 123.821411 8.124491 123.815918 8.124491 123.815918 8.113615 123.810425 8.113615 123.804932 8.108177 123.804932 8.102739 123.793945 8.102739 123.793945 8.097300 123.788452 8.097300 123.788452 8.091862 123.782959 8.091862 123.782959 8.080985 123.777466 8.075546 123.771973 8.075546 123.771973 8.064669 123.760986 8.064669 123.760986 8.059230 123.755493 8.059230 123.760986 8.053791 123.744507 8.053791 123.744507 8.048352 123.711548 8.048352 123.711548 8.053791 123.700562 8.053791 123.700562 8.048352 123.695068 8.048352 123.695068 8.042913 123.684082 8.042913 123.684082 8.037473 123.667603 8.037473 123.667603 8.032034 123.662109 8.032034 123.662109 8.021155 123.656616 8.021155 123.656616 8.015716 123.651123 8.021155 123.645630 8.015716 123.645630 8.010276 123.634644 8.021155 123.640137 8.032034 123.634644 8.032034 123.612671 8.026595 123.607178 8.032034 123.585205 8.026595 123.568726 8.026595 123.563232 8.021155 123.563232 8.026595 123.557739 8.026595 123.557739 8.271291 123.563232 8.347388 123.557739 8.385431 123.557739 8.526701 123.552246 8.564726 123.552246 8.619041 123.563232 8.619041 123.563232 8.602747 123.557739 8.602747 123.557739 8.591884 123.563232 8.591884 123.563232 8.575590 123.568726 8.570158 123.568726 8.575590 123.574219 8.575590 123.574219 8.591884 123.579712 8.591884 123.579712 8.597316 123.574219 8.597316 123.574219 8.602747 123.579712 8.602747 123.579712 8.613610 123.574219 8.613610 123.579712 8.619041 123.579712 8.624472 123.585205 8.624472 123.585205 8.629903 123.590698 8.635334 123.590698 8.640765 123.601685 8.640765 123.601685 8.657057 123.596191 8.662488 123.590698 8.662488 123.590698 8.657057 123.579712 8.657057 123.579712 8.662488 123.585205 8.662488 123.585205 8.667918 123.618164 8.667918 123.618164 8.662488 123.623657 8.662488 123.623657 8.657057 123.618164 8.657057 123.618164 8.646196 123.634644 8.646196 123.634644 8.635334 123.640137 8.635334 123.640137 8.640765 123.645630 8.640765 123.645630 8.635334 123.656616 8.635334 123.656616 8.640765 123.662109 8.640765 123.662109 8.646196 123.667603 8.646196 123.667603 8.640765 123.689575 8.640765 123.695068 8.635334 123.695068 8.629903 123.700562 8.629903 123.706055 8.624472 123.711548 8.624472 123.711548 8.619041 123.717041 8.619041 123.717041 8.613610 123.722534 8.613610 123.728027 8.608179 123.722534 8.602747 123.733521 8.602747 123.733521 8.608179 123.739014 8.608179 123.739014 8.602747 123.744507 8.602747 123.744507 8.597316 123.750000 8.597316
R	0	123.568726 8.591884 123.563232 8.591884 123.563232 8.597316 123.568726 8.597316 123.568726 8.591884
R	0	123.750000 8.597316 123.750000 8.602747 123.755493 8.602747 123.755493 8.597316 123.750000 8.597316
P	1004300000	Misamis Oriental
R	0	125.222168 8.939340 125.216675 8.933914 125.216675 8.928487 125.222168 8.933914 125.222168 8.923060 125.216675 8.923060 125.216675 8.917634 125.227661 8.917634 125.227661 8.906780 125.233154 8.912207 125.233154 8.906780 125.238647 8.906780 125.233154 8.901353 125.233154 8.895926 125.238647 8.890499 125.238647 8.885072 125.244141 8.890499 125.244141 8.879644 125.249634 8.879644 125.249634 8.874217 125.255127 8.874217 125.255127 8.868790 125.249634 8.868790 125.249634 8.857934 125.255127 8.857934 125.255127 8.852507 125.260620 8.847079 125.260620 8.841651 125.238647 8.716789 125.238647 8.657057 125.227661 8.657057 125.227661 8.646196 125.222168 8.646196 125.222168 8.640765 125.216675 8.635334 125.211182 8.635334 125.205688 8.629903 125.194702 8.624472 125.194702 8.619041 125.189209 8.613610 125.183716 8.613610 125.183716 8.591884 125.178223 8.591884 125.178223 8.586453 125.167236 8.586453 125.172729 8.581021 124.859619 8.586453 124.793701 8.423470 124.617920 8.423470 124.568481 8.162556 124.458618 8.325648 124.249878 8.331083 124.249878 8.336518 124.255371 8.336518 124.255371 8.341953 124.260864 8.347388 124.260864 8.379997 124.271851 8.379997 124.271851 8.385431 124.277344 8.385431 124.277344 8.390865 124.282837 8.390865 124.282837 8.412602 124.288330 8.412602 124.288330 8.450639 124.282837 8.450639 124.282837 8.466939 124.293823 8.466939 124.293823 8.488672 124.299316 8.488672 124.299316 8.494105 124.304810 8.494105 124.304810 8.521268 124.310303 8.521268 124.310303 8.537565 124.315796 8.537565 124.315796 8.542998 124.321289 8.542998 124.321289 8.548430 124.337769 8.548430 124.337769 8.553862 124.343262 8.553862 124.343262 8.559294 124.348755 8.559294 124.348755 8.564726 124.359741 8.564726 124.359741 8.570158 124.365234 8.570158 124.365234 8.575590 124.370728 8.581021 124.370728 8.586453 124.381714 8.586453 124.381714 8.591884 124.392700 8.591884 124.392700 8.597316 124.409180 8.597316 124.409180 8.602747 124.414673 8.602747 124.420166 8.608179 124.425659 8.608179 124.425659 8.613610 124.431152 8.613610 124.431152 8.619041 124.447632 8.619041 124.447632 8.624472 124.464111 8.624472 124.469604 8.619041 124.480591 8.619041 124.480591 8.613610 124.475098 8.613610 124.475098 8.602747 124.469604 8.602747 124.469604 8.591884 124.475098 8.591884 124.480591 8.586453 124.491577 8.586453 124.502563 8.581021 124.502563 8.575590 124.508057 8.575590 124.513550 8.570158 124.519043 8.570158 124.519043 8.564726 124.524536 8.564726 124.524536 8.559294 124.535522 8.559294 124.535522 8.548430 124.541016 8.548430 124.541016 8.542998 124.546509 8.542998 124.552002 8.537565 124.573975 8.537565 124.573975 8.526701 124.568481 8.526701 124.573975 8.521268 124.579468 8.521268 124.579468 8.515836 124.595947 8.515836 124.601440 8.521268 124.623413 8.521268 124.623413 8.515836 124.639893 8.515836 124.639893 8.510403 124.656372 8.510403 124.656372 8.504970 124.661865 8.504970 124.667358 8.499537 124.661865 8.499537 124.661865 8.488672 124.667358 8.483239 124.672852 8.483239 124.672852 8.477805 124.694824 8.477805 124.694824 8.472372 124.705811 8.472372 124.705811 8.477805 124.722290 8.477805 124.722290 8.483239 124.727783 8.483239 124.733276 8.488672 124.738770 8.488672 124.744263 8.494105 124.744263 8.499537 124.749756 8.499537 124.749756 8.510403 124.755249 8.510403 124.755249 8.515836 124.749756 8.515836 124.749756 8.521268 124.744263 8.526701 124.744263 8.532133 124.738770 8.532133 124.738770 8.548430 124.744263 8.553862 124.749756 8.553862 124.744263 8.559294 124.744263 8.564726 124.749756 8.570158 124.755249 8.570158 124.755249 8.575590 124.760742 8.575590 124.766235 8.581021 124.766235 8.586453 124.771729 8.586453 124.771729 8.597316 124.766235 8.597316 124.766235 8.602747 124.760742 8.602747 124.760742 8.646196 124.749756 8.646196 124.749756 8.640765 124.744263 8.646196 124.744263 8.657057 124.738770 8.662488 124.738770 8.695069 124.744263 8.695069 124.744263 8.705929 124.749756 8.705929 124.749756 8.711359 124.755249 8.711359 124.755249 8.716789 124.766235 8.716789 124.771729 8.711359 124.777222 8.716789 124.777222 8.738507 124.771729 8.743936 124.771729 8.749366 124.766235 8.749366 124.766235 8.781940 124.771729 8.781940 124.771729 8.787368 124.777222 8.792797 124.777222 8.798225 124.782715 8.798225 124.782715 8.803654 124.788208 8.809082 124.788208 8.852507 124.782715 8.852507 124.782715 8.857934 124.788208 8.863362 124.788208 8.901353 124.782715 8.901353 124.782715 8.923060 124.777222 8.923060 124.777222 8.939340 124.771729 8.939340 124.771729 8.966471 124.777222 8.966471 124.777222 8.977323 124.788208 8.977323 124.788208 8.982749 124.793701 8.982749 124.793701 8.988175 124.799194 8.988175 124.799194 8.999026 124.810181 8.999026 124.815674 9.004452 124.865112 9.004452 124.865112 9.009877 124.870605 9.009877 124.870605 9.015302 124.881592 9.015302 124.881592 9.009877 124.876099 9.009877 124.876099 9.004452 124.881592 9.004452 124.881592 8.999026 124.887085 8.999026 124.887085 8.993600 124.903564 8.993600 124.903564 8.982749 124.914551 8.982749 124.925537 8.971897 124.942017 8.971897 124.942017 8.966471 124.947510 8.966471 124.947510 8.961045 124.953003 8.961045 124.953003 8.955619 124.969482 8.955619 124.969482 8.950193 124.974976 8.950193 124.974976 8.944767 124.980469 8.944767 124.980469 8.939340 124.985962 8.939340 124.985962 8.933914 124.991455 8.928487 125.007935 8.928487 125.007935 8.923060 125.018921 8.923060 125.024414 8.917634 125.024414 8.901353 125.029907 8.895926 125.035400 8.895926 125.035400 8.890499 125.040894 8.885072 125.040894 8.874217 125.051880 8.874217 125.057373 8.868790 125.057373 8.863362 125.062866 8.863362 125.062866 8.857934 125.068359 8.857934 125.068359 8.836223 125.073853 8.830795 125.079346 8.830795 125.084839 8.825367 125.090332 8.825367 125.090332 8.830795 125.112305 8.830795 125.112305 8.836223 125.123291 8.836223 125.134277 8.841651 125.145264 8.841651 125.145264 8.847079 125.150757 8.847079 125.150757 8.852507 125.161743 8.852507 125.161743 8.847079 125.167236 8.847079 125.167236 8.879644 125.172729 8.879644 125.172729 8.885072 125.183716 8.890499 125.183716 8.923060 125.189209 8.928487 125.183716 8.933914 125.189209 8.933914 125.183716 8.939340 125.183716 8.950193 125.189209 8.950193 125.189209 8.955619 125.183716 8.955619 125.183716 8.971897 125.178223 8.971897 125.178223 8.993600 125.172729 8.993600 125.172729 9.015302 125.178223 9.015302 125.178223 9.020728 125.183716 9.020728 125.183716 9.074976 125.189209 9.080400 125.189209 9.085824 125.200195 9.085824 125.200195 9.091249 125.205688 9.091249 125.222168 8.982749 125.216675 8.982749 125.222168 8.977323 125.222168 8.971897 125.233154 8.971897 125.227661 8.966471 125.227661 8.961045 125.222168 8.961045 125.222168 8.955619 125.227661 8.955619 125.227661 8.950193 125.233154 8.950193 125.233154 8.944767 125.222168 8.944767 125.222168 8.939340
R	0	125.222168 8.939340 125.227661 8.939340 125.227661 8.933914 125.222168 8.933914 125.222168 8.939340
P	1102300000	Davao del Norte
R	0	125.716553 7.199001 125.716553 7.193551 125.722046 7.193551 125.722046 7.188101 125.727539 7.182651 125.727539 7.171751 125.733032 7.171751 125.733032 7.166300 125.738525 7.166300 125.738525 7.171751 125.744019 7.171751 125.744019 7.166300 125.760498 7.166300 125.760498 7.160850 125.765991 7.160850 125.765991 7.155400 125.771484 7.149949 125.776978 7.149949 125.782471 7.144499 125.782471 7.139048 125.787964 7.133598 125.787964 7.128147 125.793457 7.128147 125.793457 7.122696 125.798950 7.117245 125.798950 7.111795 125.793457 7.111795 125.793457 7.095442 125.787964 7.095442 125.787964 7.089990 125.782471 7.089990 125.782471 7.051831 125.776978 7.051831 125.776978 7.013668 125.782471 7.013668 125.782471 6.997311 125.787964 6.997311 125.787964 6.948239 125.793457 6.948239 125.793457 6.937333 125.787964 6.937333 125.787964 6.926427 125.782471 6.926427 125.782471 6.920974 125.776978 6.920974 125.776978 6.910067 125.771484 6.910067 125.771484 6.899161 125.765991 6.893707 125.760498 6.893707 125.760498 6.899161 125.749512 6.899161 125.749512 6.920974 125.744019 6.926427 125.744019 6.931880 125.738525 6.931880 125.738525 6.937333 125.733032 6.937333 125.733032 6.948239 125.727539 6.948239 125.727539 6.959144 125.722046 6.964597 125.722046 6.975502 125.727539 6.975502 125.727539 7.008216 125.722046 7.008216 125.727539 7.013668 125.722046 7.013668 125.722046 7.019120 125.716553 7.019120 125.722046 7.024572 125.722046 7.030024 125.716553 7.030024 125.716553 7.035476 125.722046 7.035476 125.722046 7.046379 125.716553 7.051831 125.716553 7.062734 125.711060 7.062734 125.711060 7.073637 125.705566 7.073637 125.700073 7.079088 125.694580 7.079088 125.694580 7.073637 125.689087 7.073637 125.689087 7.062734 125.678101 7.062734 125.678101 7.068185 125.672607 7.068185 125.672607 7.079088 125.667114 7.079088 125.667114 7.089990 125.661621 7.095442 125.661621 7.106344 125.667114 7.111795 125.667114 7.117245 125.672607 7.117245 125.672607 7.122696 125.678101 7.122696 125.678101 7.128147 125.683594 7.128147 125.683594 7.133598 125.689087 7.139048 125.689087 7.171751 125.694580 7.171751 125.694580 7.193551 125.700073 7.193551 125.700073 7.199001 125.716553 7.199001
R	0	125.689087 6.964597 125.689087 6.959144 125.705566 6.959144 125.705566 6.953691 125.711060 6.953691 125.711060 6.942786 125.716553 6.942786 125.716553 6.937333 125.722046 6.937333 125.722046 6.910067 125.716553 6.904614 125.716553 6.899161 125.700073 6.899161 125.700073 6.904614 125.689087 6.904614 125.689087 6.910067 125.683594 6.910067 125.683594 6.926427 125.678101 6.931880 125.678101 6.937333 125.672607 6.937333 125.672607 6.942786 125.667114 6.942786 125.667114 6.948239 125.672607 6.948239 125.672607 6.953691 125.678101 6.959144 125.683594 6.959144 125.683594 6.964597 125.689087 6.964597
R	0	125.381470 8.004837 125.661621 7.999397 125.782471 7.678329 125.936279 7.743651 125.837402 7.362467 125.831909 7.362467 125.826416 7.367915 125.820923 7.367915 125.820923 7.362467 125.815430 7.362467 125.815430 7.367915 125.809937 7.367915 125.809937 7.362467 125.804443 7.357019 125.798950 7.357019 125.798950 7.351571 125.793457 7.351571 125.787964 7.346123 125.782471 7.346123 125.782471 7.340675 125.771484 7.340675 125.771484 7.335227 125.755005 7.335227 125.755005 7.329778 125.749512 7.329778 125.749512 7.324330 125.738525 7.324330 125.738525 7.313433 125.733032 7.313433 125.733032 7.307985 125.722046 7.307985 125.722046 7.302536 125.716553 7.302536 125.716553 7.297088 125.711060 7.297088 125.716553 7.291639 125.694580 7.291639 125.694580 7.286190 125.689087 7.286190 125.689087 7.280741 125.683594 7.275292 125.683594 7.264394 125.678101 7.264394 125.601196 7.220800 125.546265 7.563992 125.326538 7.563992 125.370483 7.618442 125.370483 7.623887 125.425415 7.623887 125.381470 8.004837
P	1102400000	Davao del Sur
R	0	125.546265 7.563992 125.601196 7.220800 125.678101 7.264394 125.683594 7.264394 125.683594 7.258945 125.678101 7.258945 125.678101 7.253496 125.661621 7.253496 125.656128 7.248047 125.650635 7.248047 125.650635 7.242598 125.645142 7.237148 125.650635 7.237148 125.650635 7.226249 125.645142 7.226249 125.645142 7.215350 125.650635 7.215350 125.645142 7.209900 125.650635 7.209900 125.650635 7.182651 125.656128 7.182651 125.656128 7.166300 125.661621 7.160850 125.661621 7.117245 125.656128 7.117245 125.656128 7.111795 125.650635 7.106344 125.650635 7.095442 125.639648 7.095442 125.639648 7.089990 125.634155 7.089990 125.634155 7.084539 125.628662 7.084539 125.628662 7.073637 125.612183 7.057282 125.612183 7.046379 125.595703 7.046379 125.595703 7.040927 125.579224 7.040927 125.579224 7.035476 125.573730 7.035476 125.573730 7.040927 125.568237 7.040927 125.568237 7.046379 125.546265 7.046379 125.546265 7.040927 125.535278 7.040927 125.535278 7.035476 125.529785 7.030024 125.524292 7.030024 125.524292 7.024572 125.518799 7.024572 125.518799 7.019120 125.513306 7.019120 125.513306 7.013668 125.507812 7.008216 125.507812 7.002764 125.485840 6.980954 125.485840 6.942786 125.491333 6.942786 125.491333 6.920974 125.485840 6.915521 125.485840 6.910067 125.474854 6.910067 125.474854 6.904614 125.469360 6.904614 125.469360 6.899161 125.458374 6.899161 125.458374 6.893707 125.452881 6.893707 125.458374 6.888254 125.458374 6.877347 125.452881 6.877347 125.452881 6.871893 125.447388 6.871893 125.447388 6.866439 125.436401 6.866439 125.436401 6.860985 125.430908 6.860985 125.425415 6.855532 125.425415 6.850078 125.419922 6.850078 125.419922 6.833716 125.414429 6.833716 125.414429 6.828261 125.408936 6.828261 125.408936 6.822807 125.403442 6.822807 125.403442 6.817353 125.397949 6.817353 125.397949 6.811898 125.392456 6.806444 125.381470 6.806444 125.381470 6.800990 125.386963 6.800990 125.386963 6.795535 125.392456 6.795535 125.392456 6.779171 125.386963 6.779171 125.381470 6.773716 125.386963 6.773716 125.386963 6.757352 125.392456 6.757352 125.392456 6.751896 125.386963 6.751896 125.386963 6.740986 125.370483 6.724620 125.375977 6.719165 125.375977 6.697343 125.381470 6.697343 125.381470 6.642783 125.386963 6.642783 125.386963 6.631870 125.381470 6.631870 125.381470 6.610044 125.386963 6.610044 125.386963 6.604587 125.403442 6.604587 125.403442 6.599131 125.414429 6.599131 125.414429 6.588217 125.425415 6.588217 125.425415 6.582760 125.436401 6.582760 125.436401 6.577303 125.441895 6.577303 125.403442 6.479067 125.364990 6.528188 125.364990 6.533645 125.348511 6.539103 125.337524 6.539103 125.337524 6.533645 125.343018 6.517272 125.343018 6.495441 125.337524 6.495441 125.277100 6.451776 125.277100 6.446318 125.271606 6.446318 125.134277 6.429942 125.112305 6.435401 125.106812 6.451776 125.101318 6.479067 125.112305 6.544560 125.106812 6.555475 125.090332 6.566389 125.073853 6.599131 125.073853 6.762806 125.051880 6.768261 125.051880 6.790080 125.084839 6.795535 125.079346 6.795535 125.079346 6.800990 125.156250 6.860985 125.161743 6.860985 125.161743 6.866439 125.156250 6.866439 125.156250 6.871893 125.161743 6.871893 125.161743 6.877347 125.167236 6.882800 125.178223 6.882800 125.178223 6.888254 125.183716 6.888254 125.194702 6.899161 125.200195 6.899161 125.200195 6.910067 125.293579 7.035476 125.244141 7.313433 125.238647 7.313433 125.238647 7.329778 125.227661 7.346123 125.227661 7.351571 125.271606 7.378810 125.266113 7.378810 125.266113 7.384258 125.260620 7.384258 125.227661 7.465964 125.222168 7.471411 125.227661 7.493196 125.233154 7.498643 125.255127 7.509535 125.326538 7.563992 125.546265 7.563992
P	1102500000	Davao Oriental
R	0	126.562500 7.716435 126.562500 7.710992 126.557007 7.710992 126.557007 7.700105 126.551514 7.700105 126.551514 7.689217 126.557007 7.683773 126.551514 7.683773 126.551514 7.672885 126.557007 7.672885 126.557007 7.645665 126.551514 7.640220 126.551514 7.634776 126.557007 7.629331 126.557007 7.623887 126.562500 7.623887 126.562500 7.618442 126.573486 7.618442 126.578979 7.612998 126.578979 7.602108 126.573486 7.602108 126.573486 7.607553 126.562500 7.607553 126.562500 7.591218 126.557007 7.591218 126.557007 7.580328 126.567993 7.569437 126.573486 7.574883 126.578979 7.574883 126.578979 7.563992 126.573486 7.563992 126.578979 7.558547 126.578979 7.553101 126.584473 7.553101 126.584473 7.536764 126.589966 7.531319 126.589966 7.525873 126.595459 7.525873 126.595459 7.509535 126.600952 7.509535 126.600952 7.482304 126.595459 7.482304 126.595459 7.476857 126.600952 7.471411 126.595459 7.471411 126.595459 7.449624 126.589966 7.449624 126.578979 7.444177 126.573486 7.449624 126.557007 7.449624 126.557007 7.444177 126.551514 7.438731 126.551514 7.427837 126.546021 7.427837 126.546021 7.411495 126.551514 7.411495 126.551514 7.400600 126.578979 7.400600 126.578979 7.389705 126.562500 7.389705 126.562500 7.378810 126.557007 7.378810 126.557007 7.351571 126.551514 7.351571 126.557007 7.346123 126.562500 7.346123 126.562500 7.340675 126.567993 7.340675 126.567993 7.324330 126.557007 7.324330 126.557007 7.318882 126.551514 7.318882 126.551514 7.302536 126.557007 7.302536 126.557007 7.297088 126.562500 7.297088 126.562500 7.291639 126.567993 7.286190 126.573486 7.286190 126.573486 7.291639 126.578979 7.291639 126.578979 7.286190 126.584473 7.286190 126.584473 7.291639 126.595459 7.291639 126.595459 7.297088 126.600952 7.297088 126.600952 7.291639 126.606445 7.291639 126.606445 7.286190 126.600952 7.286190 126.600952 7.269843 126.595459 7.269843 126.595459 7.264394 126.589966 7.264394 126.589966 7.253496 126.584473 7.253496 126.584473 7.248047 126.578979 7.248047 126.578979 7.242598 126.573486 7.242598 126.573486 7.237148 126.567993 7.237148 126.567993 7.226249 126.573486 7.226249 126.573486 7.220800 126.567993 7.220800 126.567993 7.215350 126.562500 7.215350 126.562500 7.204451 126.557007 7.204451 126.551514 7.209900 126.535034 7.209900 126.535034 7.182651 126.529541 7.182651 126.524048 7.177201 126.524048 7.160850 126.529541 7.155400 126.529541 7.144499 126.518555 7.144499 126.513062 7.139048 126.513062 7.128147 126.518555 7.128147 126.518555 7.122696 126.502075 7.122696 126.502075 7.111795 126.496582 7.117245 126.485596 7.117245 126.485596 7.111795 126.480103 7.111795 126.480103 7.089990 126.469116 7.089990 126.469116 7.068185 126.474609 7.068185 126.474609 7.062734 126.452637 7.062734 126.452637 7.030024 126.447144 7.030024 126.447144 7.008216 126.458130 7.008216 126.458130 6.997311 126.447144 6.997311 126.441650 7.002764 126.436157 7.002764 126.436157 6.997311 126.430664 7.002764 126.408691 7.002764 126.408691 6.997311 126.403198 6.997311 126.403198 6.991859 126.364746 6.991859 126.364746 6.997311 126.359253 6.997311 126.359253 7.002764 126.348267 7.002764 126.348267 7.008216 126.337280 7.008216 126.331787 7.002764 126.331787 6.997311 126.326294 6.997311 126.326294 6.986407 126.320801 6.986407 126.320801 6.980954 126.315308 6.975502 126.315308 6.970049 126.309814 6.964597 126.309814 6.937333 126.304321 6.937333 126.298828 6.931880 126.282349 6.931880 126.282349 6.915521 126.287842 6.915521 126.287842 6.904614 126.293335 6.904614 126.293335 6.899161 126.298828 6.899161 126.298828 6.893707 126.304321 6.893707 126.304321 6.888254 126.309814 6.888254 126.315308 6.882800 126.320801 6.882800 126.337280 6.866439 126.337280 6.860985 126.342773 6.860985 126.342773 6.855532 126.348267 6.855532 126.348267 6.828261 126.342773 6.822807 126.348267 6.822807 126.348267 6.800990 126.309814 6.800990 126.309814 6.806444 126.298828 6.806444 126.298828 6.817353 126.293335 6.822807 126.287842 6.822807 126.287842 6.839170 126.282349 6.839170 126.282349 6.844624 126.293335 6.844624 126.293335 6.850078 126.298828 6.850078 126.298828 6.866439 126.293335 6.866439 126.293335 6.871893 126.287842 6.871893 126.287842 6.877347 126.282349 6.877347 126.282349 6.882800 126.276855 6.882800 126.276855 6.893707 126.271362 6.893707 126.271362 6.915521 126.265869 6.915521 126.265869 6.920974 126.271362 6.926427 126.260376 6.926427 126.254883 6.926427 126.249390 6.926427 126.249390 6.931880 126.243896 6.931880 126.243896 6.937333 126.227417 6.937333 126.227417 6.942786 126.221924 6.942786 126.221924 6.948239 126.216431 6.948239 126.216431 6.953691 126.194458 6.953691 126.194458 6.948239 126.188965 6.948239 126.188965 6.937333 126.183472 6.937333 126.183472 6.931880 126.188965 6.931880 126.188965 6.920974 126.183472 6.915521 126.183472 6.910067 126.177979 6.910067 126.177979 6.893707 126.188965 6.893707 126.188965 6.882800 126.183472 6.877347 126.177979 6.877347 126.177979 6.888254 126.172485 6.888254 126.172485 6.899161 126.166992 6.899161 126.166992 6.904614 126.161499 6.904614 126.161499 6.910067 126.156006 6.910067 126.156006 6.899161 126.161499 6.899161 126.156006 6.893707 126.166992 6.882800 126.172485 6.882800 126.172485 6.871893 126.177979 6.871893 126.177979 6.860985 126.183472 6.860985 126.183472 6.850078 126.188965 6.850078 126.188965 6.839170 126.194458 6.833716 126.205444 6.833716 126.205444 6.817353 126.210938 6.817353 126.210938 6.811898 126.216431 6.811898 126.221924 6.806444 126.221924 6.800990 126.227417 6.800990 126.227417 6.795535 126.232910 6.795535 126.232910 6.790080 126.238403 6.784626 126.238403 6.779171 126.243896 6.779171 126.243896 6.773716 126.260376 6.757352 126.260376 6.746441 126.254883 6.746441 126.254883 6.730076 126.249390 6.730076 126.249390 6.724620 126.243896 6.724620 126.243896 6.719165 126.249390 6.719165 126.249390 6.702798 126.243896 6.702798 126.243896 6.697343 126.238403 6.697343 126.243896 6.691887 126.243896 6.686431 126.238403 6.686431 126.238403 6.675520 126.232910 6.675520 126.227417 6.670064 126.232910 6.664608 126.232910 6.659151 126.227417 6.659151 126.227417 6.648239 126.221924 6.648239 126.221924 6.620957 126.227417 6.620957 126.227417 6.610044 126.221924 6.610044 126.221924 6.588217 126.227417 6.588217 126.227417 6.522730 126.221924 6.522730 126.221924 6.517272 126.210938 6.517272 126.210938 6.500899 126.216431 6.500899 126.216431 6.495441 126.210938 6.495441 126.210938 6.484525 126.216431 6.479067 126.210938 6.479067 126.210938 6.473609 126.216431 6.473609 126.216431 6.451776 126.221924 6.451776 126.221924 6.440859 126.227417 6.435401 126.221924 6.435401 126.221924 6.424484 126.210938 6.424484 126.210938 6.413566 126.205444 6.408107 126.205444 6.402648 126.199951 6.397189 126.199951 6.337137 126.205444 6.331678 126.205444 6.287999 126.199951 6.287999 126.199951 6.282539 126.194458 6.282539 126.194458 6.271618 126.188965 6.271618 126.188965 6.298919 126.194458 6.304379 126.188965 6.304379 126.188965 6.320758 126.194458 6.320758 126.188965 6.326218 126.188965 6.337137 126.183472 6.337137 126.183472 6.342597 126.172485 6.353516 126.172485 6.358975 126.166992 6.358975 126.166992 6.369894 126.161499 6.375353 126.161499 6.369894 126.156006 6.369894 126.150513 6.375353 126.145020 6.375353 126.145020 6.380812 126.139526 6.380812 126.139526 6.386271 126.134033 6.386271 126.145020 6.391730 126.145020 6.408107 126.150513 6.408107 126.150513 6.424484 126.145020 6.424484 126.145020 6.429942 126.139526 6.429942 126.139526 6.435401 126.134033 6.440859 126.128540 6.440859 126.128540 6.446318 126.123047 6.446318 126.123047 6.451776 126.117554 6.451776 126.117554 6.468151 126.112061 6.468151 126.112061 6.473609 126.106567 6.473609 126.106567 6.479067 126.101074 6.484525 126.101074 6.495441 126.095581 6.495441 126.095581 6.506357 126.090088 6.506357 126.090088 6.522730 126.084595 6.528188 126.084595 6.550017 126.090088 6.550017 126.090088 6.566389 126.084595 6.571846 126.090088 6.577303 126.090088 6.599131 126.084595 6.599131 126.084595 6.610044 126.079102 6.610044 126.079102 6.626414 126.073608 6.631870 126.073608 6.642783 126.068115 6.642783 126.068115 6.664608 126.073608 6.664608 126.073608 6.670064 126.079102 6.670064 126.079102 6.675520 126.090088 6.675520 126.090088 6.680975 126.095581 6.686431 126.084595 6.697343 126.084595 6.708254 126.090088 6.713709 126.090088 6.730076 126.095581 6.730076 126.095581 6.740986 126.084595 6.751896 126.079102 6.751896 126.079102 6.757352 126.073608 6.762806 126.073608 6.773716 126.079102 6.773716 126.079102 6.784626 126.084595 6.784626 126.084595 6.822807 126.073608 6.822807 126.073608 6.828261 126.079102 6.828261 126.079102 6.850078 126.073608 6.850078 126.073608 6.860985 126.062622 6.860985 126.062622 6.866439 126.040649 6.866439 126.035156 6.871893 126.029663 6.871893 126.024170 6.877347 126.018677 6.877347 126.018677 6.882800 126.013184 6.882800 126.013184 6.888254 126.007690 6.888254 126.007690 6.893707 126.002197 6.893707 126.002197 6.899161 125.996704 6.899161 125.996704 6.904614 125.991211 6.904614 125.991211 6.910067 125.985718 6.910067 125.985718 6.920974 125.980225 6.920974 125.980225 6.926427 125.974731 6.926427 125.980225 6.931880 125.980225 6.942786 125.974731 6.942786 125.974731 6.970049 125.980225 6.970049 125.980225 6.980954 125.985718 6.986407 125.985718 6.997311 125.991211 7.002764 125.985718 7.002764 125.985718 7.008216 125.991211 7.008216 125.991211 7.013668 125.985718 7.013668 125.985718 7.019120 125.980225 7.019120 125.980225 7.030024 125.974731 7.035476 125.969238 7.035476 125.969238 7.040927 125.963745 7.040927 125.963745 7.046379 125.947266 7.046379 125.947266 7.057282 125.952759 7.057282 125.952759 7.062734 125.958252 7.062734 125.958252 7.068185 125.952759 7.068185 125.947266 7.073637 125.941772 7.073637 126.298828 7.193551 126.304321 7.607553 126.156006 7.988518 126.161499 7.983078 126.194458 7.983078 126.194458 7.977638 126.205444 7.988518 126.205444 7.993957 126.216431 7.988518 126.216431 7.993957 126.221924 7.993957 126.227417 7.999397 126.353760 7.999397 126.370239 7.917793 126.364746 7.917793 126.364746 7.912353 126.359253 7.912353 126.359253 7.896030 126.364746 7.896030 126.364746 7.890588 126.359253 7.885147 126.359253 7.879706 126.364746 7.879706 126.364746 7.874265 126.375732 7.874265 126.375732 7.868823 126.381226 7.868823 126.381226 7.857940 126.375732 7.857940 126.375732 7.841615 126.381226 7.841615 126.381226 7.830731 126.403198 7.830731 126.403198 7.825289 126.419678 7.825289 126.419678 7.814405 126.425171 7.814405 126.425171 7.808963 126.447144 7.808963 126.447144 7.803521 126.452637 7.803521 126.452637 7.792636 126.458130 7.787194 126.463623 7.787194 126.463623 7.776309 126.469116 7.776309 126.469116 7.770866 126.474609 7.770866 126.474609 7.765423 126.485596 7.754537 126.485596 7.749094 126.491089 7.749094 126.491089 7.743651 126.502075 7.738208 126.518555 7.738208 126.518555 7.732765 126.524048 7.732765 126.524048 7.738208 126.540527 7.738208 126.540527 7.732765 126.546021 7.732765 126.546021 7.727322 126.557007 7.727322 126.557007 7.716435 126.562500 7.716435
R	0	126.271362 6.784626 126.265869 6.784626 126.260376 6.790080 126.260376 6.795535 126.265869 6.795535 126.271362 6.790080 126.271362 6.784626
R	0	126.562500 7.716435 126.562500 7.721878 126.567993 7.721878 126.567993 7.710992 126.562500 7.716435
R	0	126.260376 6.915521 126.254883 6.915521 126.254883 6.920974 126.260376 6.920974 126.260376 6.915521
R	0	126.562500 7.727322 126.557007 7.727322 126.557007 7.732765 126.562500 7.732765 126.562500 7.727322
R	0	126.271362 6.784626 126.276855 6.784626 126.276855 6.779171 126.271362 6.779171 126.271362 6.784626
R	0	126.260376 6.915521 126.265869 6.915521 126.265869 6.910067 126.260376 6.910067 126.260376 6.915521
R	0	126.265869 6.920974 126.260376 6.920974 126.260376 6.926427 126.265869 6.920974
P	1108200000	Davao de Oro
R	0	125.963745 7.999397 126.040649 7.928675 126.068115 7.955877 126.068115 7.961317 126.084595 7.961317 126.084595 7.966758 126.090088 7.966758 126.112061 7.983078 126.123047 7.983078 126.150513 7.993957 126.150513 7.988518 126.156006 7.988518 126.304321 7.607553 126.298828 7.193551 125.941772 7.073637 125.941772 7.079088 125.936279 7.079088 125.936279 7.084539 125.930786 7.084539 125.930786 7.089990 125.914307 7.089990 125.914307 7.095442 125.908813 7.089990 125.908813 7.095442 125.903320 7.095442 125.903320 7.100893 125.897827 7.106344 125.897827 7.111795 125.892334 7.117245 125.886841 7.117245 125.886841 7.122696 125.881348 7.128147 125.886841 7.128147 125.886841 7.149949 125.892334 7.149949 125.886841 7.155400 125.892334 7.155400 125.892334 7.171751 125.886841 7.171751 125.881348 7.177201 125.875854 7.177201 125.875854 7.188101 125.870361 7.188101 125.870361 7.209900 125.864868 7.209900 125.864868 7.220800 125.859375 7.226249 125.853882 7.226249 125.853882 7.231699 125.848389 7.231699 125.848389 7.237148 125.842896 7.242598 125.842896 7.248047 125.837402 7.248047 125.837402 7.269843 125.842896 7.269843 125.837402 7.275292 125.837402 7.280741 125.842896 7.280741 125.842896 7.291639 125.848389 7.291639 125.848389 7.335227 125.853882 7.335227 125.853882 7.362467 125.837402 7.362467 125.936279 7.743651 125.782471 7.678329 125.661621 7.999397 125.903320 7.928675 125.930786 7.999397 125.963745 7.999397
P	1108600000	Davao Occidental
R	0	125.321045 5.572250 125.326538 5.577717 125.326538 5.599585 125.332031 5.599585 125.370483 5.632386 125.392456 5.648786 125.397949 5.681584 125.419922 5.714380 125.469360 5.818222 125.474854 5.818222 125.474854 5.823687 125.480347 5.829151 125.480347 5.851010 125.485840 5.856475 125.485840 5.905653 125.518799 6.031311 125.529785 6.053161 125.403442 6.479067 125.441895 6.577303 125.447388 6.577303 125.447388 6.582760 125.441895 6.588217 125.447388 6.588217 125.447388 6.599131 125.441895 6.599131 125.441895 6.604587 125.436401 6.604587 125.436401 6.610044 125.425415 6.610044 125.425415 6.626414 125.419922 6.626414 125.419922 6.631870 125.430908 6.631870 125.430908 6.626414 125.436401 6.620957 125.441895 6.620957 125.441895 6.610044 125.447388 6.610044 125.452881 6.604587 125.452881 6.610044 125.458374 6.610044 125.458374 6.599131 125.469360 6.593674 125.480347 6.593674 125.480347 6.599131 125.485840 6.599131 125.485840 6.588217 125.480347 6.588217 125.480347 6.571846 125.485840 6.571846 125.485840 6.566389 125.496826 6.566389 125.496826 6.560932 125.502319 6.560932 125.502319 6.555475 125.518799 6.555475 125.513306 6.550017 125.513306 6.539103 125.518799 6.539103 125.518799 6.522730 125.524292 6.517272 125.529785 6.517272 125.535278 6.522730 125.535278 6.528188 125.551758 6.528188 125.551758 6.533645 125.562744 6.533645 125.562744 6.528188 125.568237 6.528188 125.568237 6.517272 125.579224 6.517272 125.573730 6.511815 125.568237 6.511815 125.568237 6.506357 125.562744 6.506357 125.562744 6.500899 125.568237 6.500899 125.573730 6.495441 125.579224 6.495441 125.579224 6.489983 125.590210 6.489983 125.590210 6.484525 125.584717 6.479067 125.584717 6.435401 125.595703 6.435401 125.601196 6.429942 125.601196 6.424484 125.606689 6.424484 125.606689 6.419025 125.612183 6.419025 125.617676 6.413566 125.617676 6.402648 125.623169 6.397189 125.617676 6.397189 125.617676 6.391730 125.623169 6.386271 125.623169 6.380812 125.628662 6.380812 125.628662 6.375353 125.639648 6.364435 125.639648 6.342597 125.645142 6.342597 125.645142 6.337137 125.650635 6.337137 125.650635 6.315299 125.656128 6.315299 125.656128 6.293459 125.661621 6.293459 125.661621 6.287999 125.667114 6.282539 125.667114 6.277078 125.672607 6.277078 125.672607 6.271618 125.667114 6.271618 125.667114 6.266158 125.672607 6.266158 125.672607 6.255237 125.683594 6.255237 125.683594 6.249776 125.689087 6.249776 125.689087 6.238855 125.694580 6.238855 125.694580 6.227934 125.700073 6.222473 125.700073 6.200629 125.705566 6.200629 125.705566 6.178785 125.711060 6.173324 125.711060 6.151478 125.705566 6.146016 125.705566 6.113246 125.716553 6.113246 125.711060 6.107784 125.716553 6.102322 125.711060 6.096860 125.705566 6.096860 125.705566 6.080473 125.700073 6.075011 125.700073 6.042236 125.705566 6.036773 125.700073 6.036773 125.700073 6.020385 125.694580 6.020385 125.694580 6.003996 125.689087 5.998533 125.689087 5.976680 125.683594 5.971217 125.683594 5.965754 125.678101 5.965754 125.678101 5.960290 125.672607 5.960290 125.672607 5.954827 125.667114 5.954827 125.667114 5.949363 125.661621 5.943900 125.661621 5.922045 125.650635 5.922045 125.650635 5.916581 125.645142 5.916581 125.645142 5.905653 125.639648 5.900189 125.634155 5.900189 125.634155 5.894725 125.628662 5.894725 125.628662 5.878332 125.623169 5.872868 125.617676 5.872868 125.617676 5.867403 125.606689 5.867403 125.606689 5.861939 125.601196 5.861939 125.601196 5.845545 125.595703 5.845545 125.590210 5.840081 125.584717 5.840081 125.584717 5.834616 125.579224 5.829151 125.573730 5.818222 125.568237 5.818222 125.568237 5.812757 125.562744 5.812757 125.562744 5.796362 125.551758 5.796362 125.540771 5.785432 125.540771 5.779966 125.535278 5.779966 125.535278 5.769036 125.529785 5.769036 125.529785 5.763570 125.524292 5.763570 125.524292 5.752640 125.513306 5.752640 125.513306 5.747174 125.507812 5.741708 125.507812 5.730777 125.502319 5.730777 125.502319 5.719846 125.496826 5.719846 125.496826 5.703448 125.491333 5.703448 125.491333 5.697982 125.485840 5.697982 125.485840 5.692516 125.480347 5.692516 125.480347 5.676117 125.474854 5.676117 125.474854 5.665185 125.469360 5.665185 125.469360 5.659719 125.463867 5.659719 125.463867 5.648786 125.452881 5.637853 125.452881 5.632386 125.441895 5.632386 125.441895 5.610519 125.430908 5.610519 125.430908 5.599585 125.425415 5.594118 125.425415 5.588651 125.419922 5.588651 125.419922 5.583184 125.414429 5.583184 125.414429 5.572250 125.408936 5.572250 125.403442 5.566783 125.397949 5.566783 125.392456 5.561315 125.370483 5.561315 125.364990 5.566783 125.359497 5.561315 125.359497 5.566783 125.343018 5.566783 125.343018 5.561315 125.337524 5.561315 125.337524 5.555848 125.326538 5.555848 125.326538 5.561315 125.332031 5.561315 125.332031 5.566783 125.326538 5.566783 125.326538 5.572250 125.321045 5.572250
R	0	125.403442 5.435554 125.403442 5.430085 125.414429 5.430085 125.414429 5.424617 125.425415 5.424617 125.425415 5.369929 125.419922 5.364460 125.414429 5.364460 125.414429 5.369929 125.408936 5.375398 125.386963 5.375398 125.381470 5.369929 125.375977 5.369929 125.375977 5.364460 125.370483 5.364460 125.370483 5.369929 125.364990 5.364460 125.359497 5.369929 125.348511 5.369929 125.348511 5.375398 125.354004 5.375398 125.354004 5.380867 125.348511 5.380867 125.348511 5.386336 125.332031 5.386336 125.332031 5.391805 125.348511 5.391805 125.348511 5.408211 125.354004 5.408211 125.354004 5.413680 125.359497 5.413680 125.359497 5.419148 125.370483 5.430085 125.381470 5.430085 125.381470 5.435554 125.403442 5.435554
R	0	125.452881 5.430085 125.452881 5.435554 125.458374 5.435554 125.458374 5.441022 125.452881 5.441022 125.452881 5.446491 125.458374 5.446491 125.458374 5.451959 125.474854 5.451959 125.474854 5.457427 125.458374 5.457427 125.458374 5.462896 125.452881 5.462896 125.452881 5.468364 125.463867 5.468364 125.463867 5.473832 125.474854 5.473832 125.474854 5.479300 125.469360 5.479300 125.469360 5.490236 125.474854 5.490236 125.474854 5.495704 125.480347 5.495704 125.485840 5.490236 125.491333 5.490236 125.491333 5.484768 125.496826 5.484768 125.496826 5.441022 125.491333 5.441022 125.491333 5.413680 125.485840 5.413680 125.485840 5.408211 125.480347 5.402742 125.480347 5.391805 125.463867 5.391805 125.463867 5.424617 125.463867 5.430085 125.458374 5.430085 125.458374 5.424617 125.452881 5.424617 125.452881 5.430085
R	1	125.474854 5.468364 125.480347 5.462896 125.480347 5.468364 125.474854 5.468364
R	0	125.595703 6.495441 125.590210 6.495441 125.590210 6.500899 125.595703 6.500899 125.595703 6.495441
R	0	125.321045 5.572250 125.321045 5.566783 125.315552 5.566783 125.321045 5.572250
P	1204700000	Cotabato
R	0	124.530029 7.640220 124.678345 7.596663 124.683838 7.591218 124.744263 7.591218 124.744263 7.585773 124.749756 7.585773 124.749756 7.574883 124.755249 7.569437 124.755249 7.574883 124.760742 7.569437 124.760742 7.563992 124.766235 7.558547 124.766235 7.563992 124.771729 7.563992 124.771729 7.547656 124.777222 7.542210 124.788208 7.542210 124.799194 7.531319 124.799194 7.520427 124.804688 7.514981 124.804688 7.509535 124.799194 7.509535 124.799194 7.498643 124.793701 7.498643 124.788208 7.493196 124.793701 7.487750 124.804688 7.487750 124.821167 7.493196 124.843140 7.476857 124.843140 7.460518 124.837646 7.460518 124.837646 7.455071 124.848633 7.455071 124.848633 7.444177 124.854126 7.444177 124.854126 7.438731 124.865112 7.438731 124.865112 7.433284 124.876099 7.433284 124.881592 7.438731 124.881592 7.422389 124.887085 7.422389 124.887085 7.416942 124.903564 7.416942 124.903564 7.422389 124.909058 7.422389 124.914551 7.427837 124.920044 7.427837 124.925537 7.433284 124.936523 7.433284 124.936523 7.427837 124.942017 7.427837 124.942017 7.416942 124.947510 7.416942 124.953003 7.411495 124.958496 7.411495 124.974976 7.406048 124.991455 7.406048 124.996948 7.400600 124.996948 7.406048 125.029907 7.406048 125.161743 7.482304 125.156250 7.482304 125.161743 7.487750 125.161743 7.509535 125.227661 7.493196 125.222168 7.471411 125.227661 7.465964 125.260620 7.384258 125.266113 7.384258 125.266113 7.378810 125.271606 7.378810 125.227661 7.351571 125.227661 7.346123 125.238647 7.329778 125.238647 7.313433 125.244141 7.313433 125.293579 7.035476 125.200195 6.910067 125.200195 6.899161 125.194702 6.899161 125.183716 6.888254 125.178223 6.888254 125.178223 6.882800 125.167236 6.882800 125.161743 6.877347 125.161743 6.871893 125.156250 6.871893 125.156250 6.866439 125.161743 6.866439 125.161743 6.860985 125.156250 6.860985 125.079346 6.800990 125.079346 6.795535 125.084839 6.795535 125.051880 6.790080 125.051880 6.773716 125.007935 6.735531 125.002441 6.735531 125.002441 6.730076 124.991455 6.730076 124.969482 6.735531 124.974976 6.735531 124.953003 6.751896 124.892578 6.790080 124.887085 6.790080 124.887085 6.795535 124.815674 6.844624 124.821167 6.844624 124.804688 6.910067 124.804688 6.942786 124.821167 6.959144 124.821167 7.002764 124.804688 7.073637 124.799194 7.073637 124.771729 7.084539 124.788208 7.100893 124.782715 7.100893 124.782715 7.144499 124.777222 7.149949 124.777222 7.155400 124.771729 7.155400 124.782715 7.204451 124.744263 7.215350 124.733276 7.188101 124.727783 7.177201 124.722290 7.182651 124.711304 7.182651 124.711304 7.188101 124.716797 7.248047 124.716797 7.253496 124.667358 7.237148 124.672852 7.231699 124.672852 7.226249 124.678345 7.226249 124.689331 7.220800 124.689331 7.215350 124.694824 7.215350 124.694824 7.209900 124.700317 7.209900 124.705811 7.199001 124.700317 7.199001 124.694824 7.204451 124.678345 7.204451 124.678345 7.193551 124.672852 7.193551 124.672852 7.177201 124.678345 7.171751 124.683838 7.171751 124.683838 7.166300 124.678345 7.149949 124.700317 7.149949 124.705811 7.144499 124.716797 7.139048 124.722290 7.133598 124.727783 7.133598 124.727783 7.128147 124.738770 7.111795 124.678345 7.133598 124.672852 7.122696 124.667358 7.117245 124.661865 7.106344 124.700317 7.068185 124.689331 7.073637 124.683838 7.079088 124.667358 7.084539 124.661865 7.062734 124.672852 7.057282 124.678345 7.057282 124.689331 7.051831 124.689331 7.057282 124.694824 7.051831 124.700317 7.051831 124.716797 7.019120 124.650879 7.035476 124.639893 7.035476 124.634399 7.084539 124.628906 7.084539 124.628906 7.106344 124.634399 7.106344 124.634399 7.122696 124.562988 7.122696 124.535522 7.040927 124.524536 7.030024 124.519043 7.030024 124.464111 7.171751 124.475098 7.209900 124.453125 7.231699 124.447632 7.231699 124.442139 7.237148 124.442139 7.231699 124.436646 7.231699 124.436646 7.226249 124.425659 7.226249 124.425659 7.231699 124.420166 7.231699 124.414673 7.226249 124.420166 7.226249 124.420166 7.220800 124.409180 7.220800 124.414673 7.237148 124.365234 7.237148 124.403687 7.362467 124.447632 7.362467 124.453125 7.422389 124.530029 7.640220
R	1	124.881592 7.155400 124.870605 7.133598 124.887085 7.133598 124.892578 7.128147 124.881592 7.155400
R	2	124.909058 7.302536 124.859619 7.291639 124.859619 7.286190 124.760742 7.269843 124.760742 7.258945 124.766235 7.258945 124.766235 7.253496 124.804688 7.231699 124.810181 7.231699 124.815674 7.220800 124.821167 7.220800 124.815674 7.215350 124.810181 7.204451 124.804688 7.204451 124.804688 7.199001 124.810181 7.199001 124.821167 7.177201 124.815674 7.171751 124.815674 7.166300 124.810181 7.160850 124.804688 7.144499 124.848633 7.144499 124.909058 7.302536
R	0	124.568481 7.051831 124.601440 7.040927 124.612427 7.035476 124.606934 6.991859 124.573975 7.002764 124.573975 7.008216 124.557495 7.019120 124.557495 7.024572 124.568481 7.051831
R	0	124.447632 7.111795 124.469604 7.084539 124.458618 7.079088 124.453125 7.079088 124.431152 7.089990 124.447632 7.111795
P	1206300000	South Cotabato
R	0	124.727783 6.670064 124.843140 6.539103 125.106812 6.555475 125.112305 6.544560 125.101318 6.479067 125.106812 6.451776 125.112305 6.435401 125.073853 6.358975 125.271606 6.244316 125.238647 6.096860 125.216675 6.096860 125.216675 6.102322 125.205688 6.102322 125.200195 6.096860 125.194702 6.102322 125.189209 6.102322 125.183716 6.107784 125.167236 6.107784 125.167236 6.102322 125.161743 6.102322 125.161743 6.096860 125.156250 6.091398 125.156250 6.075011 125.150757 6.075011 125.156250 6.069549 125.156250 6.064086 125.150757 6.064086 125.150757 6.053161 125.145264 6.053161 125.150757 6.047699 125.145264 6.047699 125.145264 6.025848 125.139771 6.025848 125.139771 6.020385 125.128784 6.009459 125.128784 5.998533 125.123291 5.998533 125.123291 5.982144 125.117798 5.982144 125.112305 5.976680 125.112305 5.960290 125.106812 5.960290 125.106812 5.954827 125.101318 5.954827 125.057373 6.042236 124.848633 6.014922 124.409180 6.206090 124.376221 6.326218 124.683838 6.386271 124.612427 6.566389 124.727783 6.670064
P	1206500000	Sultan Kudarat
R	0	124.513550 6.740986 124.513550 6.746441 124.513550 6.757352 124.508057 6.768261 124.508057 6.773716 124.535522 6.779171 124.579468 6.784626 124.579468 6.790080 124.634399 6.888254 124.678345 6.828261 124.689331 6.806444 124.711304 6.806444 124.755249 6.735531 124.760742 6.724620 124.788208 6.675520 124.760742 6.664608 124.788208 6.648239 124.782715 6.620957 124.782715 6.610044 124.727783 6.670064 124.612427 6.566389 124.683838 6.386271 124.376221 6.326218 124.409180 6.206090 124.365234 6.140555 124.365234 6.113246 124.359741 6.118708 124.348755 6.118708 124.343262 6.113246 124.321289 6.113246 124.321289 6.118708 124.315796 6.118708 124.315796 6.124170 124.310303 6.124170 124.310303 6.129631 124.304810 6.129631 124.304810 6.135093 124.299316 6.140555 124.293823 6.140555 124.293823 6.146016 124.288330 6.146016 124.288330 6.151478 124.282837 6.151478 124.277344 6.156939 124.266357 6.156939 124.266357 6.151478 124.260864 6.151478 124.260864 6.156939 124.249878 6.156939 124.249878 6.162401 124.244385 6.162401 124.244385 6.167862 124.238892 6.167862 124.233398 6.173324 124.233398 6.178785 124.227905 6.178785 124.227905 6.184246 124.222412 6.189707 124.216919 6.189707 124.216919 6.195168 124.205933 6.195168 124.205933 6.200629 124.200439 6.200629 124.194946 6.206090 124.189453 6.206090 124.189453 6.211551 124.183960 6.211551 124.183960 6.217012 124.178467 6.217012 124.178467 6.227934 124.178467 6.233395 124.178467 6.238855 124.172974 6.244316 124.172974 6.260697 124.167480 6.266158 124.167480 6.271618 124.161987 6.271618 124.161987 6.277078 124.156494 6.277078 124.151001 6.277078 124.151001 6.282539 124.145508 6.282539 124.145508 6.287999 124.140015 6.287999 124.129028 6.298919 124.129028 6.304379 124.123535 6.304379 124.123535 6.309839 124.118042 6.315299 124.112549 6.315299 124.112549 6.320758 124.107056 6.320758 124.101562 6.331678 124.096069 6.337137 124.096069 6.348056 124.085083 6.358975 124.085083 6.364435 124.079590 6.369894 124.085083 6.375353 124.079590 6.380812 124.079590 6.391730 124.068604 6.391730 124.063110 6.391730 124.063110 6.380812 124.057617 6.380812 124.057617 6.386271 124.052124 6.386271 124.052124 6.397189 124.046631 6.397189 124.046631 6.402648 124.052124 6.402648 124.052124 6.413566 124.046631 6.413566 124.046631 6.419025 124.041138 6.424484 124.046631 6.435401 124.041138 6.440859 124.041138 6.446318 124.035645 6.446318 124.035645 6.451776 124.041138 6.451776 124.041138 6.473609 124.035645 6.473609 124.035645 6.479067 124.041138 6.484525 124.041138 6.489983 124.035645 6.489983 124.035645 6.500899 124.024658 6.500899 124.024658 6.511815 124.030151 6.511815 124.030151 6.522730 124.019165 6.522730 124.019165 6.533645 124.024658 6.533645 124.030151 6.533645 124.041138 6.533645 124.046631 6.533645 124.052124 6.533645 124.052124 6.539103 124.063110 6.539103 124.063110 6.550017 124.046631 6.550017 124.046631 6.555475 124.035645 6.555475 124.035645 6.571846 124.041138 6.571846 124.041138 6.577303 124.046631 6.582760 124.046631 6.588217 124.052124 6.588217 124.052124 6.637327 124.046631 6.642783 124.046631 6.648239 124.041138 6.653695 124.041138 6.659151 124.035645 6.664608 124.035645 6.680975 124.030151 6.680975 124.030151 6.691887 124.024658 6.691887 124.024658 6.697343 124.019165 6.702798 124.019165 6.708254 124.013672 6.719165 124.019165 6.719165 124.019165 6.730076 124.024658 6.735531 124.030151 6.735531 124.030151 6.740986 124.085083 6.740986 124.118042 6.746441 124.140015 6.746441 124.211426 6.740986 124.227905 6.735531 124.464111 6.730076 124.513550 6.730076 124.513550 6.740986
R	0	124.859619 6.610044 124.870605 6.610044 124.870605 6.642783 124.931030 6.697343 125.007935 6.735531 125.051880 6.773716 125.051880 6.768261 125.073853 6.762806 125.073853 6.599131 125.090332 6.566389 125.106812 6.555475 124.843140 6.539103 124.788208 6.604587 124.799194 6.610044 124.815674 6.610044 124.815674 6.615501 124.821167 6.615501 124.821167 6.610044 124.826660 6.610044 124.826660 6.604587 124.837646 6.604587 124.843140 6.604587 124.848633 6.604587 124.848633 6.610044 124.854126 6.610044 124.859619 6.610044
R	0	124.035645 6.451776 124.030151 6.451776 124.030151 6.457234 124.035645 6.457234 124.035645 6.451776
R	0	124.843140 6.604587 124.843140 6.610044 124.848633 6.610044 124.843140 6.604587
P	1208000000	Sarangani
R	0	125.348511 6.539103 125.364990 6.533645 125.364990 6.528188 125.403442 6.479067 125.529785 6.053161 125.518799 6.031311 125.485840 5.905653 125.485840 5.856475 125.480347 5.851010 125.480347 5.829151 125.474854 5.823687 125.474854 5.818222 125.469360 5.818222 125.419922 5.714380 125.397949 5.681584 125.392456 5.648786 125.370483 5.632386 125.332031 5.599585 125.326538 5.599585 125.326538 5.577717 125.315552 5.566783 125.310059 5.572250 125.310059 5.577717 125.304565 5.577717 125.304565 5.583184 125.293579 5.583184 125.293579 5.599585 125.299072 5.605052 125.299072 5.615986 125.304565 5.621453 125.304565 5.626919 125.310059 5.626919 125.310059 5.637853 125.304565 5.637853 125.304565 5.648786 125.299072 5.654252 125.299072 5.665185 125.293579 5.665185 125.293579 5.681584 125.288086 5.687050 125.288086 5.692516 125.282593 5.697982 125.282593 5.703448 125.277100 5.703448 125.277100 5.708914 125.255127 5.708914 125.249634 5.714380 125.249634 5.708914 125.244141 5.708914 125.244141 5.714380 125.238647 5.714380 125.238647 5.719846 125.233154 5.719846 125.233154 5.725311 125.227661 5.730777 125.227661 5.752640 125.222168 5.752640 125.222168 5.758105 125.216675 5.769036 125.211182 5.774501 125.200195 5.774501 125.194702 5.769036 125.189209 5.769036 125.189209 5.790897 125.183716 5.796362 125.172729 5.796362 125.172729 5.818222 125.178223 5.818222 125.172729 5.823687 125.172729 5.829151 125.178223 5.829151 125.178223 5.840081 125.183716 5.840081 125.183716 5.834616 125.189209 5.834616 125.189209 5.829151 125.200195 5.829151 125.200195 5.823687 125.205688 5.829151 125.205688 5.840081 125.211182 5.840081 125.211182 5.845545 125.216675 5.845545 125.216675 5.856475 125.222168 5.856475 125.222168 5.878332 125.216675 5.878332 125.216675 5.889261 125.227661 5.889261 125.233154 5.894725 125.238647 5.894725 125.238647 5.911117 125.249634 5.911117 125.249634 5.916581 125.271606 5.916581 125.271606 5.927508 125.266113 5.927508 125.266113 5.943900 125.271606 5.943900 125.271606 5.949363 125.277100 5.949363 125.277100 5.954827 125.282593 5.954827 125.282593 5.971217 125.288086 5.971217 125.288086 5.982144 125.293579 5.982144 125.293579 5.987607 125.288086 5.993070 125.288086 6.014922 125.282593 6.014922 125.282593 6.020385 125.277100 6.025848 125.277100 6.036773 125.282593 6.036773 125.282593 6.042236 125.277100 6.042236 125.277100 6.053161 125.271606 6.053161 125.271606 6.058624 125.277100 6.058624 125.277100 6.075011 125.271606 6.080473 125.271606 6.085936 125.266113 6.091398 125.255127 6.091398 125.249634 6.096860 125.238647 6.096860 125.271606 6.244316 125.073853 6.358975 125.112305 6.435401 125.134277 6.429942 125.271606 6.446318 125.277100 6.446318 125.277100 6.451776 125.337524 6.495441 125.343018 6.495441 125.343018 6.517272 125.337524 6.533645 125.337524 6.539103 125.348511 6.539103
R	0	124.409180 6.206090 124.848633 6.014922 125.057373 6.042236 125.101318 5.954827 125.101318 5.949363 125.095825 5.949363 125.095825 5.922045 125.101318 5.922045 125.101318 5.916581 125.095825 5.916581 125.095825 5.911117 125.090332 5.911117 125.090332 5.905653 125.084839 5.905653 125.079346 5.900189 125.079346 5.889261 125.073853 5.889261 125.079346 5.883796 125.079346 5.878332 125.084839 5.872868 125.084839 5.867403 125.079346 5.867403 125.079346 5.861939 125.073853 5.861939 125.073853 5.856475 125.051880 5.856475 125.046387 5.851010 125.024414 5.851010 125.024414 5.856475 124.996948 5.856475 124.996948 5.861939 124.969482 5.861939 124.963989 5.856475 124.947510 5.856475 124.942017 5.861939 124.920044 5.861939 124.914551 5.867403 124.903564 5.867403 124.898071 5.872868 124.887085 5.872868 124.887085 5.878332 124.876099 5.878332 124.870605 5.883796 124.843140 5.883796 124.843140 5.889261 124.837646 5.883796 124.832153 5.883796 124.832153 5.889261 124.821167 5.889261 124.821167 5.894725 124.815674 5.894725 124.815674 5.900189 124.810181 5.900189 124.810181 5.905653 124.804688 5.905653 124.793701 5.911117 124.788208 5.911117 124.782715 5.916581 124.777222 5.916581 124.771729 5.922045 124.766235 5.922045 124.760742 5.927508 124.738770 5.927508 124.733276 5.932972 124.727783 5.932972 124.722290 5.938436 124.716797 5.938436 124.705811 5.943900 124.694824 5.954827 124.678345 5.954827 124.672852 5.960290 124.667358 5.960290 124.661865 5.965754 124.656372 5.965754 124.656372 5.971217 124.650879 5.971217 124.650879 5.976680 124.645386 5.976680 124.645386 5.982144 124.634399 5.987607 124.601440 5.987607 124.601440 5.993070 124.595947 5.993070 124.595947 6.003996 124.590454 6.003996 124.584961 6.009459 124.584961 6.014922 124.562988 6.014922 124.557495 6.020385 124.552002 6.014922 124.541016 6.014922 124.541016 6.020385 124.519043 6.020385 124.508057 6.031311 124.502563 6.031311 124.502563 6.036773 124.497070 6.036773 124.497070 6.042236 124.486084 6.042236 124.486084 6.047699 124.480591 6.047699 124.475098 6.053161 124.469604 6.053161 124.464111 6.058624 124.458618 6.058624 124.453125 6.064086 124.453125 6.069549 124.442139 6.069549 124.442139 6.075011 124.436646 6.075011 124.436646 6.080473 124.431152 6.080473 124.431152 6.085936 124.425659 6.085936 124.420166 6.091398 124.392700 6.091398 124.392700 6.096860 124.381714 6.102322 124.376221 6.102322 124.376221 6.107784 124.370728 6.107784 124.365234 6.113246 124.365234 6.140555 124.409180 6.206090
P	1303900000	Metropolitan Manila First District
R	0	120.959473 14.631424 120.992432 14.636739 121.025391 14.594216 121.019897 14.578267 120.986938 14.562318 120.981445 14.567634 120.981445 14.572951 120.975952 14.578267 120.970459 14.578267 120.970459 14.583583 120.964966 14.588900 120.959473 14.588900 120.953979 14.588900 120.953979 14.594216 120.942993 14.594216 120.942993 14.599531 120.953979 14.599531 120.959473 14.599531 120.959473 14.615478 120.953979 14.620794 120.953979 14.626109 120.959473 14.626109 120.959473 14.631424
R	0	120.959473 14.631424 120.942993 14.631424 120.942993 14.636739 120.953979 14.636739 120.959473 14.631424
R	0	120.953979 14.604847 120.948486 14.604847 120.948486 14.610163 120.953979 14.610163 120.953979 14.604847
P	1307400000	Metropolitan Manila Second District
R	0	121.135254 14.780194 121.135254 14.774883 121.129761 14.769571 121.124268 14.769571 121.124268 14.758947 121.118774 14.753635 121.118774 14.737699 121.124268 14.737699 121.124268 14.732386 121.118774 14.732386 121.118774 14.727073 121.129761 14.727073 121.129761 14.721761 121.124268 14.721761 121.124268 14.711135 121.118774 14.700508 121.118774 14.695195 121.113281 14.700508 121.113281 14.684568 121.107788 14.679254 121.107788 14.668626 121.113281 14.668626 121.113281 14.673940 121.118774 14.673940 121.118774 14.668626 121.129761 14.668626 121.129761 14.663312 121.135254 14.652683 121.129761 14.642054 121.129761 14.636739 121.107788 14.636739 121.102295 14.626109 121.102295 14.610163 121.107788 14.604847 121.107788 14.594216 121.102295 14.594216 121.102295 14.588900 121.107788 14.588900 121.107788 14.578267 121.102295 14.578267 121.096802 14.567634 121.096802 14.557001 121.107788 14.551684 121.107788 14.535733 121.102295 14.535733 121.102295 14.530415 121.019897 14.578267 121.025391 14.594216 120.992432 14.636739 120.992432 14.642054 121.102295 14.764259 121.107788 14.764259 121.118774 14.774883 121.129761 14.774883 121.135254 14.780194
P	1307500000	Metropolitan Manila Third District
R	0	121.041870 14.785505 121.041870 14.780194 121.047363 14.780194 121.047363 14.785505 121.052856 14.780194 121.063843 14.780194 121.063843 14.774883 121.069336 14.774883 121.069336 14.769571 121.074829 14.769571 121.074829 14.774883 121.085815 14.774883 121.085815 14.769571 121.102295 14.769571 121.102295 14.764259 120.992432 14.642054 120.992432 14.636739 120.959473 14.631424 120.948486 14.642054 120.948486 14.652683 120.937500 14.663312 120.937500 14.668626 120.932007 14.668626 120.932007 14.679254 120.926514 14.679254 120.926514 14.684568 120.921021 14.689881 120.915527 14.689881 120.915527 14.695195 120.910034 14.695195 120.910034 14.705822 120.915527 14.705822 120.915527 14.711135 120.921021 14.711135 120.932007 14.700508 120.932007 14.695195 120.937500 14.695195 120.942993 14.689881 120.953979 14.695195 120.937500 14.711135 120.937500 14.716448 120.932007 14.721761 120.937500 14.732386 120.937500 14.737699 120.948486 14.732386 120.953979 14.732386 120.953979 14.721761 120.975952 14.721761 120.981445 14.727073 120.975952 14.732386 120.981445 14.737699 120.981445 14.743011 120.986938 14.748323 120.986938 14.753635 120.997925 14.758947 120.997925 14.753635 121.008911 14.753635 121.008911 14.758947 121.019897 14.758947 121.025391 14.764259 121.025391 14.780194 121.030884 14.780194 121.030884 14.785505 121.041870 14.785505
P	1307600000	Metropolitan Manila Fourth District
R	0	120.975952 14.487871 120.975952 14.482553 120.970459 14.482553 120.975952 14.487871
R	0	120.981445 14.487871 120.981445 14.493190 120.986938 14.493190 120.986938 14.498508 120.981445 14.498508 120.981445 14.503826 120.975952 14.503826 120.975952 14.514462 120.981445 14.514462 120.981445 14.535733 120.975952 14.541050 120.981445 14.541050 120.981445 14.551684 120.975952 14.557001 120.981445 14.557001 120.986938 14.562318 121.019897 14.578267 121.102295 14.530415 121.102295 14.525098 121.091309 14.519780 121.091309 14.509144 121.085815 14.509144 121.085815 14.503826 121.080322 14.503826 121.069336 14.509144 121.069336 14.503826 121.063843 14.498508 121.063843 14.477234 121.058350 14.477234 121.058350 14.461277 121.052856 14.461277 121.052856 14.381476 121.058350 14.381476 121.058350 14.376155 121.052856 14.376155 121.052856 14.370834 121.047363 14.365513 121.047363 14.370834 121.041870 14.370834 121.036377 14.365513 121.030884 14.365513 121.025391 14.360191 121.025391 14.354870 121.019897 14.354870 121.014404 14.349548 121.008911 14.354870 121.008911 14.392118 121.003418 14.392118 121.003418 14.397439 120.997925 14.402759 120.997925 14.408080 120.992432 14.408080 120.992432 14.424040 120.986938 14.424040 120.986938 14.434680 120.975952 14.434680 120.975952 14.440000 120.970459 14.440000 120.970459 14.461277 120.964966 14.461277 120.964966 14.466596 120.970459 14.466596 120.970459 14.477234 120.975952 14.477234 120.975952 14.482553 120.981445 14.482553 120.981445 14.487871
R	0	120.981445 14.487871 120.975952 14.487871 120.975952 14.493190 120.981445 14.487871
P	1400100000	Abra
R	0	120.932007 17.973508 121.113281 17.685895 121.107788 17.685895 120.910034 17.250990 120.805664 17.172283 120.750732 17.156537 120.745239 17.156537 120.745239 17.161786 120.734253 17.161786 120.734253 17.167034 120.690308 17.182779 120.679321 17.193275 120.673828 17.193275 120.679321 17.240498 120.673828 17.240498 120.536499 17.345395 120.591431 17.492150 120.470581 17.486911 120.470581 17.513106 120.476074 17.534059 120.487061 17.544534 120.569458 17.785305 120.635376 17.816686 120.635376 17.821916 120.673828 17.827145 120.679321 17.832374 120.745239 17.900342 120.750732 17.900342 120.794678 17.916023 120.805664 17.931702 120.866089 17.963058 120.871582 17.957832 120.932007 17.973508
R	1	120.679321 17.245744 120.679321 17.240498 120.684814 17.240498 120.684814 17.245744 120.679321 17.245744
P	1401100000	Benguet
R	0	120.745239 16.925450 120.783691 16.920195 120.893555 16.820316 120.932007 16.599346 120.893555 16.557227 120.888062 16.520366 120.772705 16.214675 120.767212 16.198850 120.629883 16.177749 120.629883 16.183024 120.514526 16.230498 120.514526 16.262141 120.503540 16.288506 120.503540 16.293779 120.492554 16.330683 120.492554 16.335954 120.498047 16.335954 120.498047 16.341226 120.492554 16.341226 120.498047 16.346497 120.492554 16.346497 120.481567 16.351768 120.481567 16.357039 120.487061 16.357039 120.454102 16.399201 120.454102 16.404470 120.448608 16.404470 120.454102 16.409740 120.454102 16.415009 120.470581 16.436085 120.465088 16.504566 120.514526 16.551962 120.514526 16.573023 120.563965 16.667769 120.580444 16.694079 120.591431 16.720385 120.585938 16.767727 120.585938 16.772987 120.668335 16.909684 120.701294 16.914939 120.739746 16.914939 120.739746 16.920195 120.745239 16.920195 120.745239 16.925450
P	1402700000	Ifugao
R	0	121.569214 17.077790 121.563721 17.014768 121.558228 17.014768 121.563721 16.951724 121.569214 16.951724 121.569214 16.909684 121.327515 16.757208 121.338501 16.751948 121.316528 16.709863 121.316528 16.699340 121.294556 16.662506 121.261597 16.657244 121.256104 16.651981 121.234131 16.651981 121.201172 16.641455 121.173706 16.641455 121.173706 16.646718 121.162720 16.646718 121.162720 16.636192 121.140747 16.646718 121.135254 16.646718 120.937500 16.583552 120.932007 16.599346 120.893555 16.820316 120.981445 16.983249 121.569214 17.077790
P	1403200000	Kalinga
R	0	121.437378 17.691129 121.437378 17.670194 121.459351 17.664960 121.459351 17.670194 121.475830 17.670194 121.475830 17.659726 121.470337 17.659726 121.486816 17.649257 121.613159 17.560247 121.624146 17.528821 121.629639 17.528821 121.629639 17.523583 121.635132 17.523583 121.635132 17.518344 121.646118 17.502628 121.541748 17.319176 121.530762 17.277219 121.536255 17.271973 121.157227 17.167034 120.910034 17.250990 121.107788 17.685895 121.113281 17.685895 121.371460 17.644022 121.437378 17.691129
P	1404400000	Mountain Province
R	0	121.536255 17.271973 121.536255 17.266728 121.547241 17.266728 121.558228 17.146039 121.558228 17.140790 121.563721 17.140790 121.569214 17.130292 121.569214 17.077790 120.981445 16.983249 120.893555 16.820316 120.783691 16.920195 120.783691 16.967487 120.811157 17.156537 120.805664 17.172283 120.910034 17.250990 121.157227 17.167034 121.536255 17.271973
P	1408100000	Apayao
R	0	121.157227 18.542117 121.228638 18.443136 121.228638 18.437925 121.409912 18.328455 121.464844 18.307596 121.481323 18.307596 121.486816 18.224134 121.486816 18.218916 121.481323 18.171950 121.486816 18.166730 121.481323 18.166730 121.481323 18.161511 121.486816 18.161511 121.486816 18.156291 121.481323 18.156291 121.481323 18.151072 121.486816 18.151072 121.486816 18.145852 121.475830 18.145852 121.475830 18.140632 121.470337 18.140632 121.470337 18.135412 121.475830 18.135412 121.475830 18.130191 121.470337 18.130191 121.470337 18.124971 121.459351 18.124971 121.343994 18.036198 121.343994 18.030975 121.349487 18.030975 121.349487 18.020528 121.343994 18.025751 121.343994 18.015304 121.338501 18.015304 121.338501 18.004856 121.333008 18.004856 121.333008 17.994407 121.327515 17.989183 121.327515 17.994407 121.322021 17.994407 121.322021 17.978733 121.327515 17.978733 121.327515 17.973508 121.316528 17.973508 121.316528 17.816686 121.305542 17.816686 121.305542 17.811456 121.311035 17.811456 121.322021 17.806226 121.426392 17.727759 121.426392 17.722526 121.431885 17.722526 121.426392 17.717294 121.431885 17.717294 121.431885 17.696362 121.437378 17.691129 121.371460 17.644022 121.113281 17.685895 120.932007 17.973508 120.942993 17.989183 120.942993 18.004856 120.937500 18.104087 120.942993 18.119750 120.959473 18.463979 121.063843 18.536909 121.091309 18.536909 121.091309 18.531700 121.157227 18.542117
P	1600200000	Agusan del Norte
R	0	125.222168 8.933914 125.227661 8.933914 125.227661 8.939340 125.222168 8.939340 125.222168 8.944767 125.233154 8.944767 125.233154 8.950193 125.227661 8.950193 125.227661 8.955619 125.222168 8.955619 125.222168 8.961045 125.227661 8.961045 125.227661 8.966471 125.233154 8.971897 125.222168 8.971897 125.222168 8.977323 125.216675 8.982749 125.222168 8.982749 125.205688 9.091249 125.211182 9.096673 125.211182 9.091249 125.216675 9.091249 125.216675 9.085824 125.222168 9.085824 125.222168 9.064127 125.227661 9.064127 125.227661 9.053277 125.233154 9.053277 125.233154 9.047853 125.238647 9.042428 125.238647 9.031578 125.244141 9.031578 125.255127 9.020728 125.255127 9.015302 125.260620 9.015302 125.260620 9.004452 125.266113 9.004452 125.266113 8.999026 125.271606 8.999026 125.293579 8.993600 125.326538 8.993600 125.326538 8.988175 125.332031 8.988175 125.332031 8.977323 125.326538 8.977323 125.326538 8.971897 125.337524 8.971897 125.337524 8.988175 125.343018 8.988175 125.348511 8.993600 125.348511 8.988175 125.354004 8.993600 125.359497 8.993600 125.370483 8.982749 125.408936 8.982749 125.414429 8.977323 125.436401 8.977323 125.441895 8.982749 125.447388 8.982749 125.452881 8.988175 125.463867 8.988175 125.469360 8.993600 125.474854 8.993600 125.480347 8.999026 125.485840 8.999026 125.485840 9.004452 125.496826 9.004452 125.502319 9.009877 125.524292 9.009877 125.524292 9.015302 125.518799 9.015302 125.518799 9.020728 125.513306 9.020728 125.513306 9.031578 125.524292 9.042428 125.524292 9.047853 125.529785 9.047853 125.529785 9.058702 125.535278 9.064127 125.535278 9.091249 125.529785 9.091249 125.529785 9.107521 125.524292 9.112945 125.524292 9.134639 125.518799 9.140063 125.518799 9.167179 125.524292 9.167179 125.524292 9.172602 125.529785 9.183447 125.529785 9.194293 125.524292 9.199715 125.524292 9.215982 125.518799 9.221405 125.513306 9.221405 125.513306 9.243093 125.507812 9.243093 125.507812 9.248514 125.502319 9.248514 125.502319 9.253936 125.507812 9.253936 125.507812 9.291886 125.502319 9.297307 125.502319 9.302728 125.496826 9.308149 125.496826 9.318990 125.491333 9.324411 125.491333 9.335252 125.485840 9.340672 125.485840 9.351513 125.480347 9.351513 125.480347 9.356933 125.474854 9.356933 125.474854 9.362353 125.469360 9.362353 125.469360 9.378612 125.463867 9.384032 125.458374 9.384032 125.458374 9.389452 125.463867 9.389452 125.463867 9.411129 125.458374 9.416548 125.452881 9.416548 125.452881 9.438224 125.485840 9.454480 125.529785 9.324411 125.551758 9.465317 125.749512 9.324411 125.755005 9.232249 125.667114 8.700499 125.238647 8.716789 125.260620 8.841651 125.260620 8.847079 125.255127 8.852507 125.255127 8.857934 125.249634 8.857934 125.249634 8.868790 125.255127 8.868790 125.255127 8.874217 125.249634 8.874217 125.249634 8.879644 125.244141 8.879644 125.244141 8.890499 125.238647 8.885072 125.238647 8.890499 125.233154 8.895926 125.233154 8.901353 125.238647 8.906780 125.233154 8.906780 125.233154 8.912207 125.227661 8.906780 125.227661 8.917634 125.216675 8.917634 125.216675 8.923060 125.222168 8.923060 125.222168 8.933914
R	0	125.222168 8.933914 125.216675 8.928487 125.216675 8.933914 125.222168 8.939340 125.222168 8.933914
P	1600300000	Agusan del Sur
R	0	125.755005 9.232249 126.018677 8.499537 126.199951 8.287599 126.227417 7.999397 126.221924 7.993957 126.216431 7.993957 126.216431 7.988518 126.205444 7.993957 126.205444 7.988518 126.194458 7.977638 126.194458 7.983078 126.161499 7.983078 126.156006 7.988518 126.150513 7.988518 126.150513 7.993957 126.123047 7.983078 126.112061 7.983078 126.090088 7.966758 126.084595 7.966758 126.084595 7.961317 126.068115 7.961317 126.068115 7.955877 126.040649 7.928675 125.963745 7.999397 125.930786 7.999397 125.903320 7.928675 125.661621 7.999397 125.381470 8.004837 125.392456 8.042913 125.392456 8.053791 125.397949 8.053791 125.397949 8.059230 125.403442 8.059230 125.403442 8.075546 125.414429 8.075546 125.414429 8.080985 125.419922 8.080985 125.425415 8.086423 125.425415 8.080985 125.430908 8.086423 125.436401 8.086423 125.436401 8.091862 125.441895 8.091862 125.441895 8.097300 125.436401 8.097300 125.441895 8.102739 125.436401 8.102739 125.436401 8.108177 125.430908 8.108177 125.430908 8.119053 125.419922 8.119053 125.419922 8.124491 125.414429 8.124491 125.419922 8.129929 125.414429 8.129929 125.414429 8.140805 125.408936 8.140805 125.408936 8.146243 125.403442 8.151681 125.403442 8.157118 125.397949 8.157118 125.397949 8.167993 125.392456 8.167993 125.392456 8.173431 125.386963 8.173431 125.386963 8.178868 125.381470 8.178868 125.375977 8.184305 125.364990 8.184305 125.364990 8.216927 125.337524 8.282163 125.332031 8.298470 125.277100 8.352823 125.277100 8.358258 125.271606 8.363693 125.277100 8.363693 125.277100 8.418036 125.282593 8.418036 125.282593 8.423470 125.288086 8.423470 125.282593 8.428904 125.282593 8.434338 125.277100 8.434338 125.277100 8.439772 125.271606 8.434338 125.266113 8.439772 125.266113 8.445205 125.255127 8.456072 125.249634 8.488672 125.249634 8.532133 125.255127 8.537565 125.249634 8.542998 125.255127 8.542998 125.255127 8.548430 125.249634 8.553862 125.249634 8.559294 125.255127 8.559294 125.255127 8.575590 125.260620 8.575590 125.260620 8.586453 125.255127 8.586453 125.255127 8.581021 125.172729 8.581021 125.167236 8.586453 125.178223 8.586453 125.178223 8.591884 125.183716 8.591884 125.183716 8.613610 125.189209 8.613610 125.194702 8.619041 125.194702 8.624472 125.205688 8.629903 125.211182 8.635334 125.216675 8.635334 125.222168 8.640765 125.222168 8.646196 125.227661 8.646196 125.227661 8.657057 125.238647 8.657057 125.238647 8.716789 125.667114 8.700499 125.755005 9.232249
P	1606700000	Surigao del Norte
R	0	125.612183 9.757784 125.617676 9.757784 125.617676 9.752370 125.617676 9.736128 125.612183 9.736128 125.612183 9.709057 125.601196 9.709057 125.601196 9.703643 125.590210 9.703643 125.590210 9.687398 125.595703 9.687398 125.595703 9.681984 125.601196 9.681984 125.601196 9.665738 125.595703 9.665738 125.595703 9.660323 125.601196 9.660323 125.606689 9.654908 125.606689 9.633246 125.617676 9.633246 125.617676 9.627830 125.623169 9.627830 125.628662 9.616998 125.634155 9.616998 125.645142 9.606166 125.650635 9.606166 125.656128 9.600750 125.689087 9.600750 125.705566 9.595334 125.711060 9.595334 125.711060 9.589917 125.716553 9.589917 125.722046 9.584501 125.738525 9.584501 125.738525 9.562834 125.760498 9.562834 125.760498 9.557417 125.765991 9.557417 125.765991 9.552000 125.771484 9.552000 125.771484 9.557417 125.776978 9.557417 125.776978 9.552000 125.782471 9.552000 125.787964 9.557417 125.793457 9.557417 125.793457 9.552000 125.809937 9.552000 125.809937 9.546583 125.815430 9.546583 125.815430 9.552000 125.820923 9.546583 125.826416 9.546583 125.826416 9.541166 125.848389 9.541166 125.853882 9.535749 125.864868 9.535749 125.864868 9.524914 125.870361 9.524914 125.864868 9.519497 125.875854 9.519497 125.875854 9.508662 125.870361 9.508662 125.870361 9.503244 125.875854 9.503244 125.875854 9.497826 125.881348 9.497826 125.749512 9.324411 125.551758 9.465317 125.557251 9.465317 125.491333 9.535749 125.485840 9.454480 125.452881 9.438224 125.452881 9.449062 125.447388 9.454480 125.447388 9.476154 125.441895 9.476154 125.441895 9.481572 125.436401 9.481572 125.436401 9.503244 125.430908 9.508662 125.430908 9.530332 125.425415 9.535749 125.425415 9.552000 125.419922 9.552000 125.419922 9.562834 125.414429 9.568251 125.414429 9.579084 125.408936 9.584501 125.408936 9.595334 125.403442 9.600750 125.403442 9.616998 125.397949 9.616998 125.397949 9.633246 125.392456 9.638661 125.392456 9.681984 125.397949 9.687398 125.397949 9.703643 125.392456 9.709057 125.397949 9.714472 125.397949 9.719886 125.392456 9.730714 125.397949 9.730714 125.397949 9.757784 125.403442 9.763198 125.403442 9.768611 125.408936 9.768611 125.419922 9.779438 125.425415 9.779438 125.425415 9.784851 125.430908 9.784851 125.430908 9.790264 125.436401 9.790264 125.441895 9.795678 125.441895 9.806504 125.436401 9.811916 125.436401 9.822742 125.447388 9.822742 125.447388 9.817329 125.452881 9.817329 125.458374 9.811916 125.458374 9.801091 125.469360 9.801091 125.474854 9.795678 125.485840 9.795678 125.491333 9.790264 125.496826 9.790264 125.502319 9.779438 125.496826 9.779438 125.496826 9.774025 125.502319 9.774025 125.502319 9.768611 125.507812 9.768611 125.507812 9.763198 125.518799 9.763198 125.518799 9.768611 125.529785 9.768611 125.529785 9.774025 125.535278 9.774025 125.535278 9.768611 125.540771 9.768611 125.540771 9.779438 125.540771 9.784851 125.551758 9.784851 125.551758 9.790264 125.557251 9.790264 125.557251 9.779438 125.562744 9.779438 125.562744 9.768611 125.551758 9.768611 125.551758 9.757784 125.557251 9.757784 125.557251 9.752370 125.568237 9.752370 125.568237 9.736128 125.573730 9.736128 125.573730 9.746956 125.584717 9.746956 125.584717 9.741542 125.590210 9.741542 125.590210 9.736128 125.595703 9.736128 125.595703 9.752370 125.612183 9.752370 125.612183 9.757784
R	1	125.557251 9.779438 125.546265 9.779438 125.551758 9.774025 125.557251 9.774025 125.557251 9.779438
R	0	125.573730 9.752370 125.568237 9.752370 125.568237 9.757784 125.573730 9.763198 125.573730 9.752370
R	0	125.903320 9.627830 125.908813 9.627830 125.908813 9.633246 125.903320 9.633246 125.903320 9.644077 125.908813 9.649492 125.908813 9.654908 125.919800 9.654908 125.919800 9.649492 125.925293 9.649492 125.925293 9.676569 125.919800 9.676569 125.919800 9.692813 125.914307 9.692813 125.914307 9.698228 125.925293 9.698228 125.925293 9.703643 125.914307 9.703643 125.908813 9.709057 125.908813 9.725300 125.919800 9.725300 125.919800 9.730714 125.914307 9.736128 125.914307 9.757784 125.919800 9.757784 125.919800 9.752370 125.925293 9.752370 125.925293 9.757784 125.947266 9.757784 125.947266 9.752370 125.936279 9.752370 125.936279 9.746956 125.947266 9.746956 125.941772 9.741542 125.941772 9.736128 125.947266 9.736128 125.947266 9.741542 125.952759 9.741542 125.952759 9.736128 125.958252 9.736128 125.958252 9.746956 125.963745 9.746956 125.963745 9.741542 125.969238 9.736128 125.969238 9.725300 125.974731 9.725300 125.974731 9.719886 125.980225 9.719886 125.980225 9.730714 125.991211 9.730714 125.991211 9.725300 125.996704 9.725300 125.996704 9.719886 126.002197 9.719886 126.002197 9.709057 126.007690 9.709057 126.013184 9.709057 126.013184 9.719886 126.024170 9.719886 126.018677 9.725300 126.024170 9.725300 126.024170 9.730714 126.035156 9.730714 126.035156 9.725300 126.040649 9.725300 126.040649 9.730714 126.062622 9.730714 126.062622 9.725300 126.068115 9.719886 126.062622 9.719886 126.062622 9.714472 126.068115 9.714472 126.068115 9.709057 126.062622 9.709057 126.062622 9.703643 126.051636 9.703643 126.051636 9.709057 126.046143 9.709057 126.040649 9.703643 126.040649 9.709057 126.024170 9.709057 126.024170 9.703643 126.029663 9.703643 126.024170 9.698228 126.024170 9.692813 126.018677 9.687398 126.013184 9.692813 126.007690 9.687398 126.007690 9.698228 125.996704 9.698228 125.996704 9.692813 125.991211 9.692813 125.991211 9.698228 125.985718 9.698228 125.985718 9.687398 125.980225 9.687398 125.980225 9.681984 125.985718 9.681984 125.985718 9.671154 125.991211 9.671154 125.991211 9.660323 125.985718 9.654908 125.985718 9.638661 125.980225 9.638661 125.980225 9.633246 125.974731 9.627830 125.969238 9.627830 125.969238 9.622414 125.963745 9.616998 125.969238 9.600750 125.969238 9.579084 125.963745 9.579084 125.963745 9.568251 125.958252 9.568251 125.958252 9.562834 125.936279 9.562834 125.941772 9.568251 125.936279 9.568251 125.936279 9.579084 125.919800 9.579084 125.919800 9.584501 125.914307 9.584501 125.914307 9.589917 125.908813 9.589917 125.908813 9.595334 125.914307 9.595334 125.919800 9.600750 125.914307 9.600750 125.914307 9.606166 125.908813 9.606166 125.908813 9.611582 125.897827 9.611582 125.897827 9.616998 125.892334 9.611582 125.886841 9.611582 125.886841 9.616998 125.892334 9.616998 125.892334 9.622414 125.908813 9.622414 125.903320 9.627830
R	1	125.963745 9.692813 125.963745 9.687398 125.969238 9.687398 125.969238 9.681984 125.974731 9.681984 125.974731 9.687398 125.974731 9.709057 125.969238 9.709057 125.969238 9.725300 125.963745 9.725300 125.963745 9.730714 125.958252 9.725300 125.958252 9.703643 125.963745 9.703643 125.963745 9.692813
R	2	125.963745 9.692813 125.958252 9.698228 125.958252 9.692813 125.963745 9.692813
R	0	125.744019 9.584501 125.738525 9.584501 125.738525 9.589917 125.744019 9.584501
R	0	125.930786 9.882275 125.930786 9.887687 125.925293 9.887687 125.925293 9.882275 125.919800 9.876864 125.914307 9.876864 125.914307 9.882275 125.914307 9.887687 125.919800 9.887687 125.919800 9.893099 125.925293 9.893099 125.925293 9.898510 125.925293 9.903921 125.930786 9.903921 125.930786 9.909333 125.936279 9.909333 125.936279 9.914744 125.941772 9.914744 125.941772 9.920155 125.947266 9.920155 125.947266 9.925566 125.958252 9.925566 125.958252 9.930977 125.963745 9.930977 125.963745 9.936388 125.969238 9.936388 125.969238 9.963440 125.974731 9.958030 125.974731 9.947209 125.980225 9.947209 125.980225 9.936388 125.991211 9.936388 125.991211 9.941798 125.996704 9.941798 125.996704 9.952620 126.002197 9.952620 126.002197 9.958030 126.007690 9.958030 126.007690 9.963440 126.013184 9.963440 126.013184 9.974261 126.018677 9.974261 126.024170 9.979671 126.024170 9.990491 126.029663 9.990491 126.029663 10.001310 126.035156 10.001310 126.035156 10.006720 126.029663 10.006720 126.029663 10.012130 126.035156 10.012130 126.035156 10.022948 126.029663 10.022948 126.029663 10.033767 126.035156 10.033767 126.035156 10.039176 126.040649 10.039176 126.040649 10.044585 126.046143 10.044585 126.046143 10.055403 126.051636 10.055403 126.057129 10.060811 126.068115 10.060811 126.068115 10.055403 126.073608 10.055403 126.073608 10.028358 126.068115 10.028358 126.068115 10.022948 126.073608 10.017539 126.079102 10.017539 126.079102 10.012130 126.084595 10.012130 126.084595 9.995901 126.090088 9.995901 126.090088 9.979671 126.095581 9.974261 126.095581 9.968851 126.101074 9.968851 126.101074 9.958030 126.095581 9.958030 126.095581 9.952620 126.101074 9.952620 126.101074 9.936388 126.106567 9.936388 126.106567 9.930977 126.112061 9.930977 126.112061 9.920155 126.117554 9.920155 126.112061 9.914744 126.112061 9.909333 126.117554 9.909333 126.112061 9.903921 126.112061 9.893099 126.117554 9.893099 126.117554 9.866040 126.106567 9.866040 126.101074 9.860628 126.095581 9.855216 126.095581 9.849804 126.101074 9.849804 126.101074 9.855216 126.106567 9.849804 126.106567 9.844392 126.112061 9.849804 126.117554 9.849804 126.117554 9.844392 126.123047 9.838979 126.128540 9.844392 126.139526 9.844392 126.139526 9.838979 126.145020 9.833567 126.145020 9.828154 126.139526 9.828154 126.145020 9.822742 126.145020 9.817329 126.150513 9.817329 126.150513 9.806504 126.156006 9.806504 126.156006 9.811916 126.166992 9.811916 126.166992 9.806504 126.161499 9.806504 126.161499 9.784851 126.156006 9.779438 126.145020 9.779438 126.145020 9.774025 126.134033 9.774025 126.128540 9.768611 126.128540 9.763198 126.123047 9.757784 126.112061 9.757784 126.112061 9.746956 126.090088 9.746956 126.084595 9.752370 126.057129 9.752370 126.057129 9.757784 126.046143 9.757784 126.046143 9.763198 126.029663 9.763198 126.029663 9.768611 126.024170 9.768611 126.024170 9.757784 126.035156 9.757784 126.035156 9.746956 126.024170 9.746956 126.024170 9.752370 126.018677 9.752370 126.018677 9.757784 126.013184 9.757784 126.013184 9.763198 126.007690 9.763198 126.007690 9.774025 126.002197 9.774025 126.002197 9.784851 125.996704 9.784851 125.996704 9.790264 125.991211 9.795678 125.991211 9.801091 125.985718 9.801091 125.985718 9.806504 125.980225 9.806504 125.980225 9.811916 125.974731 9.811916 125.974731 9.828154 125.969238 9.828154 125.969238 9.822742 125.963745 9.822742 125.963745 9.833567 125.947266 9.833567 125.952759 9.838979 125.952759 9.849804 125.941772 9.849804 125.941772 9.855216 125.936279 9.855216 125.936279 9.860628 125.930786 9.866040 125.930786 9.882275
R	1	125.974731 9.920155 125.969238 9.914744 125.963745 9.914744 125.963745 9.909333 125.958252 9.909333 125.958252 9.903921 125.952759 9.903921 125.952759 9.893099 125.958252 9.887687 125.958252 9.882275 125.963745 9.882275 125.963745 9.898510 125.969238 9.898510 125.969238 9.903921 125.974731 9.903921 125.974731 9.920155
R	2	125.963745 9.871452 125.963745 9.866040 125.969238 9.860628 125.963745 9.860628 125.958252 9.855216 125.963745 9.855216 125.963745 9.849804 125.969238 9.849804 125.969238 9.855216 125.974731 9.855216 125.974731 9.866040 125.969238 9.866040 125.969238 9.871452 125.963745 9.871452
R	3	125.958252 9.855216 125.952759 9.855216 125.952759 9.849804 125.958252 9.849804 125.958252 9.855216
R	4	125.947266 9.893099 125.941772 9.893099 125.941772 9.887687 125.947266 9.887687 125.947266 9.893099
R	5	125.963745 9.871452 125.963745 9.876864 125.958252 9.876864 125.958252 9.871452 125.963745 9.871452
R	6	125.974731 9.920155 125.974731 9.925566 125.969238 9.925566 125.969238 9.920155 125.974731 9.920155
R	7	125.930786 9.893099 125.930786 9.898510 125.925293 9.898510 125.930786 9.893099
R	8	125.980225 9.930977 125.974731 9.930977 125.974731 9.925566 125.980225 9.930977
R	9	126.101074 9.860628 126.095581 9.866040 126.095581 9.860628 126.101074 9.860628
R	10	125.930786 9.882275 125.936279 9.882275 125.936279 9.887687 125.930786 9.882275
R	0	126.177979 9.638661 126.177979 9.616998 126.172485 9.622414 126.172485 9.633246 126.177979 9.638661
R	0	125.661621 9.725300 125.661621 9.719886 125.656128 9.714472 125.650635 9.714472 125.650635 9.709057 125.656128 9.709057 125.656128 9.676569 125.661621 9.676569 125.661621 9.665738 125.645142 9.665738 125.645142 9.692813 125.639648 9.692813 125.645142 9.698228 125.639648 9.698228 125.639648 9.703643 125.634155 9.703643 125.634155 9.709057 125.628662 9.703643 125.617676 9.703643 125.623169 9.709057 125.623169 9.725300 125.634155 9.725300 125.634155 9.719886 125.639648 9.719886 125.639648 9.725300 125.661621 9.725300
R	0	125.579224 9.893099 125.584717 9.893099 125.584717 9.898510 125.590210 9.898510 125.590210 9.903921 125.595703 9.909333 125.595703 9.903921 125.601196 9.903921 125.601196 9.909333 125.612183 9.909333 125.612183 9.903921 125.606689 9.903921 125.606689 9.898510 125.612183 9.898510 125.612183 9.893099 125.617676 9.893099 125.617676 9.898510 125.623169 9.898510 125.623169 9.909333 125.634155 9.909333 125.634155 9.914744 125.645142 9.914744 125.645142 9.898510 125.639648 9.898510 125.639648 9.882275 125.645142 9.882275 125.645142 9.876864 125.650635 9.876864 125.650635 9.871452 125.645142 9.871452 125.645142 9.866040 125.656128 9.866040 125.656128 9.849804 125.678101 9.849804 125.678101 9.855216 125.683594 9.855216 125.683594 9.849804 125.689087 9.849804 125.683594 9.844392 125.678101 9.844392 125.678101 9.838979 125.672607 9.838979 125.672607 9.833567 125.667114 9.833567 125.661621 9.828154 125.645142 9.828154 125.645142 9.822742 125.639648 9.822742 125.639648 9.833567 125.634155 9.833567 125.634155 9.828154 125.628662 9.822742 125.628662 9.828154 125.623169 9.828154 125.617676 9.822742 125.617676 9.817329 125.601196 9.817329 125.601196 9.806504 125.590210 9.806504 125.590210 9.811916 125.584717 9.811916 125.584717 9.822742 125.579224 9.817329 125.579224 9.844392 125.584717 9.844392 125.584717 9.849804 125.595703 9.849804 125.595703 9.860628 125.601196 9.860628 125.601196 9.882275 125.612183 9.882275 125.612183 9.887687 125.601196 9.887687 125.601196 9.893099 125.595703 9.893099 125.595703 9.882275 125.590210 9.882275 125.590210 9.871452 125.584717 9.866040 125.584717 9.855216 125.579224 9.855216 125.579224 9.871452 125.573730 9.871452 125.573730 9.882275 125.579224 9.882275 125.579224 9.893099
R	1	125.584717 9.822742 125.595703 9.822742 125.595703 9.833567 125.584717 9.833567 125.584717 9.822742
R	0	125.716553 9.801091 125.716553 9.784851 125.722046 9.790264 125.722046 9.784851 125.727539 9.784851 125.727539 9.790264 125.733032 9.790264 125.733032 9.784851 125.738525 9.784851 125.738525 9.779438 125.727539 9.774025 125.727539 9.768611 125.722046 9.763198 125.727539 9.763198 125.727539 9.752370 125.722046 9.752370 125.716553 9.757784 125.716553 9.763198 125.711060 9.768611 125.711060 9.763198 125.700073 9.763198 125.700073 9.784851 125.694580 9.784851 125.694580 9.795678 125.700073 9.795678 125.700073 9.790264 125.711060 9.790264 125.711060 9.801091 125.716553 9.801091
R	0	125.634155 9.768611 125.634155 9.774025 125.639648 9.779438 125.634155 9.779438 125.634155 9.784851 125.628662 9.784851 125.628662 9.790264 125.634155 9.790264 125.634155 9.795678 125.639648 9.801091 125.639648 9.790264 125.645142 9.790264 125.645142 9.784851 125.650635 9.784851 125.650635 9.779438 125.656128 9.779438 125.656128 9.774025 125.661621 9.768611 125.667114 9.768611 125.667114 9.752370 125.661621 9.757784 125.656128 9.757784 125.656128 9.752370 125.650635 9.752370 125.650635 9.768611 125.639648 9.768611 125.639648 9.752370 125.634155 9.746956 125.628662 9.746956 125.628662 9.741542 125.623169 9.741542 125.623169 9.757784 125.628662 9.757784 125.628662 9.768611 125.634155 9.763198 125.634155 9.768611
R	0	125.513306 9.903921 125.518799 9.903921 125.518799 9.898510 125.524292 9.898510 125.524292 9.893099 125.535278 9.893099 125.535278 9.887687 125.529785 9.882275 125.540771 9.882275 125.540771 9.876864 125.546265 9.876864 125.546265 9.871452 125.551758 9.871452 125.551758 9.866040 125.557251 9.866040 125.551758 9.860628 125.535278 9.860628 125.535278 9.871452 125.524292 9.871452 125.524292 9.876864 125.518799 9.876864 125.518799 9.882275 125.513306 9.882275 125.513306 9.903921
R	0	125.579224 9.893099 125.573730 9.893099 125.573730 9.887687 125.568237 9.887687 125.562744 9.887687 125.562744 9.898510 125.568237 9.898510 125.568237 9.909333 125.573730 9.909333 125.573730 9.903921 125.579224 9.903921 125.579224 9.898510 125.579224 9.893099
R	0	125.903320 9.914744 125.908813 9.914744 125.908813 9.903921 125.903320 9.903921 125.903320 9.898510 125.897827 9.898510 125.897827 9.903921 125.892334 9.903921 125.892334 9.909333 125.897827 9.914744 125.897827 9.920155 125.903320 9.920155 125.903320 9.914744
R	0	126.073608 9.725300 126.068115 9.725300 126.068115 9.730714 126.073608 9.725300
R	0	125.700073 9.752370 125.700073 9.746956 125.705566 9.746956 125.705566 9.736128 125.694580 9.736128 125.694580 9.746956 125.689087 9.746956 125.689087 9.752370 125.700073 9.752370
R	0	126.172485 9.746956 126.172485 9.741542 126.166992 9.736128 126.156006 9.736128 126.150513 9.741542 126.161499 9.741542 126.166992 9.746956 126.172485 9.746956
R	0	125.716553 9.811916 125.722046 9.806504 125.716553 9.801091 125.716553 9.806504 125.711060 9.806504 125.711060 9.811916 125.716553 9.811916
R	0	125.689087 9.746956 125.689087 9.741542 125.678101 9.741542 125.683594 9.746956 125.689087 9.746956
R	0	125.612183 9.757784 125.601196 9.757784 125.601196 9.763198 125.612183 9.763198 125.612183 9.757784
R	0	125.513306 9.903921 125.507812 9.903921 125.507812 9.914744 125.513306 9.914744 125.513306 9.903921
R	0	125.897827 9.898510 125.897827 9.893099 125.892334 9.893099 125.892334 9.898510 125.897827 9.898510
R	0	125.914307 9.882275 125.908813 9.876864 125.908813 9.887687 125.914307 9.882275
R	0	125.903320 9.627830 125.897827 9.627830 125.903320 9.633246 125.903320 9.627830
R	0	125.601196 9.757784 125.595703 9.757784 125.595703 9.763198 125.601196 9.757784
R	0	125.568237 9.882275 125.562744 9.882275 125.562744 9.887687 125.568237 9.882275
P	1606800000	Surigao del Sur
R	0	125.941772 9.443643 125.936279 9.443643 125.936279 9.438224 125.930786 9.438224 125.925293 9.443643 125.919800 9.443643 125.925293 9.438224 125.914307 9.438224 125.914307 9.432806 125.903320 9.432806 125.897827 9.427387 125.897827 9.421968 125.892334 9.421968 125.892334 9.411129 125.903320 9.411129 125.903320 9.405710 125.908813 9.405710 125.908813 9.400291 125.914307 9.400291 125.914307 9.394871 125.919800 9.394871 125.919800 9.389452 125.930786 9.389452 125.930786 9.373193 125.958252 9.373193 125.958252 9.378612 125.969238 9.378612 125.969238 9.394871 125.974731 9.394871 125.974731 9.400291 125.980225 9.400291 125.980225 9.405710 125.985718 9.405710 125.991211 9.400291 125.985718 9.394871 125.985718 9.378612 125.980225 9.378612 125.980225 9.373193 125.974731 9.373193 125.974731 9.367773 125.969238 9.367773 125.969238 9.356933 125.974731 9.356933 125.974731 9.351513 125.980225 9.346092 125.985718 9.346092 125.985718 9.329831 125.980225 9.329831 125.980225 9.324411 125.985718 9.324411 125.985718 9.313569 125.991211 9.313569 125.991211 9.302728 125.996704 9.302728 125.996704 9.297307 126.013184 9.281043 126.013184 9.275622 126.029663 9.259358 126.029663 9.253936 126.040649 9.243093 126.046143 9.243093 126.046143 9.237671 126.051636 9.237671 126.057129 9.232249 126.062622 9.237671 126.073608 9.237671 126.073608 9.243093 126.090088 9.243093 126.095581 9.248514 126.106567 9.248514 126.106567 9.253936 126.117554 9.253936 126.117554 9.259358 126.123047 9.259358 126.123047 9.264779 126.128540 9.264779 126.134033 9.270201 126.139526 9.270201 126.139526 9.281043 126.145020 9.281043 126.145020 9.286465 126.156006 9.286465 126.156006 9.291886 126.161499 9.291886 126.161499 9.302728 126.166992 9.302728 126.166992 9.308149 126.177979 9.308149 126.183472 9.308149 126.183472 9.313569 126.194458 9.313569 126.194458 9.308149 126.205444 9.308149 126.205444 9.297307 126.199951 9.297307 126.199951 9.291886 126.194458 9.291886 126.194458 9.264779 126.188965 9.264779 126.188965 9.253936 126.183472 9.253936 126.183472 9.237671 126.177979 9.237671 126.177979 9.232249 126.183472 9.232249 126.183472 9.215982 126.177979 9.215982 126.177979 9.205138 126.172485 9.199715 126.177979 9.199715 126.177979 9.183447 126.172485 9.183447 126.172485 9.172602 126.177979 9.172602 126.177979 9.156333 126.172485 9.156333 126.172485 9.140063 126.166992 9.134639 126.166992 9.129216 126.161499 9.123792 126.161499 9.112945 126.156006 9.112945 126.156006 9.107521 126.161499 9.102097 126.166992 9.085824 126.172485 9.085824 126.177979 9.080400 126.194458 9.080400 126.194458 9.085824 126.199951 9.085824 126.199951 9.074976 126.205444 9.069551 126.205444 9.058702 126.210938 9.053277 126.216431 9.042428 126.238403 9.020728 126.238403 9.015302 126.243896 9.015302 126.243896 9.009877 126.249390 9.009877 126.249390 9.004452 126.254883 9.004452 126.254883 8.999026 126.271362 8.982749 126.276855 8.982749 126.276855 8.977323 126.271362 8.977323 126.271362 8.966471 126.282349 8.966471 126.282349 8.977323 126.287842 8.977323 126.293335 8.971897 126.293335 8.966471 126.298828 8.966471 126.298828 8.961045 126.304321 8.961045 126.304321 8.955619 126.309814 8.950193 126.309814 8.933914 126.293335 8.933914 126.293335 8.923060 126.304321 8.923060 126.304321 8.928487 126.309814 8.928487 126.309814 8.917634 126.320801 8.917634 126.320801 8.923060 126.326294 8.923060 126.326294 8.917634 126.320801 8.912207 126.326294 8.912207 126.320801 8.906780 126.326294 8.906780 126.326294 8.895926 126.315308 8.895926 126.315308 8.885072 126.309814 8.885072 126.309814 8.879644 126.315308 8.874217 126.315308 8.868790 126.326294 8.868790 126.326294 8.857934 126.331787 8.852507 126.331787 8.841651 126.326294 8.841651 126.326294 8.836223 126.320801 8.841651 126.320801 8.836223 126.315308 8.836223 126.315308 8.830795 126.326294 8.830795 126.326294 8.819939 126.315308 8.819939 126.315308 8.814511 126.304321 8.814511 126.304321 8.803654 126.298828 8.798225 126.304321 8.798225 126.304321 8.781940 126.293335 8.781940 126.293335 8.771082 126.282349 8.771082 126.282349 8.776511 126.265869 8.776511 126.265869 8.771082 126.260376 8.771082 126.260376 8.765653 126.254883 8.765653 126.254883 8.771082 126.249390 8.765653 126.238403 8.765653 126.238403 8.738507 126.227417 8.738507 126.227417 8.743936 126.221924 8.743936 126.221924 8.738507 126.216431 8.738507 126.216431 8.733077 126.210938 8.733077 126.210938 8.711359 126.216431 8.705929 126.221924 8.705929 126.221924 8.711359 126.227417 8.705929 126.227417 8.700499 126.243896 8.700499 126.243896 8.695069 126.227417 8.695069 126.221924 8.689639 126.210938 8.689639 126.210938 8.695069 126.199951 8.695069 126.194458 8.700499 126.194458 8.695069 126.188965 8.700499 126.177979 8.689639 126.177979 8.684209 126.172485 8.684209 126.166992 8.678779 126.156006 8.678779 126.156006 8.673348 126.134033 8.673348 126.134033 8.667918 126.139526 8.667918 126.139526 8.662488 126.128540 8.662488 126.128540 8.657057 126.123047 8.657057 126.123047 8.651626 126.117554 8.657057 126.117554 8.651626 126.106567 8.651626 126.106567 8.646196 126.095581 8.646196 126.095581 8.619041 126.084595 8.619041 126.084595 8.608179 126.090088 8.608179 126.090088 8.602747 126.101074 8.602747 126.101074 8.597316 126.106567 8.597316 126.106567 8.591884 126.112061 8.591884 126.117554 8.586453 126.123047 8.586453 126.123047 8.575590 126.117554 8.570158 126.117554 8.575590 126.112061 8.570158 126.112061 8.564726 126.117554 8.564726 126.117554 8.553862 126.123047 8.553862 126.123047 8.542998 126.128540 8.542998 126.128540 8.537565 126.139526 8.537565 126.139526 8.532133 126.145020 8.532133 126.145020 8.526701 126.156006 8.526701 126.156006 8.532133 126.161499 8.532133 126.161499 8.542998 126.166992 8.537565 126.177979 8.537565 126.177979 8.532133 126.183472 8.532133 126.188965 8.526701 126.210938 8.526701 126.210938 8.521268 126.216431 8.526701 126.216431 8.521268 126.221924 8.521268 126.221924 8.526701 126.227417 8.526701 126.227417 8.532133 126.221924 8.532133 126.221924 8.537565 126.216431 8.532133 126.216431 8.542998 126.210938 8.542998 126.205444 8.537565 126.205444 8.542998 126.194458 8.542998 126.188965 8.548430 126.188965 8.553862 126.205444 8.553862 126.205444 8.559294 126.210938 8.559294 126.216431 8.553862 126.227417 8.553862 126.227417 8.548430 126.265869 8.548430 126.265869 8.542998 126.276855 8.542998 126.276855 8.537565 126.282349 8.537565 126.282349 8.532133 126.287842 8.532133 126.287842 8.526701 126.293335 8.526701 126.293335 8.532133 126.304321 8.532133 126.309814 8.537565 126.315308 8.537565 126.315308 8.532133 126.320801 8.532133 126.320801 8.537565 126.331787 8.537565 126.331787 8.532133 126.342773 8.532133 126.342773 8.537565 126.337280 8.537565 126.348267 8.548430 126.359253 8.548430 126.359253 8.526701 126.353760 8.521268 126.353760 8.515836 126.381226 8.515836 126.381226 8.510403 126.386719 8.510403 126.386719 8.499537 126.392212 8.499537 126.392212 8.488672 126.386719 8.488672 126.386719 8.477805 126.392212 8.477805 126.386719 8.472372 126.392212 8.472372 126.397705 8.466939 126.359253 8.466939 126.359253 8.450639 126.353760 8.450639 126.353760 8.445205 126.359253 8.439772 126.353760 8.439772 126.353760 8.434338 126.348267 8.434338 126.348267 8.428904 126.353760 8.428904 126.348267 8.423470 126.364746 8.423470 126.364746 8.428904 126.370239 8.428904 126.370239 8.434338 126.375732 8.428904 126.375732 8.412602 126.381226 8.412602 126.381226 8.407168 126.370239 8.407168 126.370239 8.390865 126.364746 8.390865 126.359253 8.385431 126.359253 8.379997 126.353760 8.374562 126.353760 8.369127 126.348267 8.369127 126.348267 8.363693 126.342773 8.363693 126.342773 8.369127 126.337280 8.369127 126.337280 8.363693 126.331787 8.363693 126.326294 8.358258 126.320801 8.358258 126.320801 8.347388 126.326294 8.347388 126.326294 8.336518 126.337280 8.336518 126.337280 8.331083 126.326294 8.331083 126.326294 8.325648 126.331787 8.320212 126.331787 8.314777 126.342773 8.314777 126.342773 8.309341 126.359253 8.309341 126.359253 8.314777 126.364746 8.314777 126.364746 8.309341 126.375732 8.309341 126.375732 8.303906 126.381226 8.303906 126.375732 8.298470 126.381226 8.298470 126.381226 8.287599 126.375732 8.287599 126.375732 8.282163 126.370239 8.282163 126.370239 8.271291 126.364746 8.271291 126.364746 8.265855 126.359253 8.265855 126.359253 8.260419 126.353760 8.260419 126.353760 8.254983 126.348267 8.254983 126.348267 8.249546 126.331787 8.249546 126.331787 8.244110 126.326294 8.244110 126.326294 8.238674 126.320801 8.238674 126.320801 8.233237 126.315308 8.233237 126.315308 8.227801 126.309814 8.222364 126.309814 8.216927 126.315308 8.216927 126.315308 8.222364 126.320801 8.216927 126.320801 8.206053 126.326294 8.200616 126.326294 8.195179 126.331787 8.189742 126.337280 8.189742 126.337280 8.184305 126.348267 8.184305 126.348267 8.189742 126.353760 8.189742 126.353760 8.195179 126.375732 8.195179 126.375732 8.200616 126.381226 8.195179 126.386719 8.200616 126.392212 8.200616 126.392212 8.206053 126.397705 8.206053 126.397705 8.211490 126.403198 8.211490 126.403198 8.216927 126.408691 8.216927 126.408691 8.222364 126.414185 8.222364 126.414185 8.227801 126.425171 8.227801 126.425171 8.233237 126.430664 8.233237 126.430664 8.238674 126.436157 8.238674 126.436157 8.244110 126.458130 8.244110 126.458130 8.233237 126.452637 8.233237 126.452637 8.227801 126.447144 8.227801 126.447144 8.216927 126.441650 8.216927 126.441650 8.211490 126.447144 8.211490 126.447144 8.206053 126.441650 8.206053 126.441650 8.184305 126.447144 8.184305 126.447144 8.173431 126.441650 8.173431 126.441650 8.162556 126.436157 8.162556 126.436157 8.129929 126.441650 8.124491 126.436157 8.124491 126.436157 8.119053 126.430664 8.119053 126.436157 8.113615 126.425171 8.113615 126.430664 8.108177 126.430664 8.102739 126.436157 8.102739 126.436157 8.097300 126.441650 8.097300 126.441650 8.091862 126.436157 8.091862 126.436157 8.086423 126.430664 8.080985 126.430664 8.075546 126.425171 8.075546 126.425171 8.064669 126.419678 8.064669 126.419678 8.053791 126.414185 8.053791 126.419678 8.048352 126.419678 8.042913 126.414185 8.037473 126.414185 8.021155 126.419678 8.015716 126.414185 8.015716 126.408691 8.010276 126.408691 7.993957 126.414185 7.999397 126.419678 7.999397 126.414185 7.993957 126.419678 7.993957 126.419678 7.988518 126.425171 7.988518 126.425171 7.993957 126.430664 7.993957 126.430664 7.988518 126.436157 7.988518 126.425171 7.977638 126.419678 7.977638 126.419678 7.972198 126.414185 7.972198 126.414185 7.961317 126.408691 7.961317 126.408691 7.955877 126.386719 7.955877 126.386719 7.950437 126.381226 7.950437 126.381226 7.944996 126.375732 7.944996 126.375732 7.939556 126.370239 7.939556 126.370239 7.917793 126.353760 7.999397 126.227417 7.999397 126.199951 8.287599 126.018677 8.499537 125.755005 9.232249 125.749512 9.324411 125.881348 9.497826 125.886841 9.497826 125.886841 9.492408 125.897827 9.492408 125.897827 9.497826 125.903320 9.497826 125.903320 9.492408 125.908813 9.492408 125.908813 9.497826 125.919800 9.497826 125.919800 9.486990 125.925293 9.486990 125.919800 9.481572 125.919800 9.476154 125.925293 9.476154 125.925293 9.470736 125.930786 9.470736 125.930786 9.454480 125.936279 9.454480 125.936279 9.449062 125.941772 9.449062 125.941772 9.443643
R	1	126.419678 7.988518 126.414185 7.988518 126.414185 7.983078 126.419678 7.983078 126.419678 7.988518
R	2	126.238403 9.015302 126.227417 9.015302 126.232910 9.009877 126.238403 9.009877 126.238403 9.015302
R	3	126.359253 8.466939 126.359253 8.472372 126.353760 8.472372 126.353760 8.466939 126.359253 8.466939
R	4	126.177979 9.308149 126.177979 9.302728 126.183472 9.302728 126.177979 9.308149
R	0	125.936279 9.405710 125.930786 9.400291 125.925293 9.400291 125.930786 9.405710 125.936279 9.405710
R	0	125.936279 9.411129 125.925293 9.411129 125.925293 9.405710 125.919800 9.405710 125.919800 9.411129 125.914307 9.411129 125.914307 9.416548 125.936279 9.416548 125.936279 9.411129
R	0	125.941772 9.465317 125.947266 9.465317 125.947266 9.481572 125.963745 9.481572 125.963745 9.470736 125.958252 9.470736 125.958252 9.465317 125.952759 9.465317 125.952759 9.459899 125.947266 9.454480 125.952759 9.449062 125.952759 9.454480 125.958252 9.454480 125.958252 9.449062 125.952759 9.443643 125.947266 9.443643 125.947266 9.449062 125.941772 9.449062 125.941772 9.459899 125.936279 9.459899 125.941772 9.465317
R	0	126.007690 9.405710 126.002197 9.405710 126.002197 9.411129 125.991211 9.411129 125.991211 9.416548 125.996704 9.416548 125.996704 9.421968 126.002197 9.421968 126.002197 9.427387 126.018677 9.427387 126.024170 9.421968 126.024170 9.411129 126.013184 9.411129 126.007690 9.411129 126.007690 9.405710
R	0	126.441650 8.097300 126.441650 8.102739 126.452637 8.102739 126.452637 8.097300 126.447144 8.097300 126.447144 8.091862 126.441650 8.097300
R	0	125.941772 9.465317 125.936279 9.465317 125.936279 9.470736 125.941772 9.476154 125.941772 9.465317
R	0	126.436157 7.988518 126.441650 7.993957 126.441650 7.988518 126.436157 7.983078 126.436157 7.988518
R	0	126.007690 9.405710 126.013184 9.411129 126.013184 9.400291 126.007690 9.405710
R	0	125.936279 9.411129 125.941772 9.411129 125.941772 9.405710 125.936279 9.405710 125.936279 9.411129
R	0	126.199951 9.091249 126.194458 9.085824 126.194458 9.091249 126.199951 9.091249
R	0	125.941772 9.443643 125.947266 9.443643 125.947266 9.438224 125.941772 9.443643
P	1608500000	Dinagat Islands
R	0	125.496826 10.179781 125.502319 10.174374 125.496826 10.174374 125.496826 10.179781
R	0	125.551758 9.974261 125.540771 9.974261 125.540771 9.979671 125.535278 9.985081 125.535278 9.990491 125.540771 9.990491 125.540771 9.985081 125.546265 9.985081 125.546265 9.979671 125.551758 9.979671 125.551758 9.974261
R	0	125.474854 10.460804 125.480347 10.455402 125.491333 10.455402 125.502319 10.444598 125.502319 10.439196 125.496826 10.433793 125.491333 10.433793 125.491333 10.428391 125.496826 10.428391 125.496826 10.422988 125.480347 10.422988 125.480347 10.428391 125.474854 10.433793 125.480347 10.433793 125.474854 10.439196 125.474854 10.444598 125.469360 10.444598 125.469360 10.450000 125.463867 10.455402 125.463867 10.460804 125.474854 10.460804
R	0	125.502319 10.017539 125.502319 10.012130 125.507812 10.006720 125.507812 10.001310 125.513306 9.995901 125.507812 9.995901 125.507812 9.985081 125.502319 9.985081 125.502319 10.006720 125.496826 10.012130 125.496826 10.017539 125.502319 10.017539
R	0	125.518799 10.022948 125.529785 10.022948 125.529785 10.017539 125.535278 10.017539 125.535278 10.012130 125.518799 10.012130 125.518799 10.006720 125.513306 10.006720 125.513306 10.017539 125.518799 10.022948
R	0	125.606689 9.952620 125.590210 9.952620 125.590210 9.963440 125.595703 9.963440 125.595703 9.958030 125.606689 9.958030 125.606689 9.952620
R	0	125.502319 10.082446 125.502319 10.077037 125.502319 10.071629 125.496826 10.077037 125.496826 10.082446 125.502319 10.082446
R	0	125.551758 9.974261 125.557251 9.974261 125.557251 9.968851 125.551758 9.968851 125.551758 9.974261
R	0	125.518799 10.022948 125.513306 10.022948 125.513306 10.028358 125.518799 10.028358 125.518799 10.022948
R	0	125.606689 10.406780 125.601196 10.406780 125.601196 10.412183 125.606689 10.412183 125.606689 10.406780
R	0	125.557251 9.968851 125.562744 9.963440 125.557251 9.963440 125.557251 9.968851
R	0	125.535278 10.012130 125.540771 10.012130 125.535278 10.006720 125.535278 10.012130
R	0	125.496826 10.179781 125.496826 10.185187 125.502319 10.185187 125.513306 10.185187 125.513306 10.179781 125.524292 10.179781 125.524292 10.185187 125.518799 10.185187 125.518799 10.190594 125.513306 10.190594 125.513306 10.196000 125.507812 10.196000 125.502319 10.201407 125.502319 10.206813 125.507812 10.206813 125.507812 10.212219 125.513306 10.206813 125.518799 10.206813 125.518799 10.201407 125.524292 10.201407 125.524292 10.190594 125.529785 10.190594 125.529785 10.196000 125.535278 10.196000 125.535278 10.201407 125.540771 10.201407 125.540771 10.212219 125.535278 10.212219 125.535278 10.217625 125.529785 10.217625 125.529785 10.223031 125.524292 10.223031 125.524292 10.228437 125.518799 10.233843 125.513306 10.233843 125.513306 10.244654 125.518799 10.244654 125.518799 10.271681 125.524292 10.271681 125.524292 10.277086 125.535278 10.277086 125.535278 10.287896 125.529785 10.287896 125.529785 10.282491 125.518799 10.282491 125.518799 10.293301 125.513306 10.293301 125.513306 10.298706 125.518799 10.298706 125.518799 10.314919 125.513306 10.314919 125.513306 10.320324 125.518799 10.325728 125.524292 10.325728 125.529785 10.320324 125.535278 10.325728 125.546265 10.325728 125.546265 10.320324 125.557251 10.320324 125.557251 10.341940 125.551758 10.341940 125.551758 10.347344 125.557251 10.347344 125.557251 10.352748 125.551758 10.352748 125.546265 10.358151 125.546265 10.374362 125.551758 10.374362 125.551758 10.385168 125.562744 10.385168 125.562744 10.374362 125.568237 10.374362 125.568237 10.363555 125.579224 10.363555 125.579224 10.358151 125.584717 10.358151 125.584717 10.363555 125.595703 10.363555 125.595703 10.368958 125.601196 10.374362 125.601196 10.379765 125.606689 10.379765 125.606689 10.406780 125.612183 10.406780 125.612183 10.428391 125.606689 10.428391 125.606689 10.433793 125.612183 10.433793 125.612183 10.444598 125.617676 10.444598 125.617676 10.450000 125.623169 10.450000 125.623169 10.460804 125.634155 10.460804 125.634155 10.471607 125.645142 10.471607 125.645142 10.466206 125.650635 10.466206 125.650635 10.455402 125.656128 10.455402 125.656128 10.444598 125.650635 10.444598 125.650635 10.439196 125.661621 10.439196 125.661621 10.433793 125.667114 10.433793 125.667114 10.422988 125.672607 10.422988 125.672607 10.417586 125.667114 10.412183 125.672607 10.412183 125.672607 10.401378 125.678101 10.395975 125.678101 10.385168 125.672607 10.379765 125.672607 10.352748 125.667114 10.352748 125.667114 10.341940 125.661621 10.341940 125.661621 10.331132 125.656128 10.325728 125.656128 10.314919 125.650635 10.314919 125.650635 10.309515 125.645142 10.304110 125.645142 10.293301 125.650635 10.293301 125.650635 10.282491 125.656128 10.271681 125.650635 10.271681 125.650635 10.266276 125.656128 10.266276 125.656128 10.260871 125.650635 10.255465 125.650635 10.250060 125.645142 10.250060 125.645142 10.239249 125.650635 10.239249 125.650635 10.233843 125.656128 10.228437 125.656128 10.206813 125.661621 10.206813 125.661621 10.196000 125.656128 10.196000 125.656128 10.190594 125.650635 10.185187 125.650635 10.163560 125.656128 10.163560 125.661621 10.168967 125.661621 10.174374 125.672607 10.174374 125.672607 10.168967 125.678101 10.168967 125.678101 10.152746 125.661621 10.152746 125.656128 10.147339 125.661621 10.147339 125.661621 10.114894 125.667114 10.114894 125.667114 10.109486 125.672607 10.114894 125.672607 10.109486 125.678101 10.109486 125.678101 10.098670 125.683594 10.098670 125.683594 10.087854 125.689087 10.087854 125.689087 10.082446 125.694580 10.082446 125.694580 10.060811 125.700073 10.060811 125.700073 10.055403 125.694580 10.055403 125.694580 10.044585 125.689087 10.039176 125.689087 10.033767 125.683594 10.033767 125.683594 10.028358 125.689087 10.028358 125.689087 10.017539 125.683594 10.017539 125.683594 10.006720 125.678101 10.006720 125.678101 9.995901 125.672607 9.995901 125.672607 9.990491 125.678101 9.990491 125.678101 9.968851 125.672607 9.968851 125.672607 9.963440 125.678101 9.963440 125.678101 9.958030 125.667114 9.958030 125.667114 9.952620 125.656128 9.952620 125.656128 9.947209 125.661621 9.947209 125.661621 9.941798 125.667114 9.941798 125.672607 9.936388 125.678101 9.936388 125.678101 9.930977 125.672607 9.925566 125.672607 9.914744 125.694580 9.914744 125.700073 9.909333 125.700073 9.903921 125.705566 9.903921 125.705566 9.882275 125.700073 9.882275 125.700073 9.876864 125.705566 9.876864 125.705566 9.871452 125.700073 9.871452 125.700073 9.866040 125.678101 9.866040 125.678101 9.860628 125.672607 9.860628 125.672607 9.855216 125.667114 9.849804 125.661621 9.855216 125.656128 9.855216 125.656128 9.866040 125.650635 9.871452 125.650635 9.876864 125.645142 9.876864 125.645142 9.882275 125.639648 9.882275 125.639648 9.893099 125.645142 9.898510 125.645142 9.936388 125.634155 9.936388 125.634155 9.941798 125.628662 9.941798 125.623169 9.947209 125.606689 9.947209 125.606689 9.952620 125.612183 9.952620 125.612183 9.958030 125.617676 9.958030 125.617676 9.963440 125.601196 9.963440 125.601196 9.974261 125.590210 9.974261 125.590210 9.979671 125.601196 9.979671 125.601196 9.985081 125.606689 9.985081 125.612183 9.990491 125.606689 9.990491 125.601196 9.995901 125.601196 9.990491 125.584717 9.990491 125.584717 9.985081 125.579224 9.985081 125.579224 9.974261 125.573730 9.979671 125.573730 9.985081 125.568237 9.985081 125.568237 9.995901 125.573730 9.990491 125.579224 9.995901 125.579224 10.001310 125.573730 10.001310 125.573730 10.006720 125.568237 10.006720 125.568237 10.012130 125.573730 10.012130 125.568237 10.017539 125.573730 10.022948 125.573730 10.028358 125.584717 10.028358 125.584717 10.022948 125.590210 10.022948 125.590210 10.028358 125.584717 10.033767 125.584717 10.039176 125.573730 10.039176 125.573730 10.044585 125.579224 10.044585 125.584717 10.049994 125.590210 10.044585 125.590210 10.039176 125.601196 10.039176 125.601196 10.049994 125.595703 10.049994 125.595703 10.060811 125.590210 10.060811 125.590210 10.077037 125.584717 10.077037 125.584717 10.087854 125.568237 10.087854 125.568237 10.082446 125.573730 10.082446 125.573730 10.066220 125.568237 10.066220 125.568237 10.071629 125.557251 10.071629 125.557251 10.077037 125.551758 10.077037 125.551758 10.082446 125.540771 10.082446 125.540771 10.077037 125.535278 10.077037 125.535278 10.071629 125.529785 10.066220 125.529785 10.060811 125.507812 10.060811 125.507812 10.071629 125.502319 10.071629 125.507812 10.077037 125.507812 10.082446 125.502319 10.087854 125.496826 10.087854 125.496826 10.093262 125.502319 10.093262 125.502319 10.098670 125.496826 10.098670 125.496826 10.104078 125.480347 10.104078 125.480347 10.120302 125.480347 10.125709 125.474854 10.125709 125.474854 10.141932 125.480347 10.141932 125.480347 10.131117 125.485840 10.131117 125.496826 10.131117 125.502319 10.136524 125.491333 10.136524 125.491333 10.141932 125.496826 10.141932 125.496826 10.152746 125.502319 10.158153 125.496826 10.163560 125.502319 10.163560 125.502319 10.174374 125.507812 10.174374 125.507812 10.179781 125.502319 10.179781 125.496826 10.179781
R	1	125.480347 10.120302 125.485840 10.114894 125.491333 10.114894 125.485840 10.120302 125.491333 10.120302 125.485840 10.125709 125.480347 10.120302
R	2	125.650635 10.185187 125.650635 10.190594 125.645142 10.190594 125.645142 10.185187 125.650635 10.185187
P	1704000000	Marinduque
R	0	121.964722 13.533860 121.970215 13.528519 121.975708 13.528519 121.975708 13.523179 121.997681 13.523179 121.997681 13.533860 122.008667 13.533860 122.008667 13.539201 122.003174 13.539201 122.003174 13.544541 122.008667 13.549881 122.014160 13.549881 122.014160 13.544541 122.019653 13.544541 122.019653 13.539201 122.025146 13.539201 122.025146 13.533860 122.030640 13.533860 122.030640 13.523179 122.036133 13.523179 122.036133 13.517838 122.025146 13.517838 122.025146 13.512497 122.047119 13.512497 122.047119 13.501814 122.052612 13.501814 122.052612 13.491131 122.047119 13.491131 122.041626 13.485790 122.047119 13.485790 122.047119 13.480448 122.063599 13.480448 122.063599 13.475106 122.069092 13.475106 122.069092 13.480448 122.074585 13.480448 122.074585 13.485790 122.080078 13.485790 122.080078 13.491131 122.085571 13.491131 122.091064 13.485790 122.096558 13.485790 122.096558 13.480448 122.107544 13.480448 122.107544 13.469764 122.113037 13.469764 122.118530 13.464422 122.124023 13.464422 122.124023 13.453737 122.129517 13.453737 122.129517 13.448395 122.124023 13.443052 122.124023 13.437709 122.118530 13.437709 122.118530 13.427024 122.107544 13.427024 122.107544 13.432367 122.102051 13.432367 122.102051 13.416337 122.107544 13.416337 122.107544 13.410994 122.118530 13.410994 122.118530 13.400307 122.124023 13.400307 122.124023 13.389620 122.145996 13.389620 122.140503 13.384276 122.140503 13.373588 122.145996 13.378932 122.145996 13.373588 122.140503 13.368243 122.135010 13.368243 122.135010 13.362899 122.124023 13.362899 122.124023 13.341520 122.118530 13.341520 122.118530 13.336175 122.107544 13.336175 122.107544 13.330830 122.102051 13.325485 122.091064 13.325485 122.091064 13.320140 122.085571 13.314794 122.080078 13.314794 122.080078 13.309449 122.069092 13.309449 122.069092 13.304103 122.063599 13.298757 122.063599 13.282719 122.052612 13.282719 122.047119 13.277373 122.041626 13.266680 122.047119 13.266680 122.047119 13.261333 122.052612 13.261333 122.052612 13.234598 122.047119 13.234598 122.047119 13.223904 122.041626 13.223904 122.041626 13.213208 122.036133 13.213208 122.036133 13.207860 122.030640 13.202513 122.030640 13.197165 122.019653 13.197165 122.014160 13.202513 122.003174 13.197165 122.003174 13.202513 121.992188 13.202513 121.992188 13.207860 121.981201 13.207860 121.981201 13.213208 121.975708 13.218556 121.964722 13.218556 121.964722 13.223904 121.959229 13.223904 121.964722 13.229251 121.959229 13.229251 121.959229 13.239945 121.953735 13.239945 121.948242 13.250640 121.942749 13.250640 121.942749 13.255986 121.926270 13.255986 121.926270 13.261333 121.920776 13.261333 121.909790 13.272026 121.887817 13.272026 121.887817 13.277373 121.876831 13.277373 121.876831 13.282719 121.865845 13.282719 121.860352 13.293411 121.854858 13.298757 121.854858 13.309449 121.843872 13.320140 121.843872 13.330830 121.838379 13.330830 121.838379 13.336175 121.832886 13.336175 121.827393 13.341520 121.821899 13.341520 121.821899 13.346865 121.816406 13.346865 121.816406 13.352210 121.821899 13.352210 121.821899 13.389620 121.827393 13.394963 121.821899 13.394963 121.827393 13.400307 121.827393 13.405651 121.821899 13.405651 121.821899 13.421681 121.816406 13.432367 121.816406 13.437709 121.810913 13.443052 121.810913 13.453737 121.816406 13.459080 121.816406 13.464422 121.821899 13.464422 121.821899 13.469764 121.827393 13.475106 121.832886 13.475106 121.838379 13.480448 121.838379 13.491131 121.843872 13.491131 121.843872 13.507155 121.854858 13.507155 121.854858 13.517838 121.854858 13.523179 121.865845 13.523179 121.865845 13.533860 121.871338 13.533860 121.871338 13.539201 121.860352 13.539201 121.860352 13.544541 121.865845 13.549881 121.860352 13.555222 121.854858 13.555222 121.854858 13.565902 121.865845 13.565902 121.865845 13.571242 121.871338 13.571242 121.871338 13.565902 121.876831 13.565902 121.876831 13.549881 121.882324 13.555222 121.882324 13.549881 121.887817 13.549881 121.893311 13.549881 121.893311 13.544541 121.898804 13.544541 121.898804 13.533860 121.909790 13.533860 121.909790 13.528519 121.915283 13.528519 121.920776 13.523179 121.920776 13.528519 121.926270 13.528519 121.926270 13.544541 121.937256 13.544541 121.937256 13.533860 121.959229 13.533860 121.959229 13.528519 121.964722 13.528519 121.964722 13.533860
R	1	121.871338 13.539201 121.871338 13.544541 121.865845 13.544541 121.871338 13.539201
R	0	121.964722 13.549881 121.970215 13.555222 121.970215 13.549881 121.964722 13.549881
R	0	122.069092 13.528519 122.074585 13.523179 122.074585 13.517838 122.080078 13.517838 122.080078 13.512497 122.085571 13.512497 122.085571 13.507155 122.096558 13.507155 122.102051 13.501814 122.102051 13.496473 122.080078 13.496473 122.080078 13.501814 122.063599 13.501814 122.063599 13.523179 122.069092 13.523179 122.069092 13.528519
R	0	122.129517 13.427024 122.129517 13.421681 122.135010 13.421681 122.135010 13.416337 122.140503 13.410994 122.145996 13.410994 122.151489 13.405651 122.151489 13.400307 122.145996 13.400307 122.145996 13.394963 122.140503 13.394963 122.140503 13.405651 122.135010 13.405651 122.135010 13.400307 122.124023 13.400307 122.124023 13.427024 122.129517 13.427024
R	0	122.184448 13.528519 122.184448 13.517838 122.189941 13.517838 122.189941 13.512497 122.184448 13.512497 122.184448 13.501814 122.178955 13.501814 122.178955 13.507155 122.173462 13.507155 122.173462 13.512497 122.167969 13.512497 122.167969 13.523179 122.173462 13.523179 122.178955 13.528519 122.184448 13.528519
R	0	122.107544 13.539201 122.113037 13.533860 122.129517 13.533860 122.135010 13.528519 122.135010 13.517838 122.129517 13.517838 122.129517 13.523179 122.118530 13.523179 122.118530 13.528519 122.113037 13.528519 122.107544 13.523179 122.107544 13.539201
R	0	122.145996 13.373588 122.151489 13.373588 122.151489 13.368243 122.145996 13.368243 122.145996 13.373588
R	0	122.052612 13.491131 122.058105 13.491131 122.058105 13.485790 122.052612 13.485790 122.052612 13.491131
R	0	121.860352 13.539201 121.860352 13.533860 121.854858 13.539201 121.860352 13.539201
R	0	121.893311 13.555222 121.887817 13.555222 121.887817 13.560562 121.893311 13.555222
R	0	121.854858 13.517838 121.849365 13.517838 121.849365 13.523179 121.854858 13.517838
P	1705100000	Occidental Mindoro
R	0	121.074829 12.297068 121.074829 12.291701 121.080322 12.291701 121.080322 12.280966 121.085815 12.280966 121.080322 12.275599 121.085815 12.275599 121.085815 12.270231 121.091309 12.264864 121.091309 12.254128 121.096802 12.254128 121.096802 12.243392 121.102295 12.243392 121.102295 12.227286 121.107788 12.227286 121.107788 12.221918 121.102295 12.221918 121.102295 12.200442 121.113281 12.200442 121.113281 12.195073 121.118774 12.195073 121.118774 12.189704 121.124268 12.184334 121.124268 12.178965 121.129761 12.178965 121.129761 12.173595 121.135254 12.168226 121.135254 12.157486 121.124268 12.157486 121.124268 12.152116 121.118774 12.152116 121.118774 12.157486 121.113281 12.157486 121.113281 12.162856 121.107788 12.162856 121.107788 12.173595 121.102295 12.173595 121.102295 12.168226 121.096802 12.168226 121.096802 12.173595 121.085815 12.173595 121.085815 12.195073 121.080322 12.200442 121.080322 12.211180 121.074829 12.211180 121.069336 12.216549 121.052856 12.216549 121.052856 12.221918 121.036377 12.221918 121.036377 12.238023 121.041870 12.238023 121.041870 12.243392 121.030884 12.243392 121.030884 12.254128 121.036377 12.259496 121.036377 12.275599 121.041870 12.275599 121.041870 12.291701 121.052856 12.291701 121.052856 12.297068 121.074829 12.297068
R	0	120.772705 12.934968 120.772705 12.956383 120.767212 12.961736 120.767212 12.988500 120.761719 12.988500 120.761719 13.004558 120.756226 13.009910 120.756226 13.020614 120.750732 13.020614 120.750732 13.031318 120.745239 13.031318 120.745239 13.042021 120.739746 13.042021 120.739746 13.052724 120.734253 13.058075 120.734253 13.063426 120.723267 13.063426 120.723267 13.068777 120.717773 13.074128 120.717773 13.079478 120.712280 13.084829 120.712280 13.090179 120.706787 13.095530 120.706787 13.106230 120.701294 13.106230 120.701294 13.116930 120.695801 13.116930 120.695801 13.122280 120.690308 13.122280 120.690308 13.127629 120.684814 13.127629 120.684814 13.143678 120.668335 13.159725 120.668335 13.165074 120.662842 13.165074 120.662842 13.170423 120.657349 13.170423 120.657349 13.186468 120.651855 13.186468 120.651855 13.191816 120.640869 13.191816 120.629883 13.197165 120.607910 13.197165 120.607910 13.202513 120.602417 13.202513 120.602417 13.213208 120.596924 13.213208 120.596924 13.218556 120.591431 13.223904 120.580444 13.223904 120.574951 13.218556 120.569458 13.218556 120.569458 13.223904 120.574951 13.223904 120.574951 13.229251 120.563965 13.229251 120.563965 13.223904 120.552979 13.229251 120.531006 13.229251 120.525513 13.223904 120.525513 13.245293 120.531006 13.245293 120.531006 13.250640 120.525513 13.255986 120.520020 13.266680 120.514526 13.272026 120.514526 13.266680 120.503540 13.266680 120.503540 13.272026 120.498047 13.272026 120.492554 13.282719 120.487061 13.282719 120.487061 13.288065 120.481567 13.293411 120.481567 13.298757 120.487061 13.304103 120.487061 13.325485 120.481567 13.336175 120.481567 13.341520 120.476074 13.341520 120.476074 13.357554 120.470581 13.357554 120.470581 13.368243 120.465088 13.373588 120.465088 13.384276 120.470581 13.384276 120.470581 13.389620 120.476074 13.394963 120.476074 13.400307 120.470581 13.400307 120.470581 13.405651 120.465088 13.405651 120.465088 13.410994 120.454102 13.421681 120.448608 13.421681 120.443115 13.427024 120.426636 13.427024 120.426636 13.421681 120.415649 13.421681 120.415649 13.416337 120.404663 13.416337 120.404663 13.410994 120.393677 13.410994 120.388184 13.405651 120.388184 13.400307 120.393677 13.394963 120.393677 13.378932 120.388184 13.378932 120.388184 13.373588 120.382690 13.373588 120.371704 13.378932 120.366211 13.378932 120.366211 13.384276 120.355225 13.384276 120.355225 13.378932 120.349731 13.384276 120.338745 13.384276 120.338745 13.389620 120.333252 13.389620 120.333252 13.400307 120.327759 13.400307 120.327759 13.405651 120.322266 13.405651 120.322266 13.410994 120.316772 13.410994 120.316772 13.421681 120.311279 13.421681 120.311279 13.432367 120.305786 13.432367 120.305786 13.437709 120.300293 13.437709 120.300293 13.448395 120.305786 13.448395 120.311279 13.453737 120.311279 13.475106 120.316772 13.475106 120.316772 13.480448 120.322266 13.480448 120.322266 13.485790 120.327759 13.485790 120.327759 13.491131 120.338745 13.491131 120.338745 13.496473 120.344238 13.501814 120.344238 13.507155 120.355225 13.507155 120.355225 13.512497 120.366211 13.512497 120.366211 13.517838 120.377197 13.517838 120.382690 13.523179 120.399170 13.523179 120.410156 13.528519 120.426636 13.528519 120.426636 13.523179 120.448608 13.523179 120.454102 13.517838 120.454102 13.512497 120.459595 13.512497 120.465088 13.507155 120.476074 13.507155 120.476074 13.501814 120.481567 13.501814 120.481567 13.507155 120.503540 13.507155 120.503540 13.512497 120.509033 13.507155 120.525513 13.507155 120.525513 13.501814 120.531006 13.501814 120.531006 13.507155 120.536499 13.507155 120.536499 13.501814 120.541992 13.501814 120.547485 13.507155 120.547485 13.501814 120.552979 13.501814 120.552979 13.507155 120.569458 13.507155 120.569458 13.501814 120.585938 13.501814 120.591431 13.496473 120.607910 13.496473 120.613403 13.491131 120.613403 13.485790 120.624390 13.485790 120.624390 13.491131 120.635376 13.491131 120.635376 13.485790 120.640869 13.485790 120.646362 13.491131 120.679321 13.491131 120.679321 13.485790 120.701294 13.485790 120.701294 13.480448 120.723267 13.480448 120.723267 13.475106 120.728760 13.475106 120.739746 13.469764 120.745239 13.469764 120.750732 13.464422 120.772705 13.464422 120.772705 13.469764 120.794678 13.469764 120.794678 13.475106 120.800171 13.469764 120.800171 13.475106 120.811157 13.475106 120.811157 13.480448 120.827637 13.480448 120.833130 13.485790 120.866089 13.485790 120.866089 13.491131 120.871582 13.491131 120.871582 13.496473 120.877075 13.496473 120.882568 13.501814 120.800171 13.282719 121.239624 13.063426 121.245117 12.211180 121.239624 12.211180 121.239624 12.216549 121.234131 12.216549 121.234131 12.221918 121.228638 12.221918 121.228638 12.227286 121.217651 12.227286 121.217651 12.232655 121.212158 12.232655 121.212158 12.238023 121.201172 12.238023 121.201172 12.243392 121.113281 12.243392 121.113281 12.270231 121.107788 12.270231 121.107788 12.275599 121.102295 12.275599 121.096802 12.270231 121.096802 12.280966 121.091309 12.286334 121.091309 12.291701 121.096802 12.291701 121.096802 12.297068 121.102295 12.297068 121.102295 12.307802 121.107788 12.307802 121.118774 12.318536 121.118774 12.340002 121.113281 12.340002 121.113281 12.329269 121.107788 12.329269 121.107788 12.323903 121.102295 12.323903 121.102295 12.334636 121.091309 12.334636 121.096802 12.340002 121.091309 12.340002 121.091309 12.345368 121.085815 12.345368 121.085815 12.329269 121.080322 12.329269 121.063843 12.345368 121.063843 12.350734 121.058350 12.350734 121.052856 12.356100 121.041870 12.361466 121.036377 12.361466 121.036377 12.366832 121.030884 12.366832 121.030884 12.377563 121.025391 12.377563 121.025391 12.382928 121.019897 12.388294 121.019897 12.393659 121.014404 12.399024 121.014404 12.404389 121.008911 12.404389 121.008911 12.409754 121.003418 12.415119 120.992432 12.415119 120.986938 12.420483 120.981445 12.420483 120.981445 12.425848 120.975952 12.425848 120.975952 12.431212 120.970459 12.431212 120.970459 12.447305 120.964966 12.447305 120.964966 12.452669 120.959473 12.452669 120.959473 12.458033 120.953979 12.463396 120.953979 12.474124 120.948486 12.479487 120.948486 12.484850 120.942993 12.484850 120.942993 12.490214 120.937500 12.490214 120.926514 12.500940 120.926514 12.511665 120.921021 12.522391 120.921021 12.549202 120.926514 12.549202 120.926514 12.554564 120.937500 12.565287 120.937500 12.592094 120.932007 12.592094 120.932007 12.613537 120.926514 12.613537 120.926514 12.618897 120.915527 12.618897 120.915527 12.634978 120.910034 12.634978 120.899048 12.656418 120.893555 12.656418 120.893555 12.661778 120.888062 12.661778 120.888062 12.667137 120.882568 12.672496 120.882568 12.677856 120.877075 12.677856 120.871582 12.683215 120.866089 12.683215 120.866089 12.699292 120.860596 12.699292 120.860596 12.704651 120.855103 12.720726 120.844116 12.720726 120.844116 12.726084 120.827637 12.726084 120.816650 12.720726 120.800171 12.720726 120.794678 12.726084 120.794678 12.731442 120.789185 12.731442 120.789185 12.747516 120.794678 12.752874 120.794678 12.758232 120.789185 12.763589 120.789185 12.774304 120.783691 12.774304 120.783691 12.785018 120.789185 12.785018 120.789185 12.806445 120.783691 12.806445 120.789185 12.811801 120.783691 12.811801 120.783691 12.827870 120.772705 12.838582 120.767212 12.833226 120.761719 12.833226 120.761719 12.838582 120.767212 12.838582 120.778198 12.849293 120.783691 12.865360 120.783691 12.902844 120.778198 12.902844 120.778198 12.929615 120.772705 12.929615 120.772705 12.934968
R	1	121.113281 12.302435 121.107788 12.302435 121.107788 12.297068 121.113281 12.302435
R	2	121.107788 12.307802 121.113281 12.302435 121.113281 12.307802 121.107788 12.307802
R	3	120.778198 12.934968 120.783691 12.929615 120.783691 12.934968 120.778198 12.934968
R	0	121.019897 12.195073 121.014404 12.195073 121.014404 12.200442 121.019897 12.200442 121.019897 12.195073
R	0	120.289307 13.688688 120.278320 13.688688 120.278320 13.683351 120.272827 13.678013 120.272827 13.672676 120.261841 13.672676 120.261841 13.688688 120.256348 13.688688 120.256348 13.699362 120.250854 13.704699 120.245361 13.704699 120.239868 13.710035 120.217896 13.710035 120.217896 13.715372 120.212402 13.715372 120.212402 13.726045 120.206909 13.726045 120.206909 13.731381 120.201416 13.736717 120.190430 13.736717 120.190430 13.742053 120.184937 13.742053 120.179443 13.736717 120.173950 13.736717 120.168457 13.742053 120.162964 13.742053 120.162964 13.747389 120.157471 13.747389 120.151978 13.752725 120.157471 13.752725 120.151978 13.758060 120.146484 13.758060 120.146484 13.763396 120.130005 13.763396 120.130005 13.768731 120.119019 13.768731 120.124512 13.774066 120.119019 13.774066 120.119019 13.779402 120.108032 13.779402 120.108032 13.784737 120.097046 13.784737 120.097046 13.800741 120.091553 13.800741 120.091553 13.838080 120.080566 13.838080 120.075073 13.843414 120.075073 13.854081 120.080566 13.854081 120.080566 13.859414 120.086060 13.859414 120.086060 13.864747 120.113525 13.864747 120.113525 13.859414 120.130005 13.859414 120.135498 13.854081 120.146484 13.854081 120.146484 13.848747 120.151978 13.848747 120.151978 13.843414 120.157471 13.838080 120.162964 13.838080 120.162964 13.827412 120.190430 13.827412 120.195923 13.822078 120.201416 13.822078 120.201416 13.811410 120.212402 13.811410 120.212402 13.816744 120.206909 13.816744 120.206909 13.822078 120.223389 13.822078 120.223389 13.816744 120.228882 13.816744 120.228882 13.811410 120.234375 13.811410 120.234375 13.806075 120.239868 13.806075 120.239868 13.795406 120.234375 13.795406 120.234375 13.790071 120.250854 13.790071 120.250854 13.795406 120.256348 13.795406 120.256348 13.779402 120.261841 13.779402 120.261841 13.763396 120.267334 13.758060 120.267334 13.752725 120.278320 13.752725 120.278320 13.742053 120.283813 13.742053 120.283813 13.736717 120.256348 13.736717 120.256348 13.731381 120.250854 13.731381 120.250854 13.715372 120.256348 13.715372 120.256348 13.710035 120.267334 13.710035 120.267334 13.704699 120.278320 13.704699 120.278320 13.710035 120.289307 13.710035 120.294800 13.704699 120.289307 13.704699 120.289307 13.688688
R	0	121.019897 12.232655 121.019897 12.227286 121.025391 12.221918 121.025391 12.211180 121.036377 12.211180 121.036377 12.200442 121.025391 12.200442 121.025391 12.205811 121.019897 12.200442 121.019897 12.205811 121.008911 12.205811 121.008911 12.200442 121.003418 12.205811 121.003418 12.227286 121.008911 12.232655 121.019897 12.232655
R	0	120.316772 13.822078 120.327759 13.822078 120.327759 13.816744 120.322266 13.816744 120.322266 13.811410 120.327759 13.811410 120.327759 13.806075 120.333252 13.806075 120.333252 13.795406 120.327759 13.795406 120.327759 13.790071 120.333252 13.790071 120.333252 13.784737 120.316772 13.784737 120.311279 13.779402 120.311279 13.774066 120.305786 13.774066 120.305786 13.779402 120.294800 13.779402 120.289307 13.784737 120.278320 13.784737 120.278320 13.790071 120.272827 13.790071 120.272827 13.800741 120.278320 13.806075 120.261841 13.806075 120.261841 13.811410 120.272827 13.811410 120.272827 13.816744 120.278320 13.811410 120.278320 13.816744 120.283813 13.811410 120.283813 13.822078 120.289307 13.822078 120.283813 13.832746 120.283813 13.838080 120.289307 13.832746 120.294800 13.832746 120.294800 13.838080 120.300293 13.832746 120.305786 13.832746 120.305786 13.827412 120.311279 13.822078 120.311279 13.827412 120.316772 13.822078
R	0	120.311279 13.678013 120.327759 13.678013 120.327759 13.672676 120.344238 13.672676 120.349731 13.667338 120.371704 13.667338 120.371704 13.662001 120.377197 13.662001 120.377197 13.656663 120.388184 13.656663 120.393677 13.651325 120.393677 13.656663 120.410156 13.656663 120.415649 13.651325 120.415649 13.645987 120.421143 13.645987 120.421143 13.624633 120.415649 13.624633 120.415649 13.629972 120.399170 13.629972 120.399170 13.635310 120.382690 13.635310 120.382690 13.640649 120.377197 13.645987 120.371704 13.645987 120.371704 13.651325 120.355225 13.651325 120.349731 13.656663 120.349731 13.662001 120.327759 13.662001 120.327759 13.667338 120.316772 13.667338 120.316772 13.672676 120.311279 13.678013
R	0	120.047607 13.896744 120.047607 13.886079 120.053101 13.886079 120.053101 13.880746 120.058594 13.880746 120.058594 13.870080 120.047607 13.870080 120.047607 13.864747 120.042114 13.864747 120.042114 13.870080 120.036621 13.870080 120.036621 13.875413 120.031128 13.880746 120.020142 13.880746 120.020142 13.891411 120.025635 13.896744 120.047607 13.896744
R	0	121.025391 12.189704 121.030884 12.189704 121.030884 12.184334 121.025391 12.184334 121.025391 12.189704
R	0	121.019897 12.195073 121.025391 12.195073 121.025391 12.189704 121.019897 12.189704 121.019897 12.195073
R	0	120.289307 13.688688 120.294800 13.688688 120.294800 13.683351 120.289307 13.683351 120.289307 13.688688
R	0	120.311279 13.678013 120.305786 13.678013 120.305786 13.683351 120.311279 13.678013
R	0	120.316772 13.822078 120.316772 13.827412 120.322266 13.827412 120.316772 13.822078
P	1705200000	Oriental Mindoro
R	0	121.398926 13.239945 121.393433 13.239945 121.393433 13.245293 121.398926 13.245293 121.398926 13.239945
R	0	121.376953 12.280966 121.382446 12.280966 121.382446 12.275599 121.387939 12.270231 121.382446 12.264864 121.376953 12.264864 121.376953 12.270231 121.371460 12.270231 121.376953 12.275599 121.371460 12.275599 121.376953 12.280966
R	0	121.376953 12.280966 121.371460 12.280966 121.371460 12.291701 121.376953 12.297068 121.376953 12.291701 121.382446 12.291701 121.382446 12.286334 121.376953 12.286334 121.376953 12.280966
R	0	120.948486 13.517838 120.953979 13.517838 120.948486 13.512497 120.942993 13.512497 120.942993 13.523179 120.948486 13.523179 120.948486 13.517838
R	0	121.398926 13.239945 121.420898 13.239945 121.420898 13.234598 121.431885 13.234598 121.431885 13.223904 121.437378 13.223904 121.437378 13.229251 121.442871 13.229251 121.442871 13.207860 121.448364 13.202513 121.448364 13.197165 121.442871 13.197165 121.448364 13.191816 121.448364 13.181120 121.442871 13.181120 121.442871 13.170423 121.437378 13.170423 121.437378 13.165074 121.431885 13.165074 121.431885 13.159725 121.437378 13.159725 121.442871 13.154376 121.437378 13.154376 121.437378 13.149027 121.442871 13.149027 121.442871 13.143678 121.453857 13.143678 121.453857 13.138328 121.486816 13.138328 121.486816 13.149027 121.497803 13.149027 121.497803 13.143678 121.503296 13.143678 121.503296 13.149027 121.508789 13.149027 121.508789 13.143678 121.525269 13.143678 121.530762 13.138328 121.536255 13.138328 121.541748 13.132979 121.541748 13.127629 121.547241 13.127629 121.547241 13.122280 121.558228 13.122280 121.558228 13.116930 121.552734 13.116930 121.552734 13.111580 121.558228 13.106230 121.558228 13.090179 121.547241 13.084829 121.547241 13.079478 121.541748 13.079478 121.541748 13.074128 121.530762 13.074128 121.530762 13.068777 121.525269 13.068777 121.525269 13.063426 121.514282 13.063426 121.514282 13.058075 121.503296 13.052724 121.503296 13.047372 121.497803 13.047372 121.497803 13.036669 121.492310 13.036669 121.492310 13.031318 121.486816 13.020614 121.486816 12.988500 121.492310 12.983148 121.492310 12.967089 121.497803 12.961736 121.497803 12.929615 121.492310 12.924261 121.492310 12.918907 121.486816 12.913552 121.486816 12.908198 121.481323 12.902844 121.481323 12.886780 121.486816 12.881425 121.486816 12.865360 121.492310 12.860004 121.492310 12.843938 121.486816 12.838582 121.486816 12.833226 121.481323 12.827870 121.481323 12.817158 121.486816 12.817158 121.481323 12.811801 121.481323 12.785018 121.475830 12.779661 121.475830 12.768946 121.481323 12.763589 121.486816 12.752874 121.497803 12.742158 121.497803 12.736801 121.514282 12.736801 121.519775 12.731442 121.519775 12.720726 121.530762 12.710009 121.530762 12.704651 121.536255 12.704651 121.536255 12.693933 121.541748 12.693933 121.536255 12.688574 121.541748 12.688574 121.536255 12.683215 121.541748 12.683215 121.541748 12.677856 121.547241 12.677856 121.547241 12.634978 121.552734 12.629618 121.552734 12.613537 121.558228 12.613537 121.558228 12.602815 121.541748 12.602815 121.536255 12.597455 121.530762 12.597455 121.530762 12.592094 121.525269 12.592094 121.525269 12.586732 121.514282 12.576010 121.514282 12.559925 121.508789 12.559925 121.508789 12.549202 121.503296 12.549202 121.503296 12.543840 121.497803 12.543840 121.492310 12.538478 121.486816 12.538478 121.486816 12.533115 121.475830 12.527753 121.470337 12.527753 121.464844 12.522391 121.464844 12.517028 121.453857 12.517028 121.453857 12.522391 121.442871 12.522391 121.442871 12.517028 121.437378 12.517028 121.437378 12.506303 121.442871 12.506303 121.442871 12.495577 121.437378 12.490214 121.437378 12.479487 121.442871 12.479487 121.442871 12.474124 121.426392 12.474124 121.426392 12.468760 121.420898 12.468760 121.420898 12.458033 121.426392 12.458033 121.426392 12.452669 121.420898 12.452669 121.420898 12.447305 121.409912 12.447305 121.409912 12.431212 121.415405 12.431212 121.415405 12.388294 121.426392 12.388294 121.426392 12.377563 121.431885 12.377563 121.437378 12.372197 121.437378 12.366832 121.442871 12.366832 121.442871 12.382928 121.453857 12.382928 121.453857 12.377563 121.459351 12.377563 121.459351 12.372197 121.453857 12.372197 121.459351 12.366832 121.459351 12.361466 121.453857 12.361466 121.453857 12.356100 121.431885 12.356100 121.431885 12.361466 121.415405 12.361466 121.415405 12.366832 121.387939 12.366832 121.387939 12.361466 121.382446 12.361466 121.382446 12.334636 121.387939 12.334636 121.387939 12.307802 121.393433 12.307802 121.393433 12.302435 121.398926 12.297068 121.398926 12.286334 121.393433 12.286334 121.393433 12.291701 121.387939 12.291701 121.387939 12.297068 121.382446 12.297068 121.376953 12.297068 121.365967 12.297068 121.371460 12.302435 121.365967 12.302435 121.365967 12.307802 121.360474 12.307802 121.360474 12.313169 121.365967 12.313169 121.365967 12.318536 121.360474 12.318536 121.360474 12.323903 121.343994 12.323903 121.343994 12.318536 121.338501 12.318536 121.338501 12.302435 121.333008 12.302435 121.333008 12.291701 121.322021 12.291701 121.316528 12.297068 121.311035 12.291701 121.300049 12.291701 121.300049 12.286334 121.278076 12.286334 121.272583 12.280966 121.272583 12.275599 121.267090 12.275599 121.267090 12.264864 121.261597 12.264864 121.261597 12.232655 121.256104 12.232655 121.256104 12.221918 121.250610 12.221918 121.250610 12.211180 121.245117 12.211180 121.239624 13.063426 120.800171 13.282719 120.882568 13.501814 120.888062 13.501814 120.888062 13.496473 120.893555 13.496473 120.899048 13.501814 120.899048 13.507155 120.904541 13.507155 120.904541 13.512497 120.915527 13.512497 120.915527 13.507155 120.921021 13.507155 120.921021 13.512497 120.926514 13.512497 120.932007 13.507155 120.948486 13.507155 120.959473 13.507155 120.959473 13.512497 120.970459 13.512497 120.970459 13.517838 120.964966 13.517838 120.959473 13.523179 120.964966 13.528519 120.964966 13.523179 120.992432 13.523179 120.992432 13.517838 120.981445 13.517838 120.981445 13.512497 120.975952 13.507155 120.970459 13.507155 120.970459 13.501814 120.959473 13.501814 120.959473 13.496473 120.953979 13.496473 120.959473 13.491131 120.959473 13.485790 120.964966 13.485790 120.964966 13.480448 120.970459 13.480448 120.970459 13.475106 120.975952 13.469764 120.986938 13.469764 120.992432 13.464422 120.992432 13.459080 120.997925 13.459080 120.997925 13.453737 121.003418 13.453737 121.003418 13.448395 121.008911 13.448395 121.008911 13.443052 121.019897 13.443052 121.019897 13.437709 121.025391 13.432367 121.025391 13.427024 121.030884 13.427024 121.030884 13.421681 121.036377 13.421681 121.036377 13.416337 121.047363 13.416337 121.047363 13.410994 121.052856 13.410994 121.058350 13.405651 121.074829 13.405651 121.080322 13.410994 121.085815 13.410994 121.091309 13.416337 121.124268 13.416337 121.124268 13.410994 121.140747 13.410994 121.140747 13.405651 121.146240 13.410994 121.157227 13.410994 121.157227 13.416337 121.184692 13.416337 121.184692 13.421681 121.195679 13.421681 121.195679 13.437709 121.201172 13.437709 121.201172 13.427024 121.206665 13.427024 121.206665 13.416337 121.217651 13.416337 121.217651 13.410994 121.223145 13.410994 121.223145 13.405651 121.228638 13.405651 121.228638 13.394963 121.234131 13.394963 121.239624 13.389620 121.239624 13.384276 121.245117 13.384276 121.245117 13.378932 121.250610 13.373588 121.256104 13.373588 121.256104 13.368243 121.261597 13.368243 121.267090 13.362899 121.278076 13.362899 121.278076 13.357554 121.289062 13.357554 121.289062 13.352210 121.294556 13.352210 121.294556 13.346865 121.300049 13.346865 121.305542 13.341520 121.305542 13.336175 121.311035 13.336175 121.311035 13.325485 121.316528 13.325485 121.316528 13.320140 121.322021 13.320140 121.322021 13.314794 121.327515 13.314794 121.338501 13.304103 121.338501 13.298757 121.343994 13.298757 121.349487 13.293411 121.349487 13.288065 121.354980 13.288065 121.354980 13.282719 121.360474 13.277373 121.360474 13.272026 121.365967 13.272026 121.365967 13.266680 121.371460 13.261333 121.371460 13.255986 121.376953 13.250640 121.376953 13.239945 121.393433 13.239945 121.393433 13.234598 121.398926 13.234598 121.398926 13.239945
R	1	121.453857 12.361466 121.453857 12.366832 121.448364 12.366832 121.448364 12.361466 121.453857 12.361466
P	1705300000	Palawan
R	0	117.059326 8.080985 117.070312 8.080985 117.070312 8.075546 117.075806 8.070107 117.075806 8.053791 117.081299 8.053791 117.081299 8.037473 117.075806 8.032034 117.075806 8.015716 117.064819 8.015716 117.064819 8.010276 117.075806 8.010276 117.075806 8.004837 117.070312 8.004837 117.070312 7.999397 117.064819 8.004837 117.064819 7.999397 117.059326 7.993957 117.059326 7.999397 117.053833 7.993957 117.053833 7.983078 117.059326 7.983078 117.059326 7.988518 117.070312 7.988518 117.075806 7.993957 117.075806 7.972198 117.081299 7.972198 117.075806 7.966758 117.081299 7.966758 117.081299 7.944996 117.086792 7.944996 117.086792 7.939556 117.081299 7.939556 117.081299 7.934115 117.086792 7.934115 117.086792 7.901471 117.070312 7.901471 117.070312 7.896030 117.064819 7.890588 117.070312 7.885147 117.075806 7.885147 117.075806 7.863382 117.064819 7.863382 117.064819 7.847057 117.059326 7.847057 117.059326 7.841615 117.053833 7.836173 117.048340 7.836173 117.042847 7.830731 117.042847 7.825289 117.037354 7.825289 117.037354 7.819847 117.031860 7.819847 117.031860 7.814405 117.026367 7.814405 117.026367 7.819847 117.020874 7.819847 117.015381 7.825289 117.015381 7.814405 117.020874 7.814405 117.020874 7.808963 117.026367 7.808963 117.026367 7.803521 117.009888 7.803521 117.009888 7.808963 116.993408 7.808963 116.993408 7.819847 116.998901 7.819847 116.998901 7.825289 116.993408 7.825289 116.993408 7.841615 116.998901 7.841615 116.998901 7.852499 116.993408 7.852499 116.993408 7.847057 116.987915 7.852499 116.982422 7.852499 116.982422 7.863382 116.976929 7.863382 116.976929 7.868823 116.971436 7.868823 116.971436 7.874265 116.976929 7.874265 116.971436 7.879706 116.971436 7.890588 116.965942 7.890588 116.965942 7.901471 116.960449 7.901471 116.960449 7.906912 116.954956 7.906912 116.954956 7.917793 116.943970 7.917793 116.943970 7.912353 116.932983 7.912353 116.932983 7.917793 116.938477 7.917793 116.932983 7.923234 116.932983 7.934115 116.927490 7.934115 116.927490 7.939556 116.938477 7.939556 116.938477 7.928675 116.943970 7.928675 116.954956 7.939556 116.960449 7.939556 116.960449 7.944996 116.965942 7.944996 116.965942 7.955877 116.960449 7.955877 116.960449 7.961317 116.965942 7.961317 116.971436 7.966758 116.965942 7.966758 116.965942 7.977638 116.960449 7.983078 116.960449 7.993957 116.954956 7.993957 116.954956 8.010276 116.960449 8.010276 116.960449 8.015716 116.954956 8.015716 116.954956 8.021155 116.960449 8.021155 116.960449 8.026595 116.971436 8.026595 116.965942 8.021155 116.965942 8.015716 116.971436 8.015716 116.971436 8.021155 116.976929 8.021155 116.976929 8.026595 116.987915 8.026595 116.987915 8.037473 116.993408 8.037473 116.993408 8.032034 116.998901 8.032034 116.998901 8.042913 117.004395 8.042913 117.004395 8.048352 116.998901 8.048352 116.998901 8.053791 117.004395 8.053791 117.004395 8.059230 116.998901 8.059230 116.998901 8.064669 117.042847 8.064669 117.042847 8.070107 117.048340 8.070107 117.048340 8.075546 117.059326 8.075546 117.059326 8.080985
R	0	119.124756 10.444598 119.119263 10.444598 119.119263 10.450000 119.124756 10.450000 119.124756 10.444598
R	0	119.344482 10.876465 119.344482 10.865676 119.333496 10.865676 119.328003 10.871070 119.328003 10.876465 119.344482 10.876465
R	0	119.349976 10.876465 119.344482 10.876465 119.344482 10.881859 119.349976 10.876465
R	0	119.393921 11.097556 119.393921 11.092166 119.404907 11.092166 119.404907 11.081385 119.410400 11.081385 119.410400 11.075994 119.399414 11.075994 119.399414 11.081385 119.393921 11.081385 119.393921 11.086775 119.388428 11.086775 119.388428 11.097556 119.393921 11.097556
R	0	119.827881 11.485408 119.827881 11.480025 119.822388 11.485408 119.827881 11.485408
R	0	120.195923 12.146746 120.195923 12.141376 120.190430 12.146746 120.195923 12.146746
R	0	117.108765 8.091862 117.108765 8.070107 117.097778 8.070107 117.097778 8.080985 117.103271 8.086423 117.103271 8.091862 117.108765 8.091862
R	0	120.162964 12.173595 120.157471 12.168226 120.151978 12.173595 120.146484 12.173595 120.146484 12.178965 120.151978 12.178965 120.151978 12.184334 120.146484 12.189704 120.151978 12.189704 120.157471 12.184334 120.157471 12.178965 120.162964 12.178965 120.162964 12.173595
R	0	117.141724 8.119053 117.158203 8.119053 117.158203 8.113615 117.141724 8.113615 117.141724 8.119053
R	0	117.191162 8.178868 117.191162 8.173431 117.196655 8.173431 117.202148 8.167993 117.202148 8.162556 117.207642 8.157118 117.207642 8.151681 117.180176 8.151681 117.180176 8.146243 117.174683 8.151681 117.174683 8.146243 117.169189 8.146243 117.169189 8.151681 117.147217 8.151681 117.147217 8.157118 117.141724 8.162556 117.136230 8.162556 117.136230 8.167993 117.130737 8.173431 117.130737 8.178868 117.191162 8.178868
R	0	120.140991 12.195073 120.146484 12.195073 120.146484 12.189704 120.140991 12.195073
R	0	117.246094 8.178868 117.251587 8.173431 117.251587 8.167993 117.240601 8.167993 117.235107 8.173431 117.240601 8.178868 117.246094 8.178868
R	0	120.140991 12.200442 120.140991 12.195073 120.135498 12.200442 120.140991 12.200442
R	0	117.290039 8.184305 117.284546 8.178868 117.284546 8.189742 117.284546 8.195179 117.273560 8.195179 117.273560 8.200616 117.268066 8.200616 117.268066 8.206053 117.262573 8.206053 117.262573 8.222364 117.268066 8.227801 117.273560 8.227801 117.273560 8.233237 117.268066 8.233237 117.268066 8.314777 117.273560 8.314777 117.273560 8.320212 117.290039 8.320212 117.295532 8.314777 117.306519 8.325648 117.306519 8.331083 117.312012 8.331083 117.322998 8.320212 117.328491 8.320212 117.328491 8.314777 117.333984 8.314777 117.333984 8.309341 117.344971 8.309341 117.344971 8.298470 117.350464 8.298470 117.350464 8.265855 117.344971 8.265855 117.344971 8.254983 117.339478 8.249546 117.344971 8.244110 117.344971 8.206053 117.339478 8.200616 117.339478 8.195179 117.328491 8.195179 117.328491 8.189742 117.312012 8.189742 117.306519 8.184305 117.301025 8.184305 117.295532 8.178868 117.290039 8.178868 117.290039 8.184305
R	1	117.290039 8.184305 117.295532 8.184305 117.295532 8.189742 117.290039 8.189742 117.290039 8.184305
R	0	117.097778 8.249546 117.103271 8.244110 117.114258 8.244110 117.114258 8.238674 117.119751 8.238674 117.119751 8.233237 117.125244 8.227801 117.125244 8.222364 117.130737 8.216927 117.119751 8.216927 117.114258 8.211490 117.092285 8.211490 117.086792 8.216927 117.081299 8.216927 117.081299 8.249546 117.097778 8.249546
R	0	117.224121 8.320212 117.224121 8.314777 117.229614 8.309341 117.235107 8.314777 117.235107 8.309341 117.246094 8.309341 117.246094 8.314777 117.257080 8.314777 117.257080 8.309341 117.262573 8.309341 117.262573 8.298470 117.257080 8.298470 117.257080 8.287599 117.251587 8.287599 117.251587 8.282163 117.246094 8.282163 117.246094 8.276727 117.235107 8.276727 117.235107 8.271291 117.229614 8.271291 117.229614 8.265855 117.224121 8.265855 117.218628 8.260419 117.213135 8.260419 117.213135 8.265855 117.202148 8.265855 117.202148 8.260419 117.185669 8.260419 117.185669 8.254983 117.174683 8.254983 117.174683 8.271291 117.169189 8.271291 117.169189 8.276727 117.163696 8.282163 117.163696 8.287599 117.169189 8.287599 117.169189 8.282163 117.174683 8.282163 117.174683 8.287599 117.191162 8.287599 117.191162 8.293035 117.196655 8.293035 117.196655 8.298470 117.202148 8.298470 117.202148 8.303906 117.207642 8.303906 117.213135 8.309341 117.213135 8.314777 117.218628 8.314777 117.218628 8.320212 117.224121 8.320212
R	0	119.306030 11.011297 119.311523 11.011297 119.311523 11.027472 119.317017 11.027472 119.317017 11.032864 119.322510 11.032864 119.322510 11.027472 119.328003 11.027472 119.328003 11.016689 119.333496 11.016689 119.333496 11.011297 119.328003 11.011297 119.333496 11.005904 119.333496 11.000512 119.338989 11.000512 119.338989 10.995120 119.344482 10.995120 119.344482 10.989728 119.349976 10.989728 119.349976 11.000512 119.360962 11.000512 119.360962 11.005904 119.366455 11.011297 119.355469 11.011297 119.355469 11.016689 119.349976 11.016689 119.349976 11.027472 119.344482 11.022080 119.344482 11.032864 119.338989 11.032864 119.338989 11.027472 119.333496 11.027472 119.333496 11.032864 119.328003 11.032864 119.328003 11.043647 119.333496 11.043647 119.338989 11.049038 119.344482 11.049038 119.344482 11.059821 119.338989 11.059821 119.338989 11.054430 119.328003 11.054430 119.328003 11.059821 119.322510 11.059821 119.328003 11.065212 119.328003 11.075994 119.322510 11.081385 119.322510 11.086775 119.328003 11.086775 119.328003 11.092166 119.322510 11.097556 119.322510 11.108337 119.328003 11.108337 119.328003 11.102947 119.333496 11.102947 119.333496 11.097556 119.338989 11.097556 119.338989 11.086775 119.349976 11.086775 119.344482 11.081385 119.349976 11.081385 119.349976 11.075994 119.344482 11.075994 119.344482 11.070603 119.355469 11.070603 119.355469 11.065212 119.360962 11.065212 119.360962 11.054430 119.366455 11.054430 119.366455 11.043647 119.377441 11.043647 119.377441 11.049038 119.382935 11.049038 119.382935 11.038255 119.393921 11.038255 119.393921 11.032864 119.404907 11.032864 119.404907 11.038255 119.410400 11.032864 119.415894 11.032864 119.415894 11.075994 119.421387 11.081385 119.421387 11.097556 119.415894 11.097556 119.415894 11.108337 119.421387 11.108337 119.421387 11.129897 119.426880 11.135287 119.426880 11.140677 119.421387 11.146066 119.404907 11.146066 119.404907 11.135287 119.393921 11.135287 119.393921 11.146066 119.399414 11.146066 119.399414 11.151456 119.393921 11.151456 119.399414 11.156845 119.399414 11.167624 119.382935 11.167624 119.382935 11.173013 119.377441 11.173013 119.377441 11.189180 119.382935 11.189180 119.382935 11.178402 119.388428 11.178402 119.388428 11.183791 119.393921 11.183791 119.393921 11.189180 119.399414 11.194568 119.399414 11.199957 119.404907 11.199957 119.404907 11.205345 119.410400 11.205345 119.415894 11.210734 119.415894 11.226898 119.421387 11.226898 119.421387 11.243062 119.415894 11.243062 119.415894 11.253837 119.421387 11.253837 119.421387 11.264612 119.415894 11.264612 119.415894 11.270000 119.421387 11.275387 119.421387 11.286161 119.415894 11.286161 119.415894 11.291548 119.421387 11.291548 119.421387 11.296934 119.415894 11.296934 119.415894 11.307708 119.410400 11.307708 119.410400 11.313094 119.421387 11.313094 119.426880 11.318481 119.426880 11.329253 119.432373 11.334639 119.426880 11.334639 119.426880 11.340025 119.432373 11.340025 119.432373 11.345411 119.437866 11.345411 119.437866 11.340025 119.443359 11.345411 119.443359 11.334639 119.454346 11.334639 119.454346 11.340025 119.448853 11.340025 119.448853 11.345411 119.454346 11.350797 119.465332 11.350797 119.465332 11.356182 119.470825 11.356182 119.470825 11.361568 119.476318 11.366953 119.476318 11.383109 119.470825 11.383109 119.476318 11.388494 119.470825 11.388494 119.470825 11.404649 119.476318 11.404649 119.476318 11.420802 119.487305 11.420802 119.492798 11.415418 119.498291 11.415418 119.498291 11.420802 119.503784 11.415418 119.503784 11.404649 119.509277 11.404649 119.509277 11.383109 119.503784 11.383109 119.503784 11.377724 119.509277 11.372339 119.509277 11.329253 119.514771 11.329253 119.514771 11.323867 119.520264 11.323867 119.520264 11.329253 119.525757 11.323867 119.542236 11.323867 119.542236 11.334639 119.547729 11.340025 119.553223 11.340025 119.553223 11.318481 119.558716 11.318481 119.558716 11.307708 119.564209 11.307708 119.564209 11.296934 119.569702 11.291548 119.564209 11.291548 119.564209 11.259225 119.558716 11.253837 119.558716 11.243062 119.553223 11.237674 119.558716 11.237674 119.558716 11.232286 119.553223 11.232286 119.553223 11.210734 119.547729 11.210734 119.547729 11.205345 119.542236 11.205345 119.542236 11.183791 119.536743 11.183791 119.536743 11.167624 119.531250 11.167624 119.531250 11.162235 119.525757 11.162235 119.525757 11.156845 119.520264 11.156845 119.520264 11.151456 119.514771 11.151456 119.514771 11.146066 119.503784 11.146066 119.503784 11.135287 119.498291 11.135287 119.498291 11.129897 119.503784 11.129897 119.503784 11.124507 119.509277 11.124507 119.509277 11.113727 119.514771 11.108337 119.514771 11.102947 119.509277 11.097556 119.520264 11.097556 119.520264 11.092166 119.525757 11.092166 119.525757 11.086775 119.531250 11.086775 119.531250 11.075994 119.536743 11.070603 119.542236 11.070603 119.542236 11.075994 119.553223 11.075994 119.553223 11.081385 119.558716 11.081385 119.558716 11.070603 119.553223 11.070603 119.553223 11.054430 119.558716 11.054430 119.558716 11.065212 119.564209 11.065212 119.564209 11.070603 119.569702 11.070603 119.569702 11.081385 119.575195 11.081385 119.575195 11.086775 119.580688 11.086775 119.580688 11.097556 119.586182 11.097556 119.586182 11.086775 119.597168 11.086775 119.597168 11.092166 119.602661 11.092166 119.602661 11.081385 119.608154 11.086775 119.624634 11.086775 119.624634 11.075994 119.619141 11.075994 119.619141 11.059821 119.624634 11.059821 119.624634 11.038255 119.630127 11.032864 119.635620 11.032864 119.635620 11.038255 119.641113 11.038255 119.641113 11.011297 119.635620 11.011297 119.635620 10.995120 119.630127 10.995120 119.630127 11.022080 119.619141 11.022080 119.619141 11.011297 119.613647 11.011297 119.613647 11.005904 119.608154 11.005904 119.608154 11.011297 119.597168 11.011297 119.597168 11.032864 119.580688 11.032864 119.580688 11.038255 119.575195 11.038255 119.575195 11.043647 119.558716 11.043647 119.558716 11.038255 119.564209 11.038255 119.564209 11.011297 119.569702 11.011297 119.569702 11.000512 119.564209 11.000512 119.558716 10.995120 119.558716 11.000512 119.542236 11.000512 119.542236 11.011297 119.531250 11.011297 119.525757 11.016689 119.525757 11.011297 119.520264 11.011297 119.520264 11.016689 119.514771 11.016689 119.514771 11.011297 119.503784 11.011297 119.503784 11.005904 119.498291 11.000512 119.498291 10.995120 119.492798 10.995120 119.492798 10.962764 119.487305 10.962764 119.487305 10.957371 119.492798 10.957371 119.492798 10.951978 119.498291 10.951978 119.498291 10.914224 119.492798 10.914224 119.492798 10.881859 119.481812 10.881859 119.481812 10.871070 119.498291 10.871070 119.498291 10.865676 119.503784 10.865676 119.503784 10.860281 119.509277 10.860281 119.509277 10.849491 119.514771 10.849491 119.514771 10.844096 119.509277 10.844096 119.509277 10.827911 119.525757 10.827911 119.525757 10.822515 119.531250 10.822515 119.531250 10.811724 119.536743 10.811724 119.536743 10.817120 119.542236 10.817120 119.542236 10.822515 119.547729 10.822515 119.553223 10.827911 119.558716 10.827911 119.564209 10.833306 119.569702 10.833306 119.569702 10.838701 119.575195 10.838701 119.580688 10.833306 119.586182 10.833306 119.597168 10.822515 119.597168 10.811724 119.586182 10.811724 119.586182 10.806328 119.591675 10.806328 119.591675 10.800933 119.597168 10.800933 119.597168 10.795537 119.591675 10.795537 119.591675 10.790141 119.586182 10.790141 119.586182 10.784745 119.580688 10.784745 119.580688 10.773952 119.597168 10.773952 119.597168 10.757763 119.591675 10.757763 119.591675 10.746969 119.586182 10.746969 119.586182 10.741572 119.591675 10.736175 119.597168 10.736175 119.597168 10.730778 119.602661 10.730778 119.602661 10.725381 119.597168 10.725381 119.597168 10.719984 119.591675 10.719984 119.591675 10.703792 119.586182 10.703792 119.586182 10.682201 119.575195 10.682201 119.575195 10.671404 119.569702 10.671404 119.569702 10.660608 119.580688 10.660608 119.580688 10.666006 119.586182 10.666006 119.586182 10.671404 119.591675 10.671404 119.591675 10.660608 119.597168 10.660608 119.597168 10.671404 119.602661 10.671404 119.602661 10.666006 119.613647 10.666006 119.619141 10.671404 119.630127 10.671404 119.630127 10.676803 119.624634 10.676803 119.624634 10.692996 119.630127 10.692996 119.630127 10.687599 119.635620 10.687599 119.635620 10.692996 119.641113 10.692996 119.641113 10.676803 119.657593 10.676803 119.657593 10.671404 119.646606 10.671404 119.646606 10.666006 119.652100 10.666006 119.652100 10.660608 119.657593 10.660608 119.652100 10.655210 119.652100 10.649811 119.646606 10.649811 119.646606 10.660608 119.641113 10.660608 119.641113 10.655210 119.635620 10.655210 119.630127 10.660608 119.624634 10.660608 119.630127 10.655210 119.624634 10.655210 119.630127 10.649811 119.630127 10.644412 119.635620 10.644412 119.635620 10.639014 119.641113 10.639014 119.641113 10.628216 119.630127 10.628216 119.630127 10.622817 119.641113 10.622817 119.641113 10.606620 119.652100 10.606620 119.652100 10.590421 119.657593 10.590421 119.657593 10.579622 119.663086 10.579622 119.663086 10.563422 119.668579 10.563422 119.668579 10.558022 119.674072 10.558022 119.674072 10.547221 119.668579 10.547221 119.668579 10.541821 119.679565 10.541821 119.679565 10.547221 119.685059 10.541821 119.696045 10.541821 119.696045 10.536421 119.696045 10.531020 119.690552 10.525619 119.696045 10.525619 119.696045 10.520219 119.701538 10.525619 119.701538 10.531020 119.712524 10.531020 119.712524 10.525619 119.718018 10.520219 119.718018 10.514818 119.712524 10.514818 119.718018 10.509417 119.718018 10.504016 119.707031 10.504016 119.707031 10.498614 119.701538 10.498614 119.701538 10.493213 119.696045 10.493213 119.696045 10.498614 119.690552 10.498614 119.690552 10.493213 119.674072 10.493213 119.674072 10.487812 119.668579 10.487812 119.668579 10.482410 119.663086 10.482410 119.663086 10.477009 119.657593 10.477009 119.657593 10.471607 119.652100 10.471607 119.652100 10.460804 119.646606 10.460804 119.646606 10.455402 119.641113 10.455402 119.641113 10.450000 119.635620 10.444598 119.619141 10.444598 119.619141 10.439196 119.613647 10.439196 119.613647 10.433793 119.608154 10.433793 119.608154 10.428391 119.602661 10.428391 119.597168 10.422988 119.591675 10.422988 119.591675 10.417586 119.586182 10.417586 119.586182 10.412183 119.580688 10.406780 119.575195 10.406780 119.575195 10.379765 119.569702 10.379765 119.569702 10.374362 119.558716 10.374362 119.553223 10.368958 119.531250 10.368958 119.531250 10.363555 119.509277 10.363555 119.503784 10.368958 119.487305 10.368958 119.487305 10.374362 119.481812 10.374362 119.476318 10.368958 119.470825 10.368958 119.470825 10.374362 119.448853 10.374362 119.448853 10.368958 119.443359 10.368958 119.437866 10.363555 119.437866 10.358151 119.432373 10.358151 119.426880 10.352748 119.421387 10.352748 119.421387 10.358151 119.415894 10.358151 119.415894 10.352748 119.410400 10.352748 119.410400 10.347344 119.393921 10.347344 119.388428 10.341940 119.388428 10.347344 119.371948 10.347344 119.371948 10.341940 119.366455 10.341940 119.366455 10.336536 119.360962 10.336536 119.360962 10.331132 119.355469 10.331132 119.355469 10.325728 119.349976 10.320324 119.349976 10.314919 119.328003 10.314919 119.317017 10.304110 119.317017 10.298706 119.311523 10.298706 119.311523 10.293301 119.306030 10.293301 119.306030 10.287896 119.300537 10.287896 119.300537 10.282491 119.295044 10.282491 119.295044 10.277086 119.289551 10.277086 119.289551 10.266276 119.284058 10.266276 119.284058 10.250060 119.278564 10.250060 119.262085 10.233843 119.256592 10.233843 119.256592 10.223031 119.251099 10.217625 119.251099 10.212219 119.245605 10.212219 119.245605 10.196000 119.240112 10.196000 119.240112 10.190594 119.245605 10.185187 119.245605 10.179781 119.234619 10.179781 119.234619 10.174374 119.229126 10.163560 119.229126 10.152746 119.234619 10.152746 119.234619 10.147339 119.229126 10.147339 119.229126 10.141932 119.223633 10.147339 119.223633 10.131117 119.229126 10.125709 119.223633 10.120302 119.229126 10.120302 119.223633 10.114894 119.223633 10.109486 119.218140 10.109486 119.218140 10.071629 119.207153 10.071629 119.207153 10.066220 119.201660 10.060811 119.201660 10.049994 119.196167 10.049994 119.196167 10.044585 119.190674 10.049994 119.190674 10.044585 119.179688 10.044585 119.179688 10.039176 119.174194 10.039176 119.174194 10.033767 119.163208 10.033767 119.163208 10.028358 119.141235 10.028358 119.135742 10.022948 119.124756 10.022948 119.124756 10.028358 119.119263 10.022948 119.086304 10.022948 119.086304 10.017539 119.075317 10.017539 119.069824 10.012130 119.064331 10.012130 119.058838 10.006720 119.031372 10.006720 119.031372 10.001310 119.025879 10.001310 119.020386 9.995901 118.998413 9.995901 118.998413 9.990491 118.987427 9.990491 118.981934 9.985081 118.948975 9.985081 118.948975 9.979671 118.916016 9.979671 118.916016 9.974261 118.899536 9.974261 118.899536 9.979671 118.866577 9.979671 118.861084 9.974261 118.855591 9.974261 118.844604 9.963440 118.839111 9.963440 118.839111 9.958030 118.833618 9.952620 118.833618 9.947209 118.828125 9.952620 118.828125 9.941798 118.822632 9.941798 118.822632 9.936388 118.800659 9.936388 118.800659 9.941798 118.795166 9.941798 118.789673 9.947209 118.789673 9.941798 118.778687 9.941798 118.778687 9.936388 118.773193 9.936388 118.773193 9.930977 118.762207 9.930977 118.762207 9.925566 118.756714 9.925566 118.756714 9.930977 118.751221 9.930977 118.751221 9.914744 118.745728 9.914744 118.745728 9.849804 118.740234 9.844392 118.740234 9.838979 118.745728 9.838979 118.745728 9.833567 118.751221 9.833567 118.751221 9.828154 118.756714 9.828154 118.756714 9.822742 118.751221 9.817329 118.767700 9.817329 118.767700 9.806504 118.773193 9.806504 118.773193 9.725300 118.767700 9.725300 118.767700 9.719886 118.762207 9.719886 118.762207 9.725300 118.756714 9.725300 118.751221 9.730714 118.729248 9.730714 118.729248 9.746956 118.734741 9.746956 118.740234 9.752370 118.740234 9.757784 118.734741 9.757784 118.734741 9.774025 118.729248 9.774025 118.729248 9.768611 118.723755 9.768611 118.723755 9.779438 118.718262 9.784851 118.718262 9.768611 118.712769 9.768611 118.712769 9.774025 118.707275 9.779438 118.701782 9.774025 118.696289 9.779438 118.696289 9.774025 118.690796 9.768611 118.690796 9.746956 118.696289 9.746956 118.696289 9.741542 118.701782 9.741542 118.701782 9.736128 118.696289 9.736128 118.701782 9.730714 118.701782 9.725300 118.690796 9.725300 118.696289 9.719886 118.696289 9.709057 118.718262 9.709057 118.718262 9.714472 118.723755 9.709057 118.729248 9.709057 118.729248 9.703643 118.718262 9.703643 118.718262 9.692813 118.723755 9.692813 118.729248 9.698228 118.740234 9.698228 118.740234 9.692813 118.734741 9.692813 118.734741 9.687398 118.729248 9.687398 118.729248 9.681984 118.745728 9.681984 118.751221 9.687398 118.762207 9.687398 118.762207 9.676569 118.756714 9.676569 118.756714 9.671154 118.762207 9.671154 118.762207 9.665738 118.756714 9.665738 118.756714 9.660323 118.751221 9.660323 118.745728 9.654908 118.745728 9.660323 118.740234 9.660323 118.740234 9.654908 118.734741 9.654908 118.734741 9.649492 118.734741 9.638661 118.729248 9.638661 118.729248 9.633246 118.723755 9.633246 118.723755 9.627830 118.718262 9.627830 118.718262 9.622414 118.712769 9.622414 118.712769 9.616998 118.707275 9.616998 118.707275 9.611582 118.701782 9.611582 118.701782 9.595334 118.696289 9.595334 118.696289 9.584501 118.690796 9.579084 118.685303 9.579084 118.685303 9.573668 118.679810 9.573668 118.679810 9.562834 118.663330 9.562834 118.663330 9.557417 118.657837 9.557417 118.657837 9.552000 118.652344 9.546583 118.652344 9.535749 118.646851 9.530332 118.646851 9.519497 118.641357 9.514079 118.641357 9.508662 118.635864 9.503244 118.630371 9.508662 118.624878 9.508662 118.624878 9.481572 118.619385 9.481572 118.619385 9.486990 118.613892 9.486990 118.613892 9.481572 118.608398 9.481572 118.608398 9.465317 118.602905 9.465317 118.602905 9.459899 118.591919 9.459899 118.586426 9.454480 118.586426 9.443643 118.580933 9.443643 118.575439 9.438224 118.569946 9.438224 118.569946 9.421968 118.569946 9.416548 118.558960 9.416548 118.558960 9.411129 118.553467 9.411129 118.553467 9.405710 118.547974 9.405710 118.547974 9.394871 118.542480 9.394871 118.536987 9.389452 118.536987 9.373193 118.542480 9.373193 118.542480 9.367773 118.536987 9.362353 118.536987 9.356933 118.526001 9.356933 118.520508 9.351513 118.520508 9.340672 118.515015 9.335252 118.515015 9.329831 118.509521 9.329831 118.504028 9.324411 118.498535 9.324411 118.498535 9.308149 118.493042 9.308149 118.493042 9.297307 118.487549 9.291886 118.487549 9.297307 118.482056 9.297307 118.482056 9.302728 118.465576 9.302728 118.460083 9.297307 118.454590 9.297307 118.454590 9.291886 118.443604 9.281043 118.443604 9.275622 118.438110 9.275622 118.438110 9.281043 118.432617 9.281043 118.427124 9.270201 118.421631 9.270201 118.421631 9.259358 118.416138 9.253936 118.421631 9.248514 118.421631 9.243093 118.394165 9.243093 118.394165 9.232249 118.388672 9.232249 118.388672 9.226827 118.383179 9.226827 118.383179 9.221405 118.377686 9.221405 118.377686 9.210560 118.372192 9.210560 118.372192 9.215982 118.366699 9.210560 118.361206 9.210560 118.361206 9.199715 118.366699 9.199715 118.366699 9.194293 118.355713 9.194293 118.361206 9.188870 118.350220 9.188870 118.350220 9.183447 118.344727 9.178025 118.333740 9.178025 118.333740 9.172602 118.328247 9.178025 118.311768 9.178025 118.311768 9.183447 118.300781 9.183447 118.289795 9.178025 118.267822 9.178025 118.267822 9.172602 118.256836 9.172602 118.256836 9.167179 118.251343 9.167179 118.240356 9.161756 118.223877 9.161756 118.223877 9.156333 118.218384 9.156333 118.218384 9.167179 118.207397 9.167179 118.201904 9.161756 118.190918 9.161756 118.190918 9.156333 118.185425 9.150909 118.174438 9.150909 118.174438 9.156333 118.168945 9.156333 118.168945 9.150909 118.157959 9.150909 118.157959 9.145486 118.152466 9.145486 118.152466 9.134639 118.146973 9.134639 118.146973 9.140063 118.141479 9.140063 118.141479 9.145486 118.135986 9.145486 118.135986 9.150909 118.130493 9.150909 118.130493 9.145486 118.119507 9.145486 118.119507 9.123792 118.114014 9.118368 118.114014 9.112945 118.108521 9.112945 118.108521 9.102097 118.103027 9.102097 118.103027 9.096673 118.108521 9.091249 118.103027 9.091249 118.108521 9.085824 118.103027 9.085824 118.103027 9.080400 118.108521 9.080400 118.103027 9.074976 118.103027 9.047853 118.092041 9.047853 118.092041 9.053277 118.086548 9.053277 118.086548 9.047853 118.070068 9.047853 118.070068 9.042428 118.075562 9.042428 118.070068 9.037003 118.081055 9.037003 118.081055 9.031578 118.086548 9.031578 118.086548 9.026153 118.081055 9.026153 118.081055 9.009877 118.059082 9.009877 118.059082 9.004452 118.064575 9.004452 118.064575 8.993600 118.053589 8.993600 118.053589 8.988175 118.059082 8.988175 118.059082 8.982749 118.053589 8.982749 118.059082 8.977323 118.053589 8.977323 118.053589 8.971897 118.048096 8.971897 118.048096 8.955619 118.042603 8.955619 118.042603 8.950193 118.037109 8.944767 118.037109 8.950193 118.031616 8.950193 118.031616 8.944767 118.026123 8.939340 118.026123 8.923060 118.020630 8.917634 118.020630 8.912207 118.015137 8.906780 118.004150 8.906780 118.009644 8.901353 118.004150 8.901353 118.004150 8.895926 118.009644 8.895926 118.009644 8.890499 118.004150 8.890499 118.004150 8.879644 117.993164 8.879644 117.987671 8.885072 117.987671 8.879644 117.982178 8.879644 117.982178 8.868790 117.971191 8.868790 117.971191 8.874217 117.965698 8.874217 117.960205 8.868790 117.954712 8.868790 117.954712 8.863362 117.943726 8.863362 117.943726 8.857934 117.938232 8.852507 117.932739 8.852507 117.932739 8.847079 117.927246 8.847079 117.927246 8.841651 117.921753 8.841651 117.921753 8.847079 117.910767 8.847079 117.910767 8.841651 117.905273 8.841651 117.899780 8.830795 117.888794 8.830795 117.883301 8.825367 117.883301 8.819939 117.877808 8.819939 117.866821 8.809082 117.866821 8.798225 117.861328 8.798225 117.861328 8.792797 117.855835 8.787368 117.850342 8.787368 117.850342 8.781940 117.844849 8.776511 117.839355 8.776511 117.839355 8.771082 117.833862 8.765653 117.833862 8.771082 117.828369 8.771082 117.828369 8.776511 117.817383 8.776511 117.806396 8.765653 117.806396 8.760224 117.800903 8.760224 117.800903 8.749366 117.795410 8.749366 117.795410 8.733077 117.789917 8.733077 117.789917 8.727648 117.784424 8.727648 117.784424 8.722218 117.778931 8.716789 117.778931 8.711359 117.767944 8.711359 117.767944 8.705929 117.756958 8.705929 117.756958 8.695069 117.745972 8.695069 117.745972 8.689639 117.734985 8.689639 117.734985 8.684209 117.696533 8.684209 117.685547 8.678779 117.680054 8.678779 117.680054 8.673348 117.669067 8.667918 117.647095 8.667918 117.641602 8.662488 117.641602 8.657057 117.636108 8.662488 117.630615 8.662488 117.630615 8.657057 117.619629 8.657057 117.614136 8.662488 117.603149 8.662488 117.597656 8.667918 117.592163 8.667918 117.592163 8.673348 117.564697 8.673348 117.559204 8.667918 117.553711 8.657057 117.548218 8.657057 117.548218 8.651626 117.542725 8.651626 117.542725 8.646196 117.537231 8.646196 117.537231 8.629903 117.531738 8.629903 117.531738 8.624472 117.537231 8.624472 117.537231 8.608179 117.542725 8.608179 117.542725 8.602747 117.548218 8.597316 117.548218 8.591884 117.542725 8.591884 117.542725 8.570158 117.537231 8.570158 117.537231 8.564726 117.531738 8.559294 117.526245 8.559294 117.526245 8.548430 117.520752 8.542998 117.520752 8.537565 117.515259 8.537565 117.515259 8.526701 117.509766 8.526701 117.509766 8.515836 117.504272 8.515836 117.504272 8.499537 117.493286 8.499537 117.493286 8.494105 117.487793 8.494105 117.487793 8.499537 117.482300 8.504970 117.476807 8.504970 117.476807 8.510403 117.460327 8.510403 117.460327 8.515836 117.460327 8.521268 117.454834 8.521268 117.454834 8.504970 117.443848 8.504970 117.443848 8.499537 117.432861 8.499537 117.432861 8.510403 117.427368 8.504970 117.427368 8.499537 117.410889 8.499537 117.410889 8.494105 117.399902 8.494105 117.399902 8.488672 117.383423 8.488672 117.383423 8.494105 117.372437 8.494105 117.372437 8.483239 117.366943 8.483239 117.366943 8.477805 117.355957 8.477805 117.355957 8.472372 117.350464 8.472372 117.350464 8.466939 117.344971 8.466939 117.344971 8.461506 117.333984 8.461506 117.333984 8.456072 117.328491 8.456072 117.328491 8.450639 117.317505 8.450639 117.317505 8.445205 117.312012 8.439772 117.306519 8.439772 117.306519 8.434338 117.301025 8.434338 117.301025 8.428904 117.290039 8.428904 117.290039 8.418036 117.284546 8.418036 117.284546 8.407168 117.279053 8.407168 117.279053 8.412602 117.268066 8.412602 117.262573 8.407168 117.262573 8.401734 117.257080 8.401734 117.257080 8.396300 117.251587 8.390865 117.251587 8.385431 117.246094 8.385431 117.246094 8.374562 117.240601 8.374562 117.240601 8.369127 117.235107 8.369127 117.235107 8.363693 117.224121 8.363693 117.224121 8.358258 117.218628 8.358258 117.213135 8.363693 117.207642 8.363693 117.207642 8.358258 117.213135 8.358258 117.213135 8.352823 117.218628 8.352823 117.218628 8.347388 117.213135 8.347388 117.213135 8.336518 117.207642 8.336518 117.207642 8.331083 117.180176 8.331083 117.180176 8.336518 117.174683 8.336518 117.174683 8.358258 117.180176 8.358258 117.180176 8.363693 117.174683 8.363693 117.180176 8.369127 117.180176 8.374562 117.185669 8.379997 117.185669 8.390865 117.191162 8.396300 117.191162 8.401734 117.196655 8.401734 117.196655 8.412602 117.202148 8.412602 117.202148 8.418036 117.207642 8.418036 117.207642 8.423470 117.213135 8.428904 117.213135 8.445205 117.218628 8.445205 117.218628 8.450639 117.213135 8.456072 117.213135 8.466939 117.218628 8.466939 117.218628 8.488672 117.213135 8.488672 117.213135 8.499537 117.218628 8.504970 117.224121 8.504970 117.224121 8.515836 117.218628 8.515836 117.218628 8.526701 117.224121 8.526701 117.224121 8.532133 117.235107 8.532133 117.235107 8.537565 117.240601 8.537565 117.240601 8.548430 117.235107 8.548430 117.235107 8.553862 117.240601 8.553862 117.240601 8.564726 117.235107 8.570158 117.257080 8.570158 117.257080 8.575590 117.262573 8.575590 117.262573 8.591884 117.257080 8.591884 117.257080 8.602747 117.251587 8.602747 117.251587 8.608179 117.257080 8.608179 117.257080 8.613610 117.262573 8.613610 117.262573 8.602747 117.268066 8.597316 117.268066 8.602747 117.273560 8.602747 117.273560 8.608179 117.279053 8.608179 117.279053 8.629903 117.284546 8.635334 117.284546 8.646196 117.290039 8.646196 117.290039 8.651626 117.295532 8.651626 117.295532 8.657057 117.306519 8.657057 117.306519 8.667918 117.317505 8.667918 117.322998 8.673348 117.333984 8.673348 117.333984 8.695069 117.322998 8.695069 117.322998 8.700499 117.333984 8.700499 117.333984 8.705929 117.339478 8.705929 117.344971 8.711359 117.344971 8.727648 117.350464 8.727648 117.350464 8.733077 117.355957 8.733077 117.355957 8.738507 117.361450 8.738507 117.361450 8.743936 117.366943 8.743936 117.366943 8.749366 117.405396 8.749366 117.405396 8.754795 117.410889 8.749366 117.410889 8.754795 117.416382 8.754795 117.416382 8.760224 117.421875 8.760224 117.421875 8.765653 117.427368 8.765653 117.432861 8.771082 117.427368 8.771082 117.427368 8.776511 117.421875 8.776511 117.421875 8.781940 117.416382 8.781940 117.416382 8.787368 117.421875 8.787368 117.421875 8.792797 117.427368 8.792797 117.427368 8.798225 117.432861 8.798225 117.432861 8.803654 117.438354 8.803654 117.438354 8.809082 117.454834 8.809082 117.454834 8.825367 117.460327 8.825367 117.460327 8.836223 117.465820 8.836223 117.465820 8.857934 117.471313 8.857934 117.471313 8.852507 117.476807 8.852507 117.476807 8.857934 117.482300 8.857934 117.487793 8.863362 117.487793 8.868790 117.493286 8.874217 117.493286 8.890499 117.498779 8.890499 117.498779 8.895926 117.509766 8.895926 117.509766 8.906780 117.520752 8.917634 117.526245 8.917634 117.531738 8.923060 117.531738 8.933914 117.542725 8.933914 117.542725 8.944767 117.548218 8.944767 117.548218 8.955619 117.570190 8.955619 117.575684 8.961045 117.586670 8.961045 117.586670 8.971897 117.592163 8.971897 117.592163 8.982749 117.603149 8.982749 117.603149 8.988175 117.608643 8.993600 117.614136 8.993600 117.614136 8.999026 117.619629 8.999026 117.625122 9.004452 117.625122 9.009877 117.619629 9.009877 117.619629 9.015302 117.625122 9.015302 117.625122 9.026153 117.619629 9.031578 117.630615 9.031578 117.630615 9.047853 117.641602 9.047853 117.641602 9.053277 117.647095 9.058702 117.652588 9.058702 117.652588 9.064127 117.658081 9.064127 117.658081 9.069551 117.663574 9.069551 117.663574 9.074976 117.669067 9.074976 117.669067 9.069551 117.685547 9.069551 117.685547 9.074976 117.691040 9.074976 117.691040 9.080400 117.685547 9.080400 117.685547 9.085824 117.696533 9.085824 117.696533 9.080400 117.702026 9.080400 117.702026 9.064127 117.707520 9.064127 117.713013 9.058702 117.718506 9.058702 117.718506 9.069551 117.723999 9.069551 117.729492 9.064127 117.740479 9.064127 117.740479 9.069551 117.751465 9.069551 117.751465 9.085824 117.756958 9.085824 117.756958 9.102097 117.751465 9.107521 117.756958 9.107521 117.756958 9.112945 117.762451 9.112945 117.762451 9.129216 117.767944 9.134639 117.778931 9.134639 117.778931 9.145486 117.773438 9.145486 117.773438 9.150909 117.778931 9.150909 117.778931 9.156333 117.773438 9.161756 117.773438 9.167179 117.784424 9.167179 117.784424 9.178025 117.800903 9.178025 117.806396 9.183447 117.806396 9.194293 117.811890 9.194293 117.811890 9.199715 117.817383 9.194293 117.817383 9.188870 117.828369 9.188870 117.828369 9.194293 117.833862 9.194293 117.833862 9.199715 117.839355 9.205138 117.844849 9.205138 117.850342 9.210560 117.850342 9.215982 117.861328 9.215982 117.861328 9.210560 117.866821 9.215982 117.866821 9.221405 117.872314 9.221405 117.872314 9.226827 117.866821 9.232249 117.883301 9.232249 117.883301 9.248514 117.894287 9.248514 117.894287 9.253936 117.905273 9.253936 117.905273 9.259358 117.927246 9.259358 117.927246 9.253936 117.932739 9.253936 117.938232 9.248514 117.938232 9.259358 117.943726 9.259358 117.943726 9.253936 117.954712 9.253936 117.954712 9.264779 117.960205 9.264779 117.960205 9.270201 117.965698 9.270201 117.965698 9.275622 117.971191 9.275622 117.971191 9.270201 117.976685 9.270201 117.976685 9.275622 117.987671 9.275622 117.987671 9.270201 117.982178 9.270201 117.982178 9.264779 117.976685 9.264779 117.976685 9.248514 117.982178 9.248514 117.982178 9.243093 117.987671 9.243093 117.987671 9.237671 117.998657 9.237671 117.998657 9.243093 118.004150 9.243093 118.004150 9.248514 118.009644 9.248514 118.009644 9.243093 118.020630 9.243093 118.026123 9.248514 118.026123 9.259358 118.020630 9.259358 118.020630 9.264779 118.026123 9.264779 118.026123 9.270201 118.031616 9.270201 118.031616 9.275622 118.042603 9.275622 118.053589 9.286465 118.048096 9.286465 118.048096 9.297307 118.064575 9.297307 118.070068 9.302728 118.075562 9.302728 118.075562 9.318990 118.081055 9.318990 118.081055 9.313569 118.086548 9.313569 118.086548 9.324411 118.092041 9.329831 118.086548 9.329831 118.086548 9.335252 118.097534 9.335252 118.097534 9.340672 118.103027 9.335252 118.103027 9.329831 118.108521 9.329831 118.114014 9.335252 118.114014 9.340672 118.125000 9.340672 118.130493 9.346092 118.125000 9.346092 118.125000 9.356933 118.119507 9.362353 118.119507 9.367773 118.114014 9.367773 118.114014 9.373193 118.119507 9.373193 118.119507 9.378612 118.125000 9.378612 118.125000 9.384032 118.130493 9.384032 118.130493 9.394871 118.135986 9.394871 118.135986 9.400291 118.146973 9.394871 118.152466 9.394871 118.152466 9.400291 118.163452 9.400291 118.163452 9.405710 118.168945 9.405710 118.168945 9.400291 118.174438 9.400291 118.174438 9.405710 118.185425 9.405710 118.185425 9.416548 118.190918 9.416548 118.190918 9.443643 118.196411 9.443643 118.196411 9.459899 118.201904 9.465317 118.196411 9.465317 118.196411 9.470736 118.201904 9.470736 118.207397 9.476154 118.207397 9.481572 118.212891 9.486990 118.223877 9.492408 118.223877 9.497826 118.229370 9.497826 118.229370 9.492408 118.240356 9.492408 118.240356 9.503244 118.245850 9.503244 118.245850 9.508662 118.251343 9.514079 118.262329 9.514079 118.262329 9.519497 118.267822 9.519497 118.273315 9.524914 118.273315 9.530332 118.278809 9.530332 118.284302 9.535749 118.284302 9.552000 118.295288 9.552000 118.295288 9.562834 118.300781 9.562834 118.300781 9.568251 118.306274 9.568251 118.306274 9.573668 118.317261 9.573668 118.317261 9.579084 118.328247 9.579084 118.328247 9.584501 118.333740 9.584501 118.333740 9.600750 118.339233 9.600750 118.339233 9.606166 118.333740 9.606166 118.333740 9.611582 118.339233 9.611582 118.339233 9.622414 118.333740 9.622414 118.333740 9.627830 118.328247 9.633246 118.333740 9.633246 118.333740 9.644077 118.339233 9.644077 118.339233 9.649492 118.344727 9.649492 118.344727 9.654908 118.361206 9.654908 118.361206 9.649492 118.372192 9.649492 118.372192 9.644077 118.377686 9.644077 118.377686 9.649492 118.383179 9.649492 118.383179 9.654908 118.388672 9.654908 118.388672 9.660323 118.405151 9.660323 118.405151 9.665738 118.410645 9.665738 118.410645 9.671154 118.405151 9.671154 118.410645 9.676569 118.410645 9.687398 118.421631 9.698228 118.421631 9.703643 118.427124 9.703643 118.432617 9.709057 118.432617 9.719886 118.443604 9.719886 118.449097 9.725300 118.449097 9.730714 118.454590 9.725300 118.454590 9.730714 118.476562 9.730714 118.476562 9.736128 118.482056 9.736128 118.482056 9.741542 118.487549 9.741542 118.487549 9.746956 118.493042 9.746956 118.493042 9.752370 118.498535 9.752370 118.504028 9.757784 118.509521 9.757784 118.509521 9.763198 118.515015 9.763198 118.515015 9.774025 118.520508 9.774025 118.520508 9.779438 118.526001 9.779438 118.526001 9.784851 118.531494 9.784851 118.531494 9.790264 118.536987 9.795678 118.536987 9.801091 118.542480 9.801091 118.542480 9.811916 118.553467 9.811916 118.558960 9.822742 118.564453 9.828154 118.564453 9.833567 118.569946 9.833567 118.569946 9.849804 118.580933 9.849804 118.586426 9.855216 118.591919 9.855216 118.591919 9.866040 118.602905 9.866040 118.608398 9.871452 118.608398 9.882275 118.613892 9.882275 118.613892 9.898510 118.608398 9.898510 118.613892 9.903921 118.602905 9.903921 118.602905 9.909333 118.608398 9.909333 118.608398 9.914744 118.619385 9.914744 118.619385 9.920155 118.624878 9.920155 118.624878 9.925566 118.635864 9.925566 118.635864 9.930977 118.641357 9.930977 118.646851 9.936388 118.646851 9.947209 118.641357 9.947209 118.646851 9.952620 118.646851 9.963440 118.652344 9.963440 118.657837 9.968851 118.657837 9.974261 118.663330 9.974261 118.663330 9.979671 118.657837 9.985081 118.657837 9.979671 118.652344 9.979671 118.652344 9.995901 118.646851 9.995901 118.646851 10.001310 118.657837 10.001310 118.657837 9.995901 118.663330 10.001310 118.663330 10.006720 118.668823 10.006720 118.668823 10.012130 118.685303 10.012130 118.685303 10.017539 118.690796 10.017539 118.696289 10.022948 118.690796 10.022948 118.690796 10.028358 118.696289 10.033767 118.696289 10.028358 118.701782 10.033767 118.701782 10.039176 118.707275 10.039176 118.707275 10.033767 118.723755 10.033767 118.723755 10.039176 118.729248 10.039176 118.729248 10.044585 118.723755 10.044585 118.723755 10.060811 118.729248 10.060811 118.729248 10.071629 118.734741 10.071629 118.729248 10.077037 118.734741 10.077037 118.734741 10.082446 118.745728 10.082446 118.745728 10.109486 118.751221 10.109486 118.751221 10.114894 118.756714 10.114894 118.756714 10.120302 118.762207 10.120302 118.762207 10.125709 118.756714 10.125709 118.756714 10.131117 118.767700 10.131117 118.767700 10.120302 118.773193 10.120302 118.773193 10.114894 118.767700 10.114894 118.767700 10.104078 118.773193 10.104078 118.773193 10.093262 118.767700 10.093262 118.767700 10.087854 118.773193 10.087854 118.773193 10.071629 118.762207 10.071629 118.762207 10.077037 118.740234 10.077037 118.740234 10.071629 118.745728 10.071629 118.745728 10.066220 118.762207 10.066220 118.762207 10.060811 118.773193 10.060811 118.778687 10.055403 118.773193 10.055403 118.773193 10.044585 118.767700 10.044585 118.773193 10.039176 118.773193 10.022948 118.795166 10.022948 118.795166 10.033767 118.800659 10.033767 118.800659 10.028358 118.811646 10.028358 118.811646 10.039176 118.806152 10.039176 118.806152 10.060811 118.811646 10.060811 118.811646 10.071629 118.817139 10.071629 118.817139 10.082446 118.822632 10.082446 118.822632 10.087854 118.828125 10.087854 118.828125 10.104078 118.839111 10.104078 118.839111 10.109486 118.817139 10.109486 118.817139 10.114894 118.806152 10.114894 118.806152 10.125709 118.811646 10.125709 118.811646 10.168967 118.806152 10.168967 118.806152 10.196000 118.822632 10.196000 118.822632 10.190594 118.828125 10.190594 118.833618 10.185187 118.839111 10.190594 118.844604 10.190594 118.844604 10.196000 118.850098 10.201407 118.855591 10.201407 118.855591 10.206813 118.861084 10.206813 118.861084 10.212219 118.866577 10.206813 118.866577 10.212219 118.877563 10.212219 118.877563 10.206813 118.888550 10.206813 118.888550 10.201407 118.894043 10.196000 118.910522 10.196000 118.910522 10.201407 118.932495 10.201407 118.932495 10.206813 118.937988 10.206813 118.937988 10.217625 118.943481 10.217625 118.943481 10.223031 118.943481 10.228437 118.948975 10.233843 118.943481 10.233843 118.948975 10.244654 118.948975 10.250060 118.954468 10.250060 118.954468 10.255465 118.948975 10.255465 118.948975 10.260871 118.948975 10.266276 118.959961 10.266276 118.959961 10.277086 118.948975 10.277086 118.948975 10.282491 118.932495 10.282491 118.932495 10.287896 118.943481 10.287896 118.943481 10.293301 118.948975 10.293301 118.959961 10.282491 118.965454 10.282491 118.965454 10.287896 118.970947 10.287896 118.970947 10.293301 118.976440 10.293301 118.976440 10.304110 118.981934 10.304110 118.987427 10.298706 118.987427 10.304110 118.992920 10.304110 118.998413 10.309515 118.998413 10.314919 119.003906 10.314919 119.003906 10.320324 118.998413 10.320324 118.998413 10.325728 119.003906 10.325728 119.003906 10.341940 119.014893 10.341940 119.014893 10.336536 119.025879 10.336536 119.025879 10.341940 119.020386 10.341940 119.020386 10.352748 119.014893 10.352748 119.014893 10.358151 119.020386 10.358151 119.020386 10.363555 119.014893 10.363555 119.014893 10.368958 119.020386 10.368958 119.020386 10.374362 119.009399 10.374362 119.009399 10.368958 119.003906 10.368958 119.003906 10.363555 118.998413 10.358151 118.992920 10.358151 118.992920 10.352748 118.976440 10.352748 118.976440 10.358151 118.970947 10.358151 118.970947 10.363555 118.965454 10.363555 118.965454 10.368958 118.970947 10.374362 118.976440 10.368958 118.976440 10.374362 118.981934 10.374362 118.981934 10.390572 118.992920 10.390572 118.992920 10.395975 118.987427 10.395975 118.987427 10.406780 118.992920 10.406780 118.992920 10.412183 118.998413 10.412183 118.998413 10.401378 119.003906 10.401378 119.003906 10.406780 119.009399 10.406780 119.009399 10.401378 119.014893 10.406780 119.020386 10.406780 119.020386 10.412183 119.025879 10.417586 119.025879 10.412183 119.036865 10.412183 119.036865 10.401378 119.047852 10.401378 119.047852 10.390572 119.053345 10.390572 119.053345 10.385168 119.058838 10.385168 119.064331 10.390572 119.064331 10.395975 119.075317 10.395975 119.075317 10.412183 119.069824 10.412183 119.069824 10.417586 119.064331 10.417586 119.064331 10.422988 119.069824 10.422988 119.075317 10.417586 119.086304 10.417586 119.086304 10.422988 119.091797 10.417586 119.097290 10.417586 119.097290 10.428391 119.102783 10.428391 119.102783 10.439196 119.091797 10.439196 119.086304 10.444598 119.091797 10.444598 119.091797 10.450000 119.075317 10.450000 119.080811 10.455402 119.086304 10.455402 119.080811 10.460804 119.075317 10.460804 119.080811 10.466206 119.086304 10.466206 119.086304 10.471607 119.091797 10.471607 119.097290 10.477009 119.097290 10.482410 119.102783 10.482410 119.102783 10.477009 119.108276 10.477009 119.108276 10.482410 119.113770 10.482410 119.119263 10.477009 119.119263 10.471607 119.102783 10.471607 119.102783 10.466206 119.108276 10.466206 119.108276 10.460804 119.113770 10.460804 119.113770 10.444598 119.119263 10.444598 119.119263 10.428391 119.113770 10.428391 119.113770 10.406780 119.119263 10.406780 119.119263 10.390572 119.124756 10.390572 119.124756 10.385168 119.130249 10.385168 119.135742 10.379765 119.141235 10.379765 119.141235 10.390572 119.146729 10.390572 119.146729 10.395975 119.141235 10.395975 119.141235 10.401378 119.152222 10.401378 119.152222 10.406780 119.157715 10.406780 119.157715 10.412183 119.174194 10.412183 119.179688 10.417586 119.174194 10.417586 119.174194 10.422988 119.179688 10.422988 119.179688 10.428391 119.185181 10.428391 119.190674 10.433793 119.190674 10.439196 119.185181 10.444598 119.190674 10.444598 119.190674 10.455402 119.207153 10.455402 119.207153 10.460804 119.212646 10.460804 119.212646 10.466206 119.218140 10.466206 119.218140 10.471607 119.212646 10.471607 119.212646 10.477009 119.218140 10.477009 119.218140 10.482410 119.223633 10.482410 119.223633 10.487812 119.240112 10.487812 119.240112 10.482410 119.256592 10.482410 119.256592 10.493213 119.262085 10.493213 119.262085 10.504016 119.267578 10.504016 119.267578 10.520219 119.256592 10.520219 119.256592 10.525619 119.251099 10.525619 119.251099 10.531020 119.240112 10.531020 119.240112 10.536421 119.234619 10.536421 119.234619 10.541821 119.229126 10.541821 119.229126 10.547221 119.234619 10.547221 119.240112 10.541821 119.240112 10.552622 119.245605 10.552622 119.245605 10.547221 119.251099 10.547221 119.251099 10.541821 119.256592 10.541821 119.256592 10.536421 119.262085 10.536421 119.267578 10.541821 119.273071 10.541821 119.278564 10.547221 119.284058 10.547221 119.295044 10.558022 119.295044 10.563422 119.300537 10.563422 119.300537 10.568822 119.306030 10.568822 119.306030 10.585022 119.317017 10.585022 119.317017 10.590421 119.322510 10.595821 119.322510 10.612019 119.317017 10.612019 119.317017 10.622817 119.322510 10.622817 119.322510 10.633615 119.328003 10.633615 119.328003 10.671404 119.333496 10.671404 119.333496 10.687599 119.338989 10.687599 119.338989 10.698394 119.344482 10.703792 119.344482 10.736175 119.338989 10.741572 119.333496 10.741572 119.333496 10.746969 119.322510 10.746969 119.322510 10.763159 119.317017 10.768556 119.311523 10.768556 119.311523 10.773952 119.295044 10.773952 119.289551 10.768556 119.278564 10.768556 119.278564 10.763159 119.273071 10.763159 119.273071 10.773952 119.267578 10.773952 119.267578 10.790141 119.262085 10.790141 119.262085 10.822515 119.267578 10.822515 119.262085 10.827911 119.262085 10.833306 119.256592 10.833306 119.256592 10.838701 119.251099 10.838701 119.251099 10.833306 119.240112 10.833306 119.240112 10.838701 119.245605 10.844096 119.223633 10.844096 119.223633 10.849491 119.212646 10.849491 119.212646 10.854886 119.207153 10.854886 119.207153 10.860281 119.218140 10.860281 119.223633 10.854886 119.229126 10.860281 119.234619 10.854886 119.240112 10.854886 119.240112 10.860281 119.245605 10.854886 119.245605 10.865676 119.240112 10.865676 119.240112 10.871070 119.245605 10.871070 119.245605 10.876465 119.240112 10.876465 119.240112 10.881859 119.251099 10.881859 119.251099 10.887254 119.256592 10.887254 119.256592 10.898042 119.251099 10.898042 119.251099 10.903436 119.245605 10.903436 119.245605 10.908830 119.240112 10.903436 119.240112 10.908830 119.234619 10.908830 119.234619 10.903436 119.229126 10.903436 119.229126 10.908830 119.218140 10.908830 119.218140 10.914224 119.223633 10.914224 119.229126 10.919618 119.229126 10.930405 119.234619 10.930405 119.240112 10.930405 119.240112 10.925011 119.245605 10.925011 119.245605 10.914224 119.256592 10.914224 119.256592 10.930405 119.251099 10.930405 119.251099 10.935798 119.262085 10.935798 119.262085 10.946585 119.267578 10.946585 119.267578 10.941192 119.273071 10.941192 119.273071 10.935798 119.284058 10.935798 119.284058 10.930405 119.273071 10.930405 119.273071 10.925011 119.284058 10.925011 119.284058 10.914224 119.295044 10.914224 119.295044 10.908830 119.289551 10.908830 119.289551 10.903436 119.284058 10.908830 119.278564 10.908830 119.278564 10.892648 119.289551 10.892648 119.289551 10.898042 119.295044 10.892648 119.295044 10.887254 119.289551 10.887254 119.289551 10.881859 119.273071 10.881859 119.273071 10.876465 119.267578 10.876465 119.267578 10.865676 119.278564 10.865676 119.284058 10.871070 119.300537 10.871070 119.300537 10.876465 119.306030 10.876465 119.306030 10.865676 119.289551 10.865676 119.289551 10.854886 119.284058 10.854886 119.284058 10.849491 119.289551 10.844096 119.295044 10.844096 119.300537 10.838701 119.306030 10.838701 119.306030 10.833306 119.311523 10.833306 119.311523 10.827911 119.317017 10.833306 119.322510 10.833306 119.322510 10.817120 119.328003 10.817120 119.328003 10.811724 119.333496 10.811724 119.333496 10.817120 119.338989 10.811724 119.344482 10.811724 119.338989 10.817120 119.338989 10.822515 119.349976 10.822515 119.349976 10.817120 119.349976 10.806328 119.344482 10.806328 119.344482 10.800933 119.349976 10.800933 119.349976 10.795537 119.355469 10.795537 119.355469 10.806328 119.360962 10.806328 119.360962 10.800933 119.366455 10.795537 119.366455 10.790141 119.377441 10.790141 119.377441 10.795537 119.388428 10.795537 119.388428 10.784745 119.393921 10.784745 119.393921 10.779348 119.399414 10.779348 119.399414 10.773952 119.404907 10.773952 119.404907 10.763159 119.393921 10.763159 119.399414 10.757763 119.404907 10.757763 119.404907 10.752366 119.410400 10.752366 119.410400 10.757763 119.421387 10.757763 119.421387 10.752366 119.426880 10.746969 119.426880 10.719984 119.432373 10.719984 119.437866 10.725381 119.443359 10.725381 119.443359 10.719984 119.459839 10.719984 119.459839 10.741572 119.454346 10.746969 119.454346 10.757763 119.448853 10.763159 119.448853 10.768556 119.443359 10.768556 119.443359 10.790141 119.432373 10.800933 119.437866 10.800933 119.437866 10.827911 119.448853 10.827911 119.454346 10.833306 119.454346 10.844096 119.448853 10.849491 119.443359 10.849491 119.443359 10.838701 119.437866 10.838701 119.437866 10.844096 119.432373 10.844096 119.432373 10.854886 119.415894 10.854886 119.415894 10.871070 119.388428 10.871070 119.388428 10.865676 119.382935 10.865676 119.382935 10.860281 119.371948 10.860281 119.371948 10.871070 119.366455 10.871070 119.366455 10.876465 119.355469 10.876465 119.355469 10.887254 119.349976 10.887254 119.349976 10.898042 119.344482 10.898042 119.344482 10.892648 119.333496 10.892648 119.338989 10.898042 119.338989 10.908830 119.344482 10.908830 119.344482 10.914224 119.349976 10.914224 119.349976 10.925011 119.355469 10.925011 119.355469 10.930405 119.360962 10.930405 119.360962 10.941192 119.355469 10.941192 119.355469 10.946585 119.344482 10.946585 119.344482 10.941192 119.338989 10.946585 119.338989 10.941192 119.328003 10.941192 119.328003 10.935798 119.322510 10.935798 119.322510 10.941192 119.311523 10.941192 119.311523 10.946585 119.322510 10.946585 119.322510 10.951978 119.311523 10.951978 119.311523 10.962764 119.306030 10.962764 119.311523 10.968157 119.311523 10.973550 119.306030 10.978943 119.311523 10.978943 119.311523 10.984335 119.306030 10.989728 119.306030 11.011297
R	1	118.718262 9.692813 118.712769 9.692813 118.712769 9.687398 118.707275 9.692813 118.707275 9.681984 118.718262 9.681984 118.718262 9.692813
R	2	118.734741 9.649492 118.729248 9.654908 118.718262 9.654908 118.718262 9.649492 118.723755 9.649492 118.729248 9.644077 118.729248 9.649492 118.734741 9.649492
R	3	117.339478 8.700499 117.339478 8.695069 117.344971 8.695069 117.344971 8.700499 117.339478 8.700499
R	4	119.328003 10.946585 119.333496 10.946585 119.333496 10.951978 119.328003 10.951978 119.328003 10.946585
R	5	117.224121 8.363693 117.224121 8.369127 117.218628 8.369127 117.218628 8.363693 117.224121 8.363693
R	6	117.460327 8.521268 117.465820 8.515836 117.465820 8.521268 117.460327 8.521268
R	7	119.091797 10.460804 119.086304 10.466206 119.086304 10.460804 119.091797 10.460804
R	8	119.630127 10.622817 119.624634 10.622817 119.630127 10.617418 119.630127 10.622817
R	9	118.569946 9.421968 118.564453 9.427387 118.564453 9.421968 118.569946 9.421968
R	10	118.718262 9.784851 118.723755 9.790264 118.718262 9.790264 118.718262 9.784851
R	0	117.229614 8.331083 117.229614 8.325648 117.224121 8.320212 117.224121 8.331083 117.229614 8.331083
R	0	119.663086 10.660608 119.668579 10.660608 119.668579 10.655210 119.663086 10.655210 119.663086 10.660608
R	0	117.235107 8.331083 117.229614 8.331083 117.229614 8.336518 117.235107 8.336518 117.235107 8.331083
R	0	120.245361 12.173595 120.245361 12.162856 120.239868 12.162856 120.239868 12.157486 120.250854 12.157486 120.250854 12.152116 120.239868 12.152116 120.239868 12.146746 120.250854 12.146746 120.250854 12.136005 120.245361 12.136005 120.245361 12.130635 120.256348 12.130635 120.267334 12.130635 120.267334 12.136005 120.272827 12.136005 120.272827 12.141376 120.278320 12.141376 120.278320 12.130635 120.283813 12.130635 120.283813 12.114523 120.294800 12.114523 120.294800 12.119894 120.305786 12.119894 120.305786 12.098410 120.311279 12.098410 120.311279 12.093039 120.322266 12.093039 120.322266 12.098410 120.327759 12.093039 120.333252 12.093039 120.333252 12.087667 120.327759 12.087667 120.327759 12.076924 120.333252 12.076924 120.333252 12.071553 120.338745 12.071553 120.338745 12.050065 120.333252 12.050065 120.333252 12.044693 120.316772 12.044693 120.316772 12.039321 120.322266 12.039321 120.327759 12.033948 120.322266 12.033948 120.322266 12.028576 120.327759 12.028576 120.327759 12.017830 120.333252 12.023203 120.333252 12.017830 120.338745 12.017830 120.338745 12.007085 120.333252 12.007085 120.333252 11.996338 120.327759 11.996338 120.322266 12.001712 120.316772 12.001712 120.316772 11.996338 120.305786 11.996338 120.305786 11.990965 120.300293 11.990965 120.300293 11.985592 120.294800 11.980218 120.294800 11.985592 120.283813 11.985592 120.283813 11.990965 120.278320 11.990965 120.278320 11.996338 120.272827 11.996338 120.267334 12.001712 120.267334 12.007085 120.250854 12.007085 120.250854 12.001712 120.245361 12.001712 120.245361 11.996338 120.234375 11.996338 120.234375 11.990965 120.228882 11.990965 120.228882 11.985592 120.217896 11.985592 120.217896 11.990965 120.212402 11.990965 120.212402 11.996338 120.201416 11.996338 120.201416 12.001712 120.190430 12.001712 120.190430 12.007085 120.179443 12.007085 120.179443 11.996338 120.173950 11.996338 120.168457 12.001712 120.162964 12.001712 120.157471 12.007085 120.157471 12.012458 120.162964 12.007085 120.168457 12.007085 120.168457 12.012458 120.173950 12.007085 120.173950 12.028576 120.162964 12.028576 120.157471 12.023203 120.146484 12.023203 120.140991 12.023203 120.135498 12.028576 120.135498 12.033948 120.130005 12.028576 120.124512 12.028576 120.124512 12.017830 120.130005 12.017830 120.130005 12.012458 120.135498 12.012458 120.135498 12.001712 120.130005 12.001712 120.130005 11.990965 120.113525 11.990965 120.108032 11.996338 120.108032 12.001712 120.097046 12.001712 120.097046 11.996338 120.102539 11.996338 120.102539 11.990965 120.108032 11.990965 120.108032 11.980218 120.113525 11.980218 120.113525 11.985592 120.119019 11.985592 120.119019 11.974845 120.108032 11.974845 120.108032 11.969471 120.102539 11.974845 120.102539 11.958723 120.097046 11.964097 120.091553 11.964097 120.091553 11.969471 120.086060 11.974845 120.086060 11.980218 120.080566 11.985592 120.080566 11.996338 120.086060 11.990965 120.086060 11.996338 120.091553 11.996338 120.086060 12.001712 120.075073 12.001712 120.075073 12.007085 120.069580 12.007085 120.069580 12.012458 120.058594 12.012458 120.058594 12.007085 120.047607 12.007085 120.047607 11.990965 120.042114 11.990965 120.042114 11.996338 120.025635 11.996338 120.025635 11.990965 120.020142 11.990965 120.020142 11.996338 120.014648 11.996338 120.014648 12.007085 120.009155 12.007085 120.009155 12.001712 120.003662 12.001712 120.003662 12.007085 119.998169 12.007085 119.998169 12.001712 119.992676 12.001712 119.992676 12.007085 119.976196 12.007085 119.976196 12.017830 119.981689 12.012458 119.987183 12.017830 119.981689 12.017830 119.987183 12.023203 119.992676 12.023203 119.992676 12.028576 119.976196 12.028576 119.976196 12.023203 119.970703 12.023203 119.970703 12.066181 119.965210 12.066181 119.965210 12.060809 119.959717 12.060809 119.959717 12.055437 119.954224 12.055437 119.954224 12.060809 119.948730 12.066181 119.948730 12.071553 119.937744 12.071553 119.937744 12.076924 119.948730 12.076924 119.948730 12.082296 119.937744 12.082296 119.932251 12.087667 119.932251 12.136005 119.926758 12.136005 119.926758 12.141376 119.921265 12.146746 119.921265 12.152116 119.915771 12.152116 119.915771 12.157486 119.910278 12.157486 119.904785 12.162856 119.899292 12.162856 119.899292 12.168226 119.904785 12.168226 119.904785 12.189704 119.899292 12.189704 119.899292 12.200442 119.893799 12.200442 119.893799 12.205811 119.882812 12.205811 119.877319 12.200442 119.877319 12.195073 119.871826 12.189704 119.871826 12.184334 119.866333 12.178965 119.866333 12.168226 119.860840 12.168226 119.855347 12.162856 119.855347 12.168226 119.849854 12.168226 119.849854 12.184334 119.855347 12.184334 119.855347 12.189704 119.860840 12.189704 119.860840 12.195073 119.866333 12.195073 119.866333 12.211180 119.871826 12.216549 119.871826 12.221918 119.877319 12.221918 119.877319 12.227286 119.871826 12.227286 119.871826 12.232655 119.866333 12.232655 119.860840 12.238023 119.855347 12.238023 119.855347 12.243392 119.860840 12.243392 119.860840 12.254128 119.866333 12.259496 119.866333 12.254128 119.871826 12.254128 119.871826 12.259496 119.877319 12.264864 119.899292 12.264864 119.899292 12.270231 119.915771 12.270231 119.915771 12.275599 119.893799 12.275599 119.893799 12.270231 119.888306 12.270231 119.888306 12.275599 119.882812 12.275599 119.882812 12.270231 119.871826 12.270231 119.871826 12.280966 119.877319 12.280966 119.877319 12.286334 119.866333 12.286334 119.866333 12.291701 119.871826 12.291701 119.866333 12.297068 119.866333 12.313169 119.871826 12.313169 119.877319 12.318536 119.877319 12.329269 119.899292 12.329269 119.904785 12.323903 119.915771 12.323903 119.915771 12.318536 119.926758 12.318536 119.926758 12.307802 119.921265 12.302435 119.921265 12.297068 119.926758 12.297068 119.926758 12.291701 119.937744 12.291701 119.937744 12.280966 119.932251 12.275599 119.926758 12.275599 119.926758 12.270231 119.937744 12.270231 119.937744 12.264864 119.954224 12.264864 119.954224 12.270231 119.976196 12.270231 119.976196 12.264864 119.981689 12.264864 119.981689 12.259496 120.003662 12.259496 120.003662 12.254128 120.014648 12.254128 120.014648 12.243392 120.020142 12.243392 120.020142 12.238023 120.031128 12.238023 120.036621 12.232655 120.042114 12.232655 120.042114 12.227286 120.047607 12.227286 120.047607 12.216549 120.053101 12.216549 120.053101 12.211180 120.058594 12.205811 120.058594 12.195073 120.064087 12.189704 120.069580 12.195073 120.069580 12.189704 120.080566 12.189704 120.080566 12.195073 120.086060 12.195073 120.086060 12.200442 120.102539 12.200442 120.108032 12.195073 120.108032 12.189704 120.102539 12.189704 120.102539 12.195073 120.091553 12.195073 120.091553 12.173595 120.102539 12.173595 120.108032 12.168226 120.108032 12.162856 120.119019 12.162856 120.124512 12.157486 120.124512 12.146746 120.130005 12.146746 120.135498 12.141376 120.135498 12.146746 120.140991 12.146746 120.140991 12.141376 120.146484 12.141376 120.146484 12.136005 120.151978 12.136005 120.157471 12.130635 120.157471 12.125264 120.162964 12.125264 120.162964 12.119894 120.173950 12.119894 120.179443 12.114523 120.184937 12.114523 120.184937 12.119894 120.190430 12.119894 120.190430 12.125264 120.179443 12.125264 120.179443 12.130635 120.190430 12.130635 120.190430 12.136005 120.201416 12.136005 120.201416 12.130635 120.212402 12.130635 120.212402 12.141376 120.217896 12.141376 120.217896 12.146746 120.212402 12.146746 120.212402 12.152116 120.206909 12.152116 120.206909 12.162856 120.212402 12.162856 120.212402 12.178965 120.217896 12.178965 120.217896 12.200442 120.212402 12.205811 120.212402 12.211180 120.206909 12.216549 120.206909 12.221918 120.217896 12.221918 120.217896 12.211180 120.223389 12.205811 120.223389 12.195073 120.228882 12.200442 120.234375 12.200442 120.239868 12.195073 120.239868 12.178965 120.245361 12.173595
R	1	120.146484 12.023203 120.151978 12.028576 120.146484 12.028576 120.146484 12.023203
R	2	120.316772 12.039321 120.311279 12.039321 120.311279 12.028576 120.316772 12.028576 120.316772 12.039321
R	3	120.146484 12.136005 120.140991 12.136005 120.140991 12.130635 120.146484 12.130635 120.146484 12.136005
R	4	120.058594 12.012458 120.058594 12.017830 120.053101 12.017830 120.053101 12.012458 120.058594 12.012458
R	5	120.256348 12.130635 120.256348 12.125264 120.261841 12.125264 120.256348 12.130635
R	6	120.091553 12.173595 120.086060 12.178965 120.086060 12.173595 120.091553 12.173595
R	0	120.025635 11.888853 120.020142 11.888853 120.020142 11.883478 120.025635 11.883478 120.025635 11.878102 120.042114 11.878102 120.042114 11.861975 120.047607 11.861975 120.047607 11.872727 120.058594 11.872727 120.058594 11.867351 120.064087 11.867351 120.064087 11.861975 120.069580 11.867351 120.069580 11.861975 120.075073 11.861975 120.075073 11.856599 120.064087 11.856599 120.064087 11.851223 120.053101 11.851223 120.053101 11.856599 120.047607 11.856599 120.047607 11.851223 120.036621 11.851223 120.036621 11.856599 120.031128 11.856599 120.031128 11.851223 120.025635 11.851223 120.025635 11.845847 120.036621 11.845847 120.042114 11.840471 120.047607 11.840471 120.047607 11.835094 120.036621 11.835094 120.036621 11.824341 120.031128 11.824341 120.031128 11.818965 120.036621 11.818965 120.036621 11.813588 120.042114 11.813588 120.042114 11.808211 120.047607 11.802834 120.064087 11.802834 120.064087 11.797457 120.058594 11.797457 120.064087 11.792080 120.064087 11.786703 120.069580 11.786703 120.064087 11.781325 120.053101 11.781325 120.053101 11.775948 120.042114 11.765192 120.042114 11.759815 120.036621 11.759815 120.036621 11.754437 120.047607 11.754437 120.047607 11.759815 120.053101 11.759815 120.058594 11.754437 120.053101 11.754437 120.053101 11.732924 120.047607 11.732924 120.047607 11.716788 120.036621 11.716788 120.031128 11.711410 120.025635 11.711410 120.025635 11.700652 120.020142 11.700652 120.020142 11.695273 120.009155 11.695273 120.009155 11.689894 120.003662 11.689894 120.003662 11.679135 119.987183 11.679135 119.987183 11.668376 119.981689 11.668376 119.981689 11.673755 119.976196 11.673755 119.976196 11.679135 119.970703 11.679135 119.970703 11.684514 119.965210 11.684514 119.965210 11.673755 119.970703 11.673755 119.970703 11.668376 119.959717 11.668376 119.959717 11.657616 119.954224 11.657616 119.954224 11.662996 119.954224 11.668376 119.948730 11.673755 119.948730 11.679135 119.937744 11.679135 119.937744 11.684514 119.943237 11.684514 119.943237 11.706031 119.937744 11.711410 119.937744 11.732924 119.943237 11.732924 119.943237 11.738302 119.948730 11.738302 119.948730 11.727546 119.970703 11.727546 119.970703 11.732924 119.954224 11.732924 119.954224 11.743681 119.959717 11.743681 119.959717 11.749059 119.965210 11.749059 119.965210 11.743681 119.970703 11.749059 119.970703 11.765192 119.981689 11.765192 119.981689 11.770570 119.998169 11.770570 119.998169 11.775948 119.992676 11.775948 119.998169 11.781325 120.003662 11.781325 120.003662 11.786703 119.992676 11.786703 119.992676 11.797457 119.987183 11.797457 119.987183 11.802834 119.981689 11.797457 119.976196 11.797457 119.976196 11.792080 119.970703 11.792080 119.970703 11.797457 119.959717 11.797457 119.959717 11.781325 119.965210 11.781325 119.959717 11.775948 119.959717 11.770570 119.965210 11.770570 119.965210 11.765192 119.959717 11.765192 119.954224 11.759815 119.954224 11.765192 119.943237 11.765192 119.943237 11.759815 119.926758 11.759815 119.926758 11.765192 119.921265 11.765192 119.921265 11.770570 119.926758 11.770570 119.926758 11.775948 119.921265 11.775948 119.921265 11.786703 119.915771 11.786703 119.910278 11.792080 119.910278 11.813588 119.904785 11.813588 119.904785 11.824341 119.899292 11.824341 119.899292 11.829718 119.904785 11.835094 119.899292 11.835094 119.899292 11.840471 119.915771 11.840471 119.915771 11.845847 119.910278 11.845847 119.910278 11.851223 119.904785 11.856599 119.899292 11.856599 119.899292 11.861975 119.893799 11.861975 119.893799 11.878102 119.877319 11.878102 119.877319 11.888853 119.871826 11.888853 119.871826 11.899604 119.866333 11.899604 119.866333 11.904979 119.871826 11.904979 119.871826 11.910354 119.866333 11.910354 119.866333 11.915728 119.871826 11.915728 119.871826 11.926478 119.866333 11.931852 119.860840 11.926478 119.860840 11.937227 119.855347 11.937227 119.844360 11.947975 119.849854 11.953349 119.849854 11.958723 119.855347 11.953349 119.855347 11.947975 119.860840 11.947975 119.860840 11.942601 119.866333 11.942601 119.866333 11.947975 119.871826 11.947975 119.871826 11.942601 119.877319 11.942601 119.877319 11.926478 119.882812 11.926478 119.882812 11.921103 119.888306 11.921103 119.893799 11.926478 119.893799 11.931852 119.888306 11.931852 119.888306 11.937227 119.893799 11.937227 119.893799 11.947975 119.888306 11.947975 119.888306 11.953349 119.882812 11.953349 119.882812 11.958723 119.877319 11.958723 119.877319 11.953349 119.871826 11.953349 119.871826 11.964097 119.877319 11.964097 119.877319 11.969471 119.877319 11.974845 119.882812 11.974845 119.882812 11.980218 119.888306 11.980218 119.888306 11.969471 119.893799 11.969471 119.893799 11.974845 119.899292 11.974845 119.899292 11.980218 119.904785 11.980218 119.904785 11.974845 119.910278 11.974845 119.910278 11.969471 119.915771 11.969471 119.915771 11.964097 119.921265 11.958723 119.926758 11.958723 119.926758 11.953349 119.937744 11.953349 119.943237 11.947975 119.943237 11.953349 119.954224 11.953349 119.954224 11.947975 119.959717 11.947975 119.965210 11.942601 119.943237 11.942601 119.943237 11.937227 119.948730 11.937227 119.948730 11.931852 119.943237 11.931852 119.943237 11.926478 119.948730 11.926478 119.954224 11.921103 119.954224 11.910354 119.948730 11.910354 119.954224 11.904979 119.959717 11.904979 119.959717 11.926478 119.965210 11.926478 119.965210 11.921103 119.976196 11.921103 119.976196 11.904979 119.981689 11.904979 119.981689 11.926478 119.992676 11.926478 119.992676 11.931852 119.998169 11.931852 120.003662 11.926478 120.003662 11.931852 120.014648 11.931852 120.014648 11.926478 120.025635 11.926478 120.025635 11.915728 120.014648 11.915728 120.014648 11.910354 120.003662 11.910354 120.003662 11.904979 119.987183 11.904979 119.987183 11.894228 120.003662 11.894228 120.003662 11.899604 120.009155 11.899604 120.014648 11.894228 120.025635 11.894228 120.025635 11.888853
R	1	119.959717 11.695273 119.959717 11.689894 119.965210 11.684514 119.965210 11.689894 119.959717 11.695273
R	2	119.970703 11.722167 119.970703 11.711410 119.981689 11.711410 119.976196 11.716788 119.976196 11.722167 119.970703 11.722167
R	3	120.031128 11.808211 120.036621 11.808211 120.036621 11.813588 120.031128 11.813588 120.031128 11.808211
R	4	120.025635 11.845847 120.020142 11.845847 120.020142 11.840471 120.025635 11.840471 120.025635 11.845847
R	5	120.031128 11.808211 120.031128 11.802834 120.036621 11.802834 120.031128 11.808211
R	0	119.888306 10.547221 119.888306 10.541821 119.899292 10.541821 119.899292 10.531020 119.893799 10.531020 119.893799 10.520219 119.899292 10.520219 119.899292 10.525619 119.904785 10.525619 119.904785 10.509417 119.910278 10.509417 119.910278 10.493213 119.915771 10.493213 119.915771 10.487812 119.921265 10.487812 119.921265 10.477009 119.904785 10.477009 119.904785 10.482410 119.899292 10.482410 119.899292 10.477009 119.893799 10.477009 119.893799 10.482410 119.871826 10.482410 119.871826 10.487812 119.866333 10.487812 119.866333 10.482410 119.855347 10.482410 119.860840 10.477009 119.860840 10.471607 119.877319 10.471607 119.877319 10.460804 119.849854 10.460804 119.849854 10.455402 119.838867 10.455402 119.833374 10.450000 119.822388 10.450000 119.822388 10.444598 119.805908 10.444598 119.800415 10.450000 119.789429 10.450000 119.783936 10.455402 119.778442 10.455402 119.778442 10.450000 119.772949 10.450000 119.767456 10.455402 119.767456 10.460804 119.761963 10.460804 119.761963 10.471607 119.767456 10.471607 119.767456 10.509417 119.761963 10.509417 119.761963 10.520219 119.761963 10.525619 119.761963 10.531020 119.750977 10.531020 119.750977 10.520219 119.745483 10.520219 119.745483 10.541821 119.750977 10.541821 119.750977 10.552622 119.745483 10.547221 119.739990 10.547221 119.745483 10.552622 119.745483 10.558022 119.750977 10.558022 119.756470 10.563422 119.772949 10.563422 119.772949 10.558022 119.783936 10.558022 119.783936 10.552622 119.789429 10.552622 119.789429 10.547221 119.794922 10.547221 119.794922 10.558022 119.789429 10.558022 119.789429 10.563422 119.805908 10.563422 119.805908 10.568822 119.794922 10.568822 119.794922 10.574222 119.800415 10.574222 119.800415 10.579622 119.805908 10.585022 119.805908 10.590421 119.811401 10.590421 119.811401 10.595821 119.822388 10.595821 119.822388 10.606620 119.827881 10.606620 119.827881 10.612019 119.833374 10.612019 119.833374 10.644412 119.827881 10.644412 119.827881 10.649811 119.838867 10.649811 119.838867 10.644412 119.844360 10.644412 119.844360 10.639014 119.849854 10.639014 119.849854 10.633615 119.855347 10.633615 119.855347 10.628216 119.860840 10.628216 119.860840 10.622817 119.866333 10.628216 119.871826 10.628216 119.882812 10.617418 119.893799 10.617418 119.893799 10.612019 119.899292 10.612019 119.899292 10.606620 119.904785 10.606620 119.904785 10.601220 119.921265 10.601220 119.926758 10.606620 119.943237 10.606620 119.943237 10.601220 119.959717 10.601220 119.959717 10.595821 119.965210 10.595821 119.965210 10.601220 119.981689 10.601220 119.987183 10.595821 119.992676 10.595821 119.992676 10.579622 119.998169 10.568822 120.003662 10.568822 120.003662 10.563422 119.998169 10.563422 119.998169 10.558022 120.003662 10.552622 119.987183 10.552622 119.987183 10.558022 119.992676 10.558022 119.981689 10.568822 119.976196 10.568822 119.981689 10.563422 119.976196 10.563422 119.976196 10.552622 119.970703 10.552622 119.970703 10.547221 119.976196 10.547221 119.976196 10.541821 119.981689 10.541821 119.981689 10.536421 119.987183 10.536421 119.981689 10.531020 119.965210 10.531020 119.965210 10.520219 119.943237 10.520219 119.943237 10.531020 119.937744 10.531020 119.937744 10.504016 119.926758 10.504016 119.926758 10.520219 119.915771 10.520219 119.910278 10.514818 119.910278 10.531020 119.904785 10.531020 119.904785 10.547221 119.899292 10.547221 119.899292 10.552622 119.888306 10.552622 119.888306 10.547221
R	1	119.943237 10.536421 119.943237 10.531020 119.948730 10.531020 119.948730 10.536421 119.943237 10.536421
R	2	119.761963 10.525619 119.767456 10.520219 119.767456 10.525619 119.761963 10.525619
R	3	119.888306 10.547221 119.882812 10.552622 119.882812 10.547221 119.888306 10.547221
R	0	119.838867 11.512322 119.849854 11.512322 119.849854 11.506940 119.855347 11.512322 119.855347 11.506940 119.866333 11.506940 119.866333 11.501557 119.871826 11.501557 119.871826 11.490791 119.866333 11.490791 119.866333 11.469258 119.860840 11.469258 119.860840 11.463874 119.866333 11.463874 119.866333 11.453107 119.860840 11.453107 119.860840 11.436955 119.849854 11.436955 119.849854 11.431571 119.855347 11.431571 119.855347 11.415418 119.849854 11.415418 119.849854 11.410033 119.844360 11.410033 119.844360 11.404649 119.838867 11.404649 119.838867 11.399264 119.827881 11.388494 119.833374 11.383109 119.833374 11.377724 119.805908 11.377724 119.805908 11.383109 119.811401 11.383109 119.811401 11.399264 119.800415 11.399264 119.800415 11.404649 119.811401 11.404649 119.811401 11.410033 119.816895 11.410033 119.822388 11.415418 119.827881 11.415418 119.827881 11.420802 119.822388 11.420802 119.822388 11.426187 119.811401 11.426187 119.811401 11.420802 119.805908 11.415418 119.800415 11.415418 119.800415 11.420802 119.789429 11.420802 119.789429 11.426187 119.783936 11.426187 119.783936 11.420802 119.778442 11.420802 119.778442 11.415418 119.772949 11.415418 119.778442 11.410033 119.778442 11.399264 119.761963 11.399264 119.761963 11.420802 119.756470 11.420802 119.750977 11.426187 119.750977 11.415418 119.745483 11.415418 119.745483 11.426187 119.739990 11.426187 119.739990 11.431571 119.729004 11.431571 119.729004 11.442339 119.739990 11.442339 119.739990 11.447723 119.734497 11.453107 119.723511 11.453107 119.723511 11.458491 119.712524 11.458491 119.712524 11.474641 119.734497 11.474641 119.729004 11.469258 119.729004 11.463874 119.739990 11.463874 119.745483 11.458491 119.750977 11.458491 119.750977 11.453107 119.756470 11.453107 119.756470 11.447723 119.761963 11.447723 119.761963 11.436955 119.772949 11.436955 119.772949 11.442339 119.767456 11.442339 119.767456 11.458491 119.778442 11.458491 119.778442 11.453107 119.783936 11.453107 119.783936 11.469258 119.767456 11.469258 119.767456 11.474641 119.761963 11.474641 119.761963 11.480025 119.778442 11.480025 119.778442 11.485408 119.789429 11.485408 119.789429 11.480025 119.783936 11.480025 119.783936 11.474641 119.789429 11.474641 119.794922 11.469258 119.794922 11.463874 119.789429 11.463874 119.789429 11.458491 119.794922 11.458491 119.794922 11.453107 119.816895 11.453107 119.816895 11.458491 119.811401 11.458491 119.811401 11.463874 119.805908 11.463874 119.805908 11.469258 119.811401 11.474641 119.811401 11.469258 119.816895 11.469258 119.822388 11.463874 119.822388 11.458491 119.833374 11.458491 119.833374 11.474641 119.827881 11.474641 119.827881 11.480025 119.838867 11.480025 119.838867 11.474641 119.844360 11.474641 119.844360 11.496174 119.838867 11.496174 119.838867 11.501557 119.833374 11.496174 119.833374 11.501557 119.827881 11.501557 119.827881 11.506940 119.838867 11.506940 119.838867 11.512322
R	0	120.250854 11.845847 120.250854 11.829718 120.245361 11.829718 120.245361 11.835094 120.234375 11.845847 120.234375 11.872727 120.228882 11.878102 120.228882 11.888853 120.223389 11.888853 120.223389 11.899604 120.217896 11.899604 120.217896 11.904979 120.212402 11.904979 120.212402 11.910354 120.206909 11.910354 120.206909 11.921103 120.201416 11.926478 120.201416 11.931852 120.195923 11.931852 120.195923 11.947975 120.201416 11.947975 120.201416 11.942601 120.206909 11.942601 120.212402 11.947975 120.212402 11.953349 120.217896 11.953349 120.217896 11.958723 120.228882 11.958723 120.228882 11.969471 120.239868 11.969471 120.239868 11.974845 120.245361 11.974845 120.245361 11.985592 120.250854 11.985592 120.250854 11.980218 120.261841 11.980218 120.261841 11.974845 120.267334 11.974845 120.267334 11.969471 120.272827 11.969471 120.272827 11.964097 120.267334 11.964097 120.267334 11.953349 120.272827 11.953349 120.272827 11.937227 120.278320 11.937227 120.272827 11.931852 120.272827 11.926478 120.267334 11.921103 120.267334 11.915728 120.256348 11.915728 120.256348 11.921103 120.250854 11.915728 120.250854 11.899604 120.256348 11.899604 120.256348 11.888853 120.261841 11.888853 120.261841 11.883478 120.256348 11.883478 120.256348 11.872727 120.261841 11.867351 120.256348 11.867351 120.256348 11.851223 120.250854 11.851223 120.250854 11.845847
R	1	120.250854 11.845847 120.245361 11.851223 120.245361 11.845847 120.250854 11.845847
R	0	121.074829 10.908830 121.074829 10.903436 121.080322 10.903436 121.080322 10.892648 121.074829 10.887254 121.063843 10.887254 121.063843 10.871070 121.074829 10.871070 121.074829 10.865676 121.080322 10.860281 121.080322 10.849491 121.069336 10.849491 121.074829 10.844096 121.058350 10.844096 121.058350 10.822515 121.063843 10.822515 121.063843 10.806328 121.041870 10.806328 121.041870 10.800933 121.036377 10.800933 121.036377 10.795537 121.030884 10.800933 121.014404 10.800933 121.014404 10.811724 121.008911 10.811724 121.008911 10.817120 121.003418 10.822515 121.003418 10.827911 120.997925 10.827911 120.997925 10.833306 121.003418 10.833306 121.003418 10.844096 121.008911 10.844096 121.003418 10.849491 121.008911 10.854886 121.008911 10.860281 121.019897 10.860281 121.019897 10.865676 121.030884 10.865676 121.030884 10.871070 121.036377 10.876465 121.041870 10.876465 121.041870 10.871070 121.047363 10.871070 121.047363 10.876465 121.052856 10.881859 121.052856 10.903436 121.058350 10.903436 121.058350 10.908830 121.074829 10.908830
R	0	117.059326 8.080985 117.037354 8.080985 117.037354 8.075546 117.026367 8.075546 117.026367 8.070107 117.015381 8.070107 117.015381 8.075546 117.004395 8.075546 117.004395 8.086423 117.009888 8.086423 117.009888 8.091862 116.998901 8.091862 116.998901 8.086423 116.993408 8.086423 116.993408 8.108177 116.998901 8.108177 116.998901 8.113615 117.009888 8.113615 117.009888 8.119053 117.015381 8.119053 117.015381 8.124491 117.020874 8.124491 117.026367 8.129929 117.037354 8.129929 117.042847 8.124491 117.048340 8.124491 117.048340 8.119053 117.053833 8.119053 117.053833 8.097300 117.059326 8.097300 117.059326 8.091862 117.064819 8.086423 117.059326 8.080985
R	0	119.597168 11.194568 119.613647 11.189180 119.630127 11.189180 119.630127 11.167624 119.624634 11.167624 119.624634 11.162235 119.619141 11.162235 119.619141 11.156845 119.608154 11.156845 119.608154 11.151456 119.602661 11.151456 119.602661 11.162235 119.597168 11.162235 119.597168 11.140677 119.591675 11.140677 119.591675 11.146066 119.580688 11.146066 119.580688 11.140677 119.558716 11.140677 119.558716 11.151456 119.553223 11.151456 119.553223 11.162235 119.558716 11.167624 119.558716 11.178402 119.586182 11.178402 119.586182 11.173013 119.591675 11.173013 119.591675 11.194568 119.597168 11.194568
R	0	119.306030 11.011297 119.300537 11.011297 119.300537 10.995120 119.295044 10.989728 119.289551 10.989728 119.289551 10.973550 119.300537 10.973550 119.295044 10.968157 119.295044 10.957371 119.300537 10.957371 119.300537 10.951978 119.295044 10.951978 119.295044 10.946585 119.289551 10.946585 119.289551 10.951978 119.284058 10.951978 119.284058 10.957371 119.273071 10.957371 119.273071 10.968157 119.267578 10.968157 119.267578 10.978943 119.262085 10.978943 119.262085 10.984335 119.267578 10.984335 119.267578 10.989728 119.273071 10.989728 119.273071 11.000512 119.267578 11.000512 119.267578 11.005904 119.273071 11.005904 119.273071 11.016689 119.267578 11.016689 119.273071 11.022080 119.278564 11.022080 119.278564 11.016689 119.284058 11.016689 119.284058 11.011297 119.289551 11.016689 119.289551 11.022080 119.300537 11.022080 119.300537 11.016689 119.306030 11.016689 119.306030 11.011297
R	0	119.690552 11.323867 119.696045 11.318481 119.696045 11.307708 119.690552 11.302321 119.690552 11.291548 119.685059 11.291548 119.685059 11.286161 119.679565 11.286161 119.679565 11.264612 119.674072 11.264612 119.668579 11.270000 119.663086 11.270000 119.663086 11.286161 119.657593 11.286161 119.657593 11.307708 119.663086 11.307708 119.663086 11.313094 119.668579 11.313094 119.668579 11.307708 119.674072 11.307708 119.679565 11.313094 119.679565 11.323867 119.690552 11.323867
R	0	120.986938 11.173013 120.986938 11.151456 120.981445 11.151456 120.981445 11.146066 120.975952 11.146066 120.970459 11.140677 120.970459 11.135287 120.959473 11.135287 120.953979 11.129897 120.953979 11.135287 120.942993 11.135287 120.942993 11.140677 120.937500 11.140677 120.937500 11.156845 120.948486 11.156845 120.948486 11.162235 120.964966 11.162235 120.964966 11.167624 120.970459 11.167624 120.970459 11.173013 120.986938 11.173013
R	0	120.184937 11.990965 120.195923 11.980218 120.195923 11.974845 120.201416 11.974845 120.201416 11.969471 120.195923 11.969471 120.190430 11.964097 120.184937 11.964097 120.184937 11.969471 120.179443 11.969471 120.179443 11.974845 120.173950 11.974845 120.173950 11.980218 120.168457 11.980218 120.162964 11.974845 120.162964 11.969471 120.151978 11.969471 120.157471 11.974845 120.146484 11.974845 120.146484 11.969471 120.135498 11.969471 120.135498 11.980218 120.130005 11.985592 120.135498 11.985592 120.135498 11.990965 120.140991 11.990965 120.140991 11.985592 120.162964 11.985592 120.162964 11.980218 120.168457 11.985592 120.173950 11.985592 120.173950 11.990965 120.184937 11.990965
R	0	119.163208 10.568822 119.152222 10.568822 119.152222 10.558022 119.141235 10.558022 119.135742 10.552622 119.124756 10.552622 119.124756 10.558022 119.130249 10.558022 119.130249 10.568822 119.135742 10.568822 119.135742 10.574222 119.119263 10.574222 119.119263 10.585022 119.124756 10.590421 119.130249 10.590421 119.130249 10.579622 119.135742 10.585022 119.141235 10.585022 119.135742 10.579622 119.146729 10.579622 119.146729 10.585022 119.152222 10.585022 119.152222 10.590421 119.163208 10.590421 119.163208 10.585022 119.157715 10.585022 119.157715 10.579622 119.163208 10.579622 119.157715 10.574222 119.163208 10.574222 119.163208 10.568822
R	0	118.443604 9.248514 118.443604 9.243093 118.438110 9.243093 118.438110 9.237671 118.454590 9.237671 118.454590 9.226827 118.460083 9.226827 118.460083 9.221405 118.454590 9.221405 118.454590 9.210560 118.427124 9.210560 118.427124 9.221405 118.432617 9.221405 118.432617 9.248514 118.443604 9.248514
R	0	119.349976 11.243062 119.355469 11.243062 119.355469 11.221510 119.360962 11.221510 119.360962 11.216122 119.371948 11.216122 119.371948 11.226898 119.377441 11.226898 119.377441 11.199957 119.366455 11.199957 119.366455 11.205345 119.360962 11.205345 119.360962 11.210734 119.355469 11.210734 119.355469 11.205345 119.349976 11.205345 119.349976 11.210734 119.344482 11.210734 119.344482 11.216122 119.338989 11.216122 119.338989 11.221510 119.344482 11.221510 119.344482 11.237674 119.349976 11.237674 119.349976 11.243062
R	0	120.075073 11.851223 120.075073 11.845847 120.086060 11.845847 120.086060 11.851223 120.091553 11.845847 120.102539 11.845847 120.102539 11.840471 120.097046 11.835094 120.097046 11.824341 120.108032 11.824341 120.108032 11.829718 120.113525 11.829718 120.113525 11.813588 120.102539 11.813588 120.102539 11.818965 120.091553 11.818965 120.086060 11.824341 120.080566 11.824341 120.080566 11.829718 120.086060 11.835094 120.075073 11.835094 120.075073 11.840471 120.069580 11.845847 120.069580 11.851223 120.075073 11.851223
R	0	119.690552 11.108337 119.696045 11.102947 119.696045 11.081385 119.690552 11.086775 119.690552 11.081385 119.679565 11.081385 119.679565 11.086775 119.685059 11.086775 119.685059 11.102947 119.674072 11.102947 119.674072 11.113727 119.668579 11.113727 119.668579 11.124507 119.679565 11.124507 119.679565 11.119117 119.685059 11.124507 119.690552 11.124507 119.690552 11.108337
R	0	121.228638 9.638661 121.228638 9.600750 121.223145 9.600750 121.223145 9.589917 121.217651 9.589917 121.217651 9.595334 121.212158 9.595334 121.212158 9.589917 121.206665 9.589917 121.206665 9.584501 121.201172 9.584501 121.201172 9.573668 121.190186 9.568251 121.184692 9.568251 121.184692 9.579084 121.190186 9.579084 121.190186 9.584501 121.195679 9.584501 121.201172 9.589917 121.201172 9.595334 121.206665 9.595334 121.212158 9.600750 121.217651 9.600750 121.223145 9.606166 121.223145 9.638661 121.228638 9.638661
R	0	119.998169 11.969471 119.998169 11.964097 120.003662 11.964097 120.003662 11.958723 120.014648 11.958723 120.020142 11.953349 120.009155 11.953349 120.009155 11.942601 120.003662 11.942601 120.003662 11.947975 119.998169 11.947975 119.992676 11.942601 119.987183 11.942601 119.987183 11.953349 119.976196 11.953349 119.976196 11.958723 119.981689 11.958723 119.981689 11.964097 119.987183 11.964097 119.987183 11.969471 119.998169 11.969471
R	0	120.146484 11.765192 120.162964 11.765192 120.162964 11.759815 120.173950 11.759815 120.173950 11.754437 120.179443 11.754437 120.179443 11.759815 120.184937 11.754437 120.179443 11.749059 120.179443 11.743681 120.168457 11.743681 120.162964 11.749059 120.157471 11.743681 120.157471 11.754437 120.146484 11.754437 120.146484 11.749059 120.140991 11.749059 120.140991 11.765192 120.146484 11.765192
R	1	120.146484 11.765192 120.146484 11.759815 120.151978 11.759815 120.146484 11.765192
R	0	119.696045 11.054430 119.690552 11.054430 119.690552 11.043647 119.679565 11.043647 119.679565 11.032864 119.674072 11.027472 119.674072 11.032864 119.668579 11.032864 119.668579 11.038255 119.674072 11.038255 119.674072 11.059821 119.679565 11.059821 119.679565 11.065212 119.685059 11.065212 119.685059 11.070603 119.690552 11.070603 119.696045 11.065212 119.696045 11.054430
R	0	120.953979 11.000512 120.953979 10.995120 120.959473 10.995120 120.959473 10.989728 120.964966 10.984335 120.964966 10.978943 120.959473 10.978943 120.959473 10.973550 120.942993 10.973550 120.942993 10.978943 120.937500 10.984335 120.937500 10.995120 120.942993 10.995120 120.948486 11.000512 120.953979 11.000512
R	0	119.080811 10.509417 119.080811 10.487812 119.053345 10.487812 119.053345 10.493213 119.058838 10.493213 119.058838 10.509417 119.080811 10.509417
R	0	120.673828 11.307708 120.679321 11.302321 120.679321 11.296934 120.673828 11.302321 120.673828 11.307708
R	0	119.696045 11.054430 119.712524 11.054430 119.712524 11.043647 119.718018 11.043647 119.718018 11.038255 119.723511 11.043647 119.723511 11.032864 119.712524 11.032864 119.707031 11.027472 119.701538 11.027472 119.696045 11.032864 119.696045 11.043647 119.701538 11.043647 119.701538 11.049038 119.696045 11.054430
R	0	119.948730 11.980218 119.948730 11.974845 119.954224 11.980218 119.965210 11.969471 119.976196 11.969471 119.970703 11.964097 119.954224 11.964097 119.954224 11.958723 119.937744 11.958723 119.937744 11.964097 119.943237 11.964097 119.943237 11.974845 119.937744 11.974845 119.937744 11.980218 119.948730 11.980218
R	0	118.635864 9.459899 118.635864 9.454480 118.630371 9.454480 118.630371 9.438224 118.619385 9.438224 118.619385 9.432806 118.608398 9.432806 118.608398 9.449062 118.619385 9.449062 118.619385 9.454480 118.624878 9.459899 118.635864 9.459899
R	0	119.245605 10.125709 119.245605 10.093262 119.240112 10.093262 119.240112 10.087854 119.234619 10.087854 119.234619 10.093262 119.229126 10.093262 119.229126 10.098670 119.234619 10.098670 119.234619 10.125709 119.245605 10.125709
R	0	119.630127 10.838701 119.630127 10.827911 119.635620 10.827911 119.635620 10.822515 119.641113 10.822515 119.641113 10.800933 119.635620 10.800933 119.630127 10.795537 119.630127 10.817120 119.624634 10.817120 119.619141 10.822515 119.630127 10.822515 119.624634 10.827911 119.619141 10.827911 119.624634 10.833306 119.624634 10.838701 119.630127 10.838701
R	0	120.833130 11.447723 120.833130 11.442339 120.838623 11.442339 120.838623 11.436955 120.844116 11.436955 120.844116 11.431571 120.849609 11.431571 120.849609 11.426187 120.844116 11.426187 120.838623 11.420802 120.827637 11.420802 120.827637 11.436955 120.822144 11.442339 120.822144 11.447723 120.833130 11.447723
R	0	120.937500 11.259225 120.942993 11.248450 120.942993 11.232286 120.926514 11.232286 120.926514 11.237674 120.921021 11.243062 120.926514 11.243062 120.926514 11.253837 120.937500 11.259225
R	0	121.245117 9.595334 121.245117 9.589917 121.239624 9.589917 121.239624 9.595334 121.245117 9.595334
R	0	121.256104 9.600750 121.250610 9.595334 121.245117 9.595334 121.250610 9.600750 121.256104 9.600750
R	0	121.261597 9.606166 121.261597 9.600750 121.256104 9.600750 121.256104 9.606166 121.261597 9.606166
R	0	121.267090 9.611582 121.267090 9.616998 121.272583 9.616998 121.272583 9.611582 121.267090 9.611582
R	0	121.278076 9.616998 121.272583 9.616998 121.272583 9.622414 121.278076 9.622414 121.278076 9.616998
R	0	120.036621 11.926478 120.042114 11.931852 120.064087 11.931852 120.064087 11.926478 120.069580 11.926478 120.069580 11.915728 120.053101 11.915728 120.053101 11.921103 120.047607 11.921103 120.047607 11.915728 120.042114 11.915728 120.042114 11.926478 120.036621 11.926478
R	0	119.871826 11.980218 119.871826 11.974845 119.849854 11.974845 119.849854 11.969471 119.844360 11.964097 119.844360 11.953349 119.838867 11.953349 119.838867 11.947975 119.833374 11.947975 119.827881 11.942601 119.827881 11.953349 119.833374 11.958723 119.838867 11.958723 119.838867 11.969471 119.844360 11.969471 119.844360 11.980218 119.871826 11.980218
R	0	119.278564 11.199957 119.273071 11.199957 119.273071 11.189180 119.267578 11.189180 119.267578 11.194568 119.262085 11.194568 119.262085 11.205345 119.256592 11.210734 119.256592 11.216122 119.262085 11.216122 119.256592 11.221510 119.256592 11.226898 119.262085 11.226898 119.262085 11.221510 119.267578 11.221510 119.267578 11.205345 119.273071 11.205345 119.273071 11.210734 119.278564 11.210734 119.278564 11.199957
R	0	119.871826 12.168226 119.871826 12.162856 119.877319 12.162856 119.877319 12.152116 119.871826 12.152116 119.871826 12.130635 119.877319 12.130635 119.877319 12.125264 119.871826 12.119894 119.860840 12.119894 119.860840 12.125264 119.866333 12.125264 119.866333 12.162856 119.871826 12.168226
R	0	120.184937 11.458491 120.190430 11.458491 120.190430 11.453107 120.195923 11.453107 120.195923 11.447723 120.179443 11.447723 120.179443 11.442339 120.173950 11.442339 120.173950 11.436955 120.162964 11.436955 120.162964 11.442339 120.168457 11.447723 120.173950 11.447723 120.173950 11.458491 120.179443 11.458491 120.179443 11.463874 120.184937 11.463874 120.184937 11.458491
R	0	120.064087 11.990965 120.069580 11.990965 120.075073 11.985592 120.075073 11.974845 120.080566 11.974845 120.080566 11.958723 120.075073 11.958723 120.075073 11.964097 120.064087 11.964097 120.064087 11.990965
R	0	120.986938 10.827911 120.986938 10.817120 120.981445 10.817120 120.981445 10.811724 120.975952 10.811724 120.970459 10.806328 120.970459 10.817120 120.959473 10.817120 120.959473 10.827911 120.964966 10.827911 120.964966 10.822515 120.970459 10.822515 120.970459 10.827911 120.986938 10.827911
R	0	118.921509 9.941798 118.927002 9.936388 118.932495 9.936388 118.932495 9.930977 118.927002 9.930977 118.927002 9.925566 118.921509 9.925566 118.921509 9.930977 118.916016 9.930977 118.916016 9.936388 118.921509 9.936388 118.921509 9.941798
R	0	120.097046 11.383109 120.102539 11.383109 120.108032 11.388494 120.108032 11.383109 120.113525 11.383109 120.113525 11.372339 120.108032 11.372339 120.108032 11.366953 120.091553 11.366953 120.091553 11.377724 120.097046 11.383109
R	0	120.190430 11.775948 120.195923 11.775948 120.195923 11.770570 120.190430 11.770570 120.195923 11.765192 120.201416 11.765192 120.195923 11.759815 120.201416 11.759815 120.201416 11.754437 120.190430 11.754437 120.190430 11.759815 120.184937 11.759815 120.184937 11.765192 120.179443 11.765192 120.179443 11.770570 120.184937 11.770570 120.184937 11.775948 120.179443 11.775948 120.179443 11.781325 120.190430 11.781325 120.190430 11.775948
R	0	119.696045 10.725381 119.696045 10.709189 119.701538 10.709189 119.701538 10.692996 119.696045 10.692996 119.696045 10.682201 119.690552 10.682201 119.690552 10.719984 119.696045 10.725381
R	0	119.240112 10.951978 119.240112 10.946585 119.245605 10.946585 119.245605 10.941192 119.240112 10.941192 119.240112 10.935798 119.234619 10.935798 119.229126 10.935798 119.229126 10.941192 119.223633 10.941192 119.223633 10.935798 119.218140 10.935798 119.212646 10.941192 119.218140 10.941192 119.218140 10.946585 119.223633 10.946585 119.223633 10.951978 119.229126 10.951978 119.229126 10.946585 119.234619 10.946585 119.234619 10.951978 119.240112 10.951978
R	0	119.701538 11.237674 119.701538 11.248450 119.707031 11.248450 119.712524 11.253837 119.707031 11.253837 119.707031 11.259225 119.718018 11.259225 119.723511 11.253837 119.729004 11.253837 119.729004 11.248450 119.718018 11.248450 119.718018 11.243062 119.707031 11.243062 119.707031 11.237674 119.701538 11.237674
R	0	120.250854 10.639014 120.245361 10.639014 120.245361 10.655210 120.239868 10.655210 120.239868 10.660608 120.245361 10.660608 120.245361 10.676803 120.250854 10.671404 120.250854 10.660608 120.256348 10.655210 120.256348 10.649811 120.250854 10.649811 120.250854 10.639014
R	0	119.734497 11.027472 119.734497 11.022080 119.739990 11.027472 119.739990 11.022080 119.745483 11.022080 119.745483 11.011297 119.739990 11.011297 119.739990 11.005904 119.723511 11.022080 119.723511 11.027472 119.734497 11.027472
R	0	119.234619 10.077037 119.229126 10.071629 119.223633 10.071629 119.223633 10.082446 119.234619 10.082446 119.234619 10.077037
R	0	119.954224 11.657616 119.959717 11.652236 119.959717 11.646856 119.965210 11.646856 119.965210 11.652236 119.970703 11.652236 119.970703 11.636096 119.959717 11.636096 119.959717 11.641476 119.954224 11.641476 119.954224 11.646856 119.948730 11.652236 119.948730 11.657616 119.954224 11.657616
R	0	120.366211 12.280966 120.360718 12.280966 120.360718 12.286334 120.355225 12.291701 120.355225 12.297068 120.349731 12.297068 120.349731 12.302435 120.344238 12.302435 120.349731 12.307802 120.355225 12.302435 120.355225 12.307802 120.360718 12.307802 120.360718 12.302435 120.366211 12.297068 120.366211 12.280966
R	0	118.943481 10.260871 118.937988 10.260871 118.937988 10.266276 118.943481 10.266276 118.943481 10.260871
R	0	119.899292 11.506940 119.899292 11.485408 119.893799 11.485408 119.888306 11.490791 119.888306 11.485408 119.882812 11.485408 119.882812 11.496174 119.888306 11.496174 119.888306 11.501557 119.893799 11.501557 119.893799 11.506940 119.899292 11.506940
R	0	120.267334 10.714587 120.267334 10.692996 120.256348 10.692996 120.256348 10.714587 120.267334 10.714587
R	0	119.630127 11.264612 119.630127 11.259225 119.635620 11.259225 119.635620 11.253837 119.630127 11.253837 119.630127 11.243062 119.624634 11.243062 119.630127 11.237674 119.624634 11.237674 119.624634 11.232286 119.619141 11.232286 119.619141 11.243062 119.624634 11.248450 119.624634 11.264612 119.630127 11.264612
R	0	116.960449 8.026595 116.954956 8.026595 116.954956 8.032034 116.960449 8.037473 116.960449 8.042913 116.965942 8.053791 116.971436 8.053791 116.971436 8.037473 116.965942 8.037473 116.965942 8.032034 116.960449 8.026595
R	0	120.899048 10.741572 120.904541 10.736175 120.910034 10.736175 120.910034 10.725381 120.899048 10.725381 120.893555 10.730778 120.893555 10.741572 120.899048 10.741572
R	0	119.020386 10.439196 119.020386 10.433793 119.025879 10.433793 119.025879 10.422988 119.014893 10.422988 119.014893 10.428391 119.009399 10.428391 119.009399 10.433793 119.014893 10.439196 119.020386 10.439196
R	0	120.723267 10.973550 120.734253 10.968157 120.734253 10.962764 120.728760 10.957371 120.728760 10.951978 120.723267 10.951978 120.723267 10.957371 120.717773 10.962764 120.717773 10.968157 120.723267 10.968157 120.723267 10.973550
R	0	121.223145 10.962764 121.217651 10.962764 121.217651 10.968157 121.212158 10.968157 121.212158 10.978943 121.228638 10.978943 121.228638 10.968157 121.223145 10.968157 121.223145 10.962764
R	0	119.954224 11.996338 119.954224 11.990965 119.959717 11.990965 119.959717 11.985592 119.937744 11.985592 119.932251 11.990965 119.937744 11.990965 119.937744 11.996338 119.943237 11.990965 119.943237 11.996338 119.954224 11.996338
R	0	119.278564 11.194568 119.284058 11.189180 119.284058 11.183791 119.289551 11.183791 119.289551 11.167624 119.284058 11.167624 119.278564 11.167624 119.278564 11.173013 119.284058 11.173013 119.278564 11.178402 119.278564 11.194568
R	0	120.322266 11.851223 120.322266 11.845847 120.316772 11.845847 120.316772 11.835094 120.311279 11.835094 120.311279 11.829718 120.305786 11.835094 120.305786 11.845847 120.311279 11.845847 120.311279 11.851223 120.322266 11.851223
R	0	120.173950 12.162856 120.190430 12.162856 120.190430 12.157486 120.195923 12.157486 120.201416 12.152116 120.201416 12.146746 120.195923 12.146746 120.195923 12.152116 120.184937 12.152116 120.184937 12.157486 120.173950 12.157486 120.173950 12.162856
R	0	119.146729 10.498614 119.135742 10.498614 119.135742 10.493213 119.130249 10.493213 119.130249 10.509417 119.141235 10.509417 119.141235 10.504016 119.146729 10.504016 119.146729 10.498614
R	0	119.635620 10.865676 119.635620 10.849491 119.630127 10.849491 119.630127 10.854886 119.619141 10.854886 119.619141 10.860281 119.624634 10.860281 119.624634 10.865676 119.635620 10.865676
R	0	119.712524 10.962764 119.712524 10.957371 119.718018 10.957371 119.712524 10.951978 119.712524 10.935798 119.707031 10.941192 119.707031 10.962764 119.712524 10.962764
R	0	119.322510 11.151456 119.322510 11.146066 119.306030 11.146066 119.306030 11.151456 119.311523 11.151456 119.311523 11.156845 119.322510 11.156845 119.322510 11.151456
R	0	119.646606 11.410033 119.641113 11.410033 119.641113 11.426187 119.635620 11.426187 119.635620 11.431571 119.646606 11.431571 119.646606 11.410033
R	0	120.366211 12.280966 120.371704 12.280966 120.371704 12.264864 120.377197 12.264864 120.371704 12.259496 120.366211 12.259496 120.366211 12.270231 120.360718 12.270231 120.366211 12.275599 120.366211 12.280966
R	0	121.201172 10.892648 121.206665 10.887254 121.212158 10.887254 121.212158 10.881859 121.195679 10.881859 121.195679 10.892648 121.201172 10.892648
R	0	119.663086 11.415418 119.663086 11.410033 119.657593 11.410033 119.657593 11.399264 119.652100 11.399264 119.646606 11.404649 119.646606 11.410033 119.652100 11.410033 119.663086 11.415418
R	0	119.932251 11.749059 119.932251 11.743681 119.937744 11.738302 119.932251 11.732924 119.932251 11.727546 119.926758 11.732924 119.926758 11.743681 119.921265 11.743681 119.932251 11.749059
R	0	119.860840 11.996338 119.855347 11.996338 119.855347 11.990965 119.838867 11.990965 119.838867 11.996338 119.849854 11.996338 119.855347 12.001712 119.860840 12.001712 119.860840 11.996338
R	0	119.124756 10.552622 119.124756 10.547221 119.119263 10.552622 119.124756 10.552622
R	0	119.827881 11.506940 119.822388 11.506940 119.822388 11.501557 119.816895 11.506940 119.816895 11.512322 119.811401 11.512322 119.811401 11.517705 119.822388 11.517705 119.822388 11.512322 119.827881 11.512322 119.827881 11.506940
R	0	119.284058 11.162235 119.284058 11.140677 119.278564 11.140677 119.278564 11.162235 119.284058 11.162235
R	0	119.185181 10.568822 119.168701 10.568822 119.168701 10.574222 119.179688 10.574222 119.185181 10.574222 119.185181 10.568822
R	0	119.503784 11.442339 119.509277 11.436955 119.503784 11.436955 119.503784 11.420802 119.498291 11.426187 119.498291 11.442339 119.503784 11.442339
R	0	119.179688 10.579622 119.179688 10.574222 119.174194 10.579622 119.179688 10.579622
R	0	119.674072 11.501557 119.685059 11.501557 119.685059 11.485408 119.679565 11.485408 119.679565 11.496174 119.674072 11.496174 119.674072 11.501557
R	0	120.124512 11.813588 120.124512 11.802834 120.119019 11.797457 120.119019 11.802834 120.113525 11.797457 120.113525 11.808211 120.119019 11.808211 120.119019 11.813588 120.124512 11.813588
R	0	119.218140 10.071629 119.223633 10.071629 119.223633 10.060811 119.212646 10.060811 119.212646 10.066220 119.218140 10.066220 119.218140 10.071629
R	0	119.185181 10.568822 119.201660 10.568822 119.196167 10.563422 119.179688 10.563422 119.185181 10.568822
R	0	120.256348 11.818965 120.261841 11.818965 120.261841 11.824341 120.267334 11.824341 120.267334 11.813588 120.256348 11.813588 120.256348 11.818965
R	0	120.250854 11.829718 120.256348 11.829718 120.256348 11.824341 120.261841 11.824341 120.256348 11.818965 120.250854 11.818965 120.250854 11.829718
R	0	119.229126 10.876465 119.234619 10.876465 119.234619 10.871070 119.229126 10.871070 119.223633 10.876465 119.229126 10.881859 119.229126 10.876465
R	0	120.140991 11.770570 120.135498 11.770570 120.135498 11.781325 120.140991 11.781325 120.140991 11.770570
R	0	119.855347 12.162856 119.860840 12.162856 119.860840 12.152116 119.855347 12.152116 119.855347 12.162856
R	0	119.086304 10.471607 119.080811 10.471607 119.080811 10.482410 119.086304 10.482410 119.086304 10.471607
R	0	119.860840 11.996338 119.871826 11.996338 119.871826 11.990965 119.860840 11.990965 119.860840 11.996338
R	0	120.130005 11.824341 120.130005 11.813588 120.124512 11.818965 120.124512 11.824341 120.130005 11.824341
R	0	119.696045 10.536421 119.701538 10.541821 119.707031 10.541821 119.707031 10.536421 119.696045 10.536421
R	0	120.250854 10.639014 120.256348 10.639014 120.256348 10.633615 120.245361 10.633615 120.250854 10.639014
R	0	119.679565 11.081385 119.679565 11.075994 119.674072 11.075994 119.674072 11.081385 119.679565 11.081385
R	0	120.162964 11.436955 120.162964 11.431571 120.157471 11.431571 120.157471 11.436955 120.162964 11.436955
R	0	119.674072 11.512322 119.668579 11.512322 119.668579 11.517705 119.674072 11.517705 119.674072 11.512322
R	0	120.130005 11.813588 120.135498 11.813588 120.135498 11.808211 120.130005 11.808211 120.130005 11.813588
R	0	119.827881 11.942601 119.827881 11.937227 119.822388 11.937227 119.822388 11.942601 119.827881 11.942601
R	0	119.855347 12.152116 119.855347 12.146746 119.849854 12.146746 119.849854 12.152116 119.855347 12.152116
R	0	117.136230 8.124491 117.130737 8.124491 117.130737 8.129929 117.136230 8.129929 117.136230 8.124491
R	0	117.136230 8.124491 117.141724 8.124491 117.141724 8.119053 117.136230 8.119053 117.136230 8.124491
R	0	117.427368 8.499537 117.432861 8.499537 117.432861 8.494105 117.427368 8.494105 117.427368 8.499537
R	0	118.130493 9.394871 118.125000 9.394871 118.125000 9.400291 118.130493 9.400291 118.130493 9.394871
R	0	118.624878 9.481572 118.630371 9.481572 118.630371 9.476154 118.624878 9.476154 118.624878 9.481572
R	0	118.943481 10.293301 118.937988 10.293301 118.937988 10.298706 118.943481 10.298706 118.943481 10.293301
R	0	119.163208 10.568822 119.168701 10.568822 119.168701 10.563422 119.163208 10.563422 119.163208 10.568822
R	0	121.223145 10.962764 121.228638 10.962764 121.228638 10.957371 121.223145 10.957371 121.223145 10.962764
R	0	119.377441 11.199957 119.382935 11.199957 119.382935 11.194568 119.377441 11.194568 119.377441 11.199957
R	0	119.701538 11.237674 119.701538 11.232286 119.696045 11.226898 119.696045 11.232286 119.701538 11.237674
R	0	119.349976 11.243062 119.344482 11.243062 119.344482 11.248450 119.349976 11.248450 119.349976 11.243062
R	0	120.091553 11.388494 120.086060 11.388494 120.086060 11.393879 120.091553 11.393879 120.091553 11.388494
R	0	120.091553 11.388494 120.097046 11.388494 120.097046 11.383109 120.091553 11.383109 120.091553 11.388494
R	0	119.663086 11.415418 119.663086 11.420802 119.668579 11.420802 119.668579 11.415418 119.663086 11.415418
R	0	119.778442 11.485408 119.772949 11.485408 119.772949 11.490791 119.778442 11.490791 119.778442 11.485408
R	0	119.838867 11.512322 119.833374 11.512322 119.833374 11.517705 119.838867 11.517705 119.838867 11.512322
R	0	120.184937 11.754437 120.190430 11.754437 120.190430 11.749059 120.184937 11.749059 120.184937 11.754437
R	0	120.047607 11.851223 120.053101 11.851223 120.053101 11.845847 120.047607 11.845847 120.047607 11.851223
R	0	120.168457 12.168226 120.173950 12.168226 120.173950 12.162856 120.168457 12.162856 120.168457 12.168226
R	0	120.162964 12.173595 120.168457 12.173595 120.168457 12.168226 120.162964 12.168226 120.162964 12.173595
R	0	119.948730 11.662996 119.943237 11.662996 119.948730 11.668376 119.948730 11.662996
R	0	120.179443 11.759815 120.173950 11.759815 120.173950 11.765192 120.179443 11.759815
R	0	120.173950 11.781325 120.173950 11.775948 120.168457 11.781325 120.173950 11.781325
R	0	120.195923 11.953349 120.195923 11.947975 120.190430 11.953349 120.195923 11.953349
R	0	120.064087 11.996338 120.064087 11.990965 120.058594 11.996338 120.064087 11.996338
R	0	119.871826 12.270231 119.871826 12.264864 119.866333 12.270231 119.871826 12.270231
R	0	121.267090 9.611582 121.267090 9.606166 121.261597 9.606166 121.267090 9.611582
R	0	118.943481 10.223031 118.937988 10.223031 118.937988 10.228437 118.943481 10.223031
R	0	119.146729 10.498614 119.152222 10.493213 119.146729 10.493213 119.146729 10.498614
R	0	119.619141 10.671404 119.613647 10.671404 119.619141 10.676803 119.619141 10.671404
R	0	119.349976 10.817120 119.355469 10.822515 119.355469 10.817120 119.349976 10.817120
R	0	119.322510 11.151456 119.328003 11.156845 119.328003 11.151456 119.322510 11.151456
R	0	119.674072 11.512322 119.679565 11.512322 119.674072 11.506940 119.674072 11.512322
R	0	119.899292 11.829718 119.893799 11.829718 119.899292 11.835094 119.899292 11.829718
R	0	120.036621 11.926478 120.031128 11.926478 120.036621 11.931852 120.036621 11.926478
R	0	119.871826 11.964097 119.871826 11.969471 119.877319 11.969471 119.871826 11.964097
R	0	120.157471 12.012458 120.151978 12.012458 120.151978 12.017830 120.157471 12.012458
R	0	120.673828 11.307708 120.673828 11.318481 120.684814 11.318481 120.684814 11.323867 120.690308 11.318481 120.695801 11.318481 120.695801 11.296934 120.690308 11.296934 120.684814 11.291548 120.679321 11.296934 120.684814 11.296934 120.684814 11.302321 120.679321 11.302321 120.679321 11.307708 120.673828 11.307708
R	0	120.025635 11.888853 120.031128 11.888853 120.025635 11.883478 120.025635 11.888853
R	0	120.245361 12.173595 120.245361 12.178965 120.250854 12.178965 120.250854 12.184334 120.256348 12.184334 120.256348 12.157486 120.250854 12.157486 120.250854 12.173595 120.245361 12.173595
P	1705900000	Romblon
R	0	121.948242 12.098410 121.948242 12.093039 121.953735 12.093039 121.953735 12.071553 121.959229 12.071553 121.959229 12.039321 121.964722 12.039321 121.964722 12.033948 121.942749 12.033948 121.942749 12.039321 121.926270 12.039321 121.926270 12.044693 121.920776 12.044693 121.920776 12.050065 121.915283 12.050065 121.915283 12.055437 121.909790 12.060809 121.909790 12.071553 121.915283 12.071553 121.909790 12.076924 121.915283 12.076924 121.915283 12.087667 121.926270 12.087667 121.926270 12.093039 121.931763 12.093039 121.937256 12.098410 121.948242 12.098410
R	0	122.118530 12.667137 122.124023 12.672496 122.124023 12.667137 122.129517 12.667137 122.129517 12.661778 122.145996 12.661778 122.145996 12.656418 122.151489 12.661778 122.151489 12.656418 122.156982 12.656418 122.156982 12.634978 122.162476 12.634978 122.162476 12.629618 122.135010 12.629618 122.135010 12.634978 122.124023 12.634978 122.124023 12.613537 122.129517 12.613537 122.129517 12.608176 122.135010 12.608176 122.135010 12.602815 122.129517 12.602815 122.129517 12.597455 122.135010 12.592094 122.135010 12.586732 122.140503 12.581371 122.135010 12.576010 122.135010 12.565287 122.129517 12.565287 122.135010 12.559925 122.135010 12.543840 122.140503 12.538478 122.135010 12.533115 122.129517 12.533115 122.124023 12.527753 122.124023 12.522391 122.118530 12.522391 122.118530 12.500940 122.113037 12.500940 122.113037 12.474124 122.107544 12.468760 122.107544 12.420483 122.102051 12.415119 122.107544 12.415119 122.107544 12.409754 122.102051 12.409754 122.102051 12.399024 122.096558 12.399024 122.096558 12.350734 122.091064 12.345368 122.091064 12.334636 122.085571 12.329269 122.085571 12.323903 122.080078 12.323903 122.080078 12.318536 122.085571 12.318536 122.085571 12.307802 122.080078 12.307802 122.080078 12.302435 122.074585 12.302435 122.074585 12.291701 122.069092 12.291701 122.069092 12.275599 122.063599 12.275599 122.063599 12.264864 122.058105 12.264864 122.058105 12.248760 122.052612 12.248760 122.052612 12.243392 122.058105 12.243392 122.052612 12.238023 122.052612 12.232655 122.041626 12.232655 122.041626 12.227286 122.047119 12.227286 122.047119 12.221918 122.041626 12.221918 122.041626 12.216549 122.047119 12.216549 122.047119 12.195073 122.052612 12.195073 122.052612 12.200442 122.058105 12.195073 122.052612 12.189704 122.069092 12.189704 122.069092 12.173595 122.052612 12.173595 122.052612 12.178965 122.041626 12.178965 122.041626 12.173595 122.036133 12.173595 122.036133 12.162856 122.030640 12.162856 122.030640 12.152116 122.025146 12.146746 122.019653 12.146746 122.019653 12.141376 122.014160 12.141376 122.019653 12.136005 122.019653 12.130635 122.025146 12.130635 122.025146 12.109152 122.019653 12.109152 122.019653 12.098410 122.014160 12.098410 122.014160 12.103781 122.008667 12.103781 122.008667 12.114523 122.003174 12.114523 122.003174 12.125264 121.997681 12.125264 121.997681 12.130635 121.986694 12.141376 121.986694 12.152116 121.992188 12.152116 121.992188 12.162856 121.986694 12.162856 121.986694 12.157486 121.981201 12.157486 121.981201 12.152116 121.975708 12.157486 121.964722 12.157486 121.964722 12.173595 121.959229 12.173595 121.959229 12.195073 121.964722 12.200442 121.964722 12.216549 121.970215 12.216549 121.964722 12.221918 121.964722 12.238023 121.970215 12.238023 121.970215 12.232655 121.975708 12.232655 121.975708 12.195073 121.981201 12.195073 121.981201 12.189704 121.992188 12.189704 121.992188 12.195073 121.997681 12.195073 121.992188 12.200442 121.992188 12.205811 121.997681 12.205811 121.997681 12.216549 122.008667 12.216549 122.008667 12.221918 122.014160 12.221918 122.014160 12.227286 122.019653 12.227286 122.019653 12.238023 122.014160 12.238023 122.014160 12.243392 122.008667 12.243392 121.997681 12.254128 121.992188 12.254128 121.992188 12.259496 121.981201 12.259496 121.981201 12.264864 121.975708 12.264864 121.975708 12.259496 121.964722 12.259496 121.964722 12.280966 121.959229 12.275599 121.959229 12.280966 121.953735 12.275599 121.948242 12.275599 121.948242 12.297068 121.937256 12.297068 121.937256 12.291701 121.931763 12.286334 121.926270 12.286334 121.926270 12.302435 121.920776 12.302435 121.920776 12.307802 121.926270 12.307802 121.920776 12.313169 121.920776 12.318536 121.926270 12.318536 121.926270 12.323903 121.931763 12.323903 121.931763 12.329269 121.937256 12.334636 121.937256 12.340002 121.931763 12.340002 121.931763 12.350734 121.937256 12.350734 121.937256 12.356100 121.942749 12.356100 121.942749 12.393659 121.948242 12.393659 121.948242 12.399024 121.959229 12.399024 121.959229 12.404389 121.970215 12.404389 121.975708 12.399024 121.975708 12.404389 121.986694 12.404389 121.986694 12.409754 121.992188 12.409754 121.992188 12.415119 121.986694 12.420483 121.992188 12.420483 121.992188 12.425848 121.997681 12.425848 121.997681 12.436577 122.003174 12.436577 122.003174 12.441941 122.008667 12.447305 122.003174 12.452669 122.003174 12.458033 122.008667 12.458033 122.008667 12.479487 122.003174 12.484850 122.014160 12.484850 122.014160 12.500940 122.008667 12.500940 122.008667 12.506303 122.014160 12.506303 122.014160 12.517028 122.008667 12.511665 122.008667 12.522391 122.003174 12.522391 122.003174 12.527753 122.008667 12.527753 122.008667 12.549202 122.003174 12.554564 122.003174 12.559925 121.997681 12.559925 121.997681 12.565287 121.992188 12.565287 121.992188 12.576010 121.997681 12.576010 121.997681 12.586732 122.003174 12.586732 122.003174 12.597455 122.008667 12.602815 122.019653 12.602815 122.019653 12.608176 122.030640 12.608176 122.030640 12.613537 122.036133 12.618897 122.041626 12.618897 122.047119 12.624258 122.058105 12.624258 122.058105 12.618897 122.074585 12.618897 122.074585 12.624258 122.080078 12.624258 122.074585 12.629618 122.085571 12.629618 122.080078 12.634978 122.091064 12.634978 122.091064 12.640338 122.096558 12.640338 122.096558 12.645698 122.102051 12.645698 122.107544 12.651058 122.113037 12.651058 122.113037 12.656418 122.118530 12.656418 122.118530 12.667137
R	1	122.047119 12.195073 122.041626 12.195073 122.041626 12.189704 122.047119 12.189704 122.047119 12.195073
R	0	122.629395 12.275599 122.623901 12.275599 122.623901 12.280966 122.618408 12.286334 122.618408 12.291701 122.612915 12.291701 122.607422 12.297068 122.601929 12.297068 122.601929 12.302435 122.574463 12.302435 122.574463 12.307802 122.568970 12.307802 122.563477 12.313169 122.563477 12.318536 122.557983 12.318536 122.557983 12.334636 122.552490 12.340002 122.552490 12.350734 122.546997 12.350734 122.546997 12.356100 122.541504 12.361466 122.536011 12.361466 122.536011 12.366832 122.530518 12.366832 122.530518 12.372197 122.514038 12.372197 122.508545 12.377563 122.503052 12.377563 122.503052 12.382928 122.497559 12.382928 122.492065 12.388294 122.492065 12.382928 122.486572 12.388294 122.470093 12.388294 122.470093 12.393659 122.453613 12.393659 122.453613 12.399024 122.442627 12.399024 122.442627 12.404389 122.431641 12.415119 122.431641 12.420483 122.426147 12.425848 122.426147 12.458033 122.431641 12.458033 122.431641 12.463396 122.448120 12.463396 122.448120 12.474124 122.453613 12.474124 122.453613 12.484850 122.470093 12.484850 122.470093 12.490214 122.481079 12.490214 122.486572 12.495577 122.514038 12.495577 122.514038 12.490214 122.519531 12.490214 122.519531 12.495577 122.525024 12.495577 122.525024 12.500940 122.536011 12.500940 122.536011 12.506303 122.546997 12.506303 122.552490 12.500940 122.552490 12.495577 122.563477 12.495577 122.563477 12.500940 122.568970 12.495577 122.585449 12.495577 122.585449 12.490214 122.596436 12.490214 122.601929 12.495577 122.607422 12.495577 122.607422 12.490214 122.612915 12.490214 122.618408 12.495577 122.623901 12.490214 122.629395 12.495577 122.629395 12.490214 122.634888 12.495577 122.634888 12.484850 122.656860 12.484850 122.656860 12.479487 122.651367 12.479487 122.651367 12.474124 122.662354 12.474124 122.662354 12.468760 122.667847 12.463396 122.667847 12.458033 122.662354 12.458033 122.662354 12.452669 122.667847 12.452669 122.667847 12.447305 122.673340 12.447305 122.673340 12.441941 122.678833 12.441941 122.678833 12.436577 122.684326 12.436577 122.684326 12.420483 122.689819 12.420483 122.689819 12.415119 122.695312 12.409754 122.695312 12.404389 122.700806 12.399024 122.695312 12.399024 122.695312 12.393659 122.689819 12.388294 122.689819 12.382928 122.684326 12.382928 122.684326 12.372197 122.689819 12.372197 122.689819 12.356100 122.684326 12.345368 122.684326 12.329269 122.678833 12.329269 122.678833 12.318536 122.673340 12.318536 122.673340 12.313169 122.667847 12.313169 122.667847 12.307802 122.662354 12.307802 122.662354 12.302435 122.656860 12.302435 122.656860 12.297068 122.651367 12.297068 122.645874 12.291701 122.640381 12.291701 122.634888 12.280966 122.629395 12.280966 122.629395 12.275599
R	0	122.288818 12.624258 122.288818 12.618897 122.294312 12.618897 122.294312 12.597455 122.299805 12.597455 122.299805 12.592094 122.294312 12.586732 122.294312 12.581371 122.299805 12.581371 122.299805 12.576010 122.305298 12.576010 122.305298 12.570648 122.310791 12.570648 122.305298 12.565287 122.305298 12.559925 122.310791 12.554564 122.316284 12.554564 122.316284 12.549202 122.321777 12.549202 122.321777 12.543840 122.327271 12.543840 122.327271 12.500940 122.321777 12.500940 122.321777 12.490214 122.316284 12.490214 122.316284 12.484850 122.305298 12.484850 122.305298 12.479487 122.283325 12.479487 122.283325 12.484850 122.277832 12.484850 122.272339 12.490214 122.272339 12.495577 122.266846 12.495577 122.266846 12.511665 122.261353 12.511665 122.261353 12.522391 122.255859 12.522391 122.261353 12.527753 122.250366 12.527753 122.250366 12.533115 122.261353 12.533115 122.261353 12.549202 122.255859 12.549202 122.255859 12.554564 122.250366 12.554564 122.250366 12.565287 122.255859 12.565287 122.250366 12.570648 122.244873 12.570648 122.250366 12.576010 122.255859 12.576010 122.255859 12.581371 122.261353 12.581371 122.266846 12.576010 122.272339 12.581371 122.266846 12.581371 122.266846 12.586732 122.272339 12.586732 122.277832 12.592094 122.266846 12.592094 122.266846 12.608176 122.272339 12.608176 122.277832 12.613537 122.277832 12.624258 122.288818 12.624258
R	0	122.085571 12.961736 122.085571 12.956383 122.096558 12.956383 122.096558 12.929615 122.091064 12.929615 122.091064 12.918907 122.085571 12.918907 122.085571 12.913552 122.080078 12.908198 122.058105 12.908198 122.058105 12.918907 122.052612 12.918907 122.052612 12.924261 122.058105 12.924261 122.058105 12.929615 122.052612 12.929615 122.052612 12.940322 122.036133 12.940322 122.036133 12.951029 122.041626 12.956383 122.041626 12.961736 122.052612 12.961736 122.058105 12.956383 122.058105 12.961736 122.085571 12.961736
R	0	122.091064 12.838582 122.091064 12.827870 122.085571 12.827870 122.085571 12.817158 122.080078 12.817158 122.074585 12.811801 122.074585 12.806445 122.069092 12.801088 122.069092 12.790375 122.063599 12.790375 122.063599 12.785018 122.052612 12.785018 122.052612 12.779661 122.047119 12.785018 122.036133 12.785018 122.030640 12.790375 122.030640 12.795732 122.019653 12.795732 122.019653 12.801088 122.025146 12.801088 122.025146 12.806445 122.030640 12.806445 122.030640 12.811801 122.036133 12.817158 122.052612 12.817158 122.058105 12.822514 122.069092 12.822514 122.074585 12.827870 122.080078 12.827870 122.080078 12.838582 122.091064 12.838582
R	0	121.706543 12.951029 121.706543 12.945676 121.712036 12.945676 121.712036 12.940322 121.717529 12.945676 121.728516 12.945676 121.723022 12.940322 121.728516 12.940322 121.728516 12.929615 121.734009 12.929615 121.734009 12.913552 121.728516 12.908198 121.728516 12.913552 121.717529 12.913552 121.717529 12.902844 121.723022 12.902844 121.723022 12.897489 121.712036 12.897489 121.712036 12.908198 121.706543 12.908198 121.701050 12.902844 121.701050 12.908198 121.695557 12.908198 121.695557 12.913552 121.690063 12.918907 121.684570 12.918907 121.684570 12.940322 121.690063 12.940322 121.690063 12.945676 121.701050 12.945676 121.706543 12.951029
R	0	122.266846 12.629618 122.266846 12.624258 122.261353 12.624258 122.261353 12.618897 122.255859 12.618897 122.255859 12.613537 122.250366 12.618897 122.250366 12.613537 122.244873 12.613537 122.244873 12.618897 122.239380 12.618897 122.239380 12.624258 122.250366 12.624258 122.250366 12.629618 122.266846 12.629618
R	0	122.244873 12.672496 122.244873 12.651058 122.233887 12.651058 122.233887 12.656418 122.228394 12.661778 122.233887 12.661778 122.233887 12.667137 122.239380 12.667137 122.239380 12.672496 122.244873 12.672496
R	0	122.118530 12.667137 122.113037 12.667137 122.113037 12.672496 122.118530 12.672496 122.118530 12.667137
R	0	122.629395 12.275599 122.634888 12.270231 122.629395 12.270231 122.629395 12.275599
P	1900700000	Basilan
R	0	121.992188 6.282539 121.986694 6.282539 121.981201 6.277078 121.970215 6.277078 121.970215 6.282539 121.981201 6.282539 121.981201 6.293459 121.970215 6.293459 121.964722 6.287999 121.953735 6.298919 121.959229 6.298919 121.959229 6.309839 121.964722 6.315299 121.964722 6.309839 121.986694 6.309839 121.986694 6.304379 121.992188 6.304379 121.992188 6.282539
R	0	122.014160 6.287999 122.008667 6.287999 122.008667 6.293459 122.014160 6.293459 122.014160 6.287999
R	0	122.074585 6.751896 122.080078 6.740986 122.080078 6.730076 122.085571 6.730076 122.091064 6.724620 122.091064 6.713709 122.102051 6.713709 122.102051 6.719165 122.113037 6.719165 122.113037 6.724620 122.118530 6.724620 122.118530 6.719165 122.135010 6.719165 122.135010 6.713709 122.140503 6.713709 122.140503 6.697343 122.135010 6.691887 122.135010 6.686431 122.140503 6.686431 122.140503 6.675520 122.145996 6.675520 122.145996 6.670064 122.167969 6.670064 122.167969 6.664608 122.178955 6.664608 122.178955 6.670064 122.195435 6.670064 122.195435 6.664608 122.239380 6.664608 122.239380 6.659151 122.244873 6.659151 122.244873 6.653695 122.250366 6.653695 122.250366 6.648239 122.255859 6.648239 122.255859 6.642783 122.277832 6.642783 122.277832 6.648239 122.305298 6.648239 122.305298 6.642783 122.310791 6.642783 122.310791 6.637327 122.321777 6.637327 122.321777 6.631870 122.327271 6.626414 122.327271 6.615501 122.321777 6.615501 122.321777 6.610044 122.316284 6.604587 122.316284 6.599131 122.310791 6.593674 122.305298 6.593674 122.305298 6.588217 122.294312 6.588217 122.294312 6.593674 122.266846 6.593674 122.261353 6.588217 122.255859 6.588217 122.255859 6.593674 122.228394 6.593674 122.217407 6.582760 122.211914 6.582760 122.211914 6.577303 122.206421 6.571846 122.206421 6.566389 122.211914 6.566389 122.211914 6.560932 122.206421 6.560932 122.206421 6.544560 122.200928 6.539103 122.200928 6.528188 122.195435 6.528188 122.195435 6.522730 122.189941 6.522730 122.189941 6.511815 122.195435 6.511815 122.195435 6.500899 122.200928 6.495441 122.200928 6.489983 122.195435 6.489983 122.195435 6.462693 122.189941 6.462693 122.189941 6.457234 122.173462 6.457234 122.173462 6.451776 122.145996 6.451776 122.145996 6.446318 122.129517 6.446318 122.129517 6.440859 122.102051 6.440859 122.102051 6.435401 122.091064 6.435401 122.091064 6.429942 122.085571 6.429942 122.080078 6.424484 122.069092 6.424484 122.069092 6.419025 122.052612 6.419025 122.052612 6.413566 122.025146 6.413566 122.019653 6.408107 122.019653 6.413566 122.003174 6.413566 121.997681 6.408107 121.981201 6.408107 121.981201 6.413566 121.970215 6.413566 121.970215 6.408107 121.953735 6.408107 121.953735 6.413566 121.948242 6.419025 121.953735 6.419025 121.953735 6.429942 121.948242 6.429942 121.948242 6.435401 121.942749 6.435401 121.942749 6.440859 121.931763 6.440859 121.931763 6.446318 121.920776 6.446318 121.920776 6.451776 121.915283 6.451776 121.915283 6.457234 121.909790 6.462693 121.909790 6.468151 121.904297 6.468151 121.904297 6.484525 121.898804 6.484525 121.898804 6.479067 121.893311 6.479067 121.893311 6.495441 121.887817 6.495441 121.887817 6.489983 121.882324 6.489983 121.882324 6.500899 121.871338 6.500899 121.871338 6.506357 121.865845 6.511815 121.865845 6.528188 121.871338 6.528188 121.871338 6.533645 121.876831 6.539103 121.865845 6.539103 121.865845 6.544560 121.871338 6.550017 121.871338 6.544560 121.876831 6.550017 121.876831 6.555475 121.882324 6.555475 121.882324 6.560932 121.876831 6.560932 121.871338 6.566389 121.871338 6.571846 121.865845 6.571846 121.871338 6.577303 121.860352 6.577303 121.860352 6.582760 121.854858 6.582760 121.854858 6.588217 121.843872 6.588217 121.843872 6.582760 121.838379 6.588217 121.832886 6.588217 121.832886 6.582760 121.821899 6.582760 121.821899 6.588217 121.810913 6.588217 121.810913 6.593674 121.805420 6.593674 121.799927 6.599131 121.794434 6.599131 121.794434 6.610044 121.799927 6.610044 121.799927 6.620957 121.794434 6.626414 121.794434 6.631870 121.799927 6.631870 121.799927 6.648239 121.805420 6.648239 121.805420 6.653695 121.810913 6.653695 121.810913 6.664608 121.816406 6.664608 121.821899 6.670064 121.827393 6.670064 121.827393 6.675520 121.832886 6.680975 121.854858 6.680975 121.854858 6.675520 121.865845 6.675520 121.865845 6.670064 121.871338 6.670064 121.871338 6.659151 121.898804 6.659151 121.898804 6.664608 121.904297 6.670064 121.909790 6.670064 121.915283 6.675520 121.915283 6.670064 121.920776 6.648239 121.915283 6.648239 121.915283 6.637327 121.926270 6.637327 121.926270 6.620957 121.931763 6.615501 121.937256 6.620957 121.942749 6.620957 121.942749 6.599131 121.937256 6.566389 121.948242 6.566389 121.948242 6.560932 121.970215 6.566389 121.975708 6.560932 122.041626 6.566389 122.030640 6.615501 122.030640 6.620957 122.036133 6.642783 122.036133 6.653695 122.047119 6.653695 122.047119 6.664608 122.052612 6.670064 122.052612 6.675520 122.047119 6.680975 122.041626 6.680975 122.041626 6.691887 122.036133 6.691887 122.036133 6.697343 122.030640 6.691887 122.030640 6.713709 122.036133 6.708254 122.036133 6.719165 122.030640 6.719165 122.030640 6.724620 122.036133 6.724620 122.036133 6.730076 122.030640 6.735531 122.030640 6.740986 122.047119 6.740986 122.041626 6.746441 122.047119 6.746441 122.047119 6.751896 122.074585 6.751896
R	0	121.926270 6.326218 121.926270 6.320758 121.931763 6.320758 121.931763 6.304379 121.920776 6.304379 121.920776 6.326218 121.926270 6.326218
R	0	122.036133 6.331678 122.030640 6.326218 122.030640 6.331678 122.025146 6.331678 122.025146 6.326218 122.019653 6.326218 122.019653 6.342597 122.030640 6.348056 122.036133 6.348056 122.036133 6.331678
R	0	121.591187 6.686431 121.596680 6.680975 121.602173 6.680975 121.607666 6.675520 121.607666 6.664608 121.613159 6.664608 121.613159 6.659151 121.624146 6.659151 121.624146 6.653695 121.629639 6.653695 121.629639 6.637327 121.624146 6.637327 121.624146 6.626414 121.618652 6.626414 121.618652 6.615501 121.624146 6.615501 121.624146 6.577303 121.618652 6.577303 121.618652 6.588217 121.613159 6.588217 121.613159 6.593674 121.618652 6.593674 121.618652 6.604587 121.607666 6.615501 121.607666 6.620957 121.602173 6.620957 121.602173 6.642783 121.596680 6.642783 121.596680 6.648239 121.591187 6.648239 121.591187 6.659151 121.585693 6.659151 121.585693 6.675520 121.591187 6.680975 121.591187 6.686431
R	0	121.981201 6.358975 121.981201 6.337137 121.975708 6.337137 121.970215 6.331678 121.964722 6.331678 121.964722 6.337137 121.953735 6.337137 121.953735 6.342597 121.948242 6.348056 121.948242 6.353516 121.959229 6.353516 121.959229 6.358975 121.981201 6.358975
R	0	121.717529 6.691887 121.717529 6.670064 121.712036 6.670064 121.712036 6.659151 121.706543 6.653695 121.706543 6.642783 121.701050 6.642783 121.701050 6.653695 121.706543 6.659151 121.706543 6.675520 121.701050 6.675520 121.701050 6.686431 121.706543 6.691887 121.717529 6.691887
R	0	121.591187 6.648239 121.591187 6.626414 121.574707 6.626414 121.574707 6.631870 121.569214 6.631870 121.569214 6.642783 121.574707 6.642783 121.580200 6.648239 121.591187 6.648239
R	0	121.464844 6.762806 121.464844 6.757352 121.470337 6.757352 121.470337 6.735531 121.459351 6.735531 121.459351 6.740986 121.453857 6.740986 121.453857 6.762806 121.464844 6.762806
R	0	121.832886 6.468151 121.832886 6.451776 121.827393 6.446318 121.821899 6.451776 121.816406 6.451776 121.816406 6.462693 121.821899 6.462693 121.821899 6.468151 121.832886 6.468151
R	0	122.211914 6.473609 122.211914 6.462693 122.222900 6.462693 122.222900 6.457234 122.228394 6.457234 122.228394 6.451776 122.217407 6.451776 122.217407 6.457234 122.206421 6.457234 122.206421 6.468151 122.200928 6.468151 122.200928 6.473609 122.211914 6.473609
R	0	121.799927 6.566389 121.799927 6.555475 121.805420 6.555475 121.805420 6.550017 121.788940 6.550017 121.788940 6.560932 121.794434 6.560932 121.794434 6.566389 121.799927 6.566389
R	0	122.398682 6.751896 122.398682 6.746441 122.404175 6.746441 122.404175 6.740986 122.409668 6.740986 122.409668 6.735531 122.393188 6.735531 122.393188 6.751896 122.398682 6.751896
R	0	122.382202 6.773716 122.382202 6.768261 122.376709 6.768261 122.376709 6.762806 122.360229 6.762806 122.365723 6.768261 122.365723 6.773716 122.382202 6.773716
R	0	122.206421 6.506357 122.217407 6.495441 122.206421 6.495441 122.200928 6.500899 122.206421 6.500899 122.206421 6.506357
R	0	121.563721 6.844624 121.563721 6.839170 121.558228 6.839170 121.558228 6.828261 121.552734 6.833716 121.547241 6.833716 121.547241 6.844624 121.563721 6.844624
R	0	121.541748 6.833716 121.541748 6.828261 121.547241 6.822807 121.547241 6.811898 121.541748 6.817353 121.541748 6.822807 121.536255 6.822807 121.536255 6.828261 121.530762 6.828261 121.530762 6.833716 121.541748 6.833716
R	0	121.437378 6.779171 121.437378 6.757352 121.431885 6.757352 121.431885 6.779171 121.437378 6.779171
R	0	122.206421 6.506357 122.200928 6.506357 122.200928 6.517272 122.206421 6.511815 122.206421 6.506357
R	0	121.992188 6.282539 121.997681 6.287999 121.997681 6.282539 121.992188 6.282539
R	0	122.036133 6.331678 122.041626 6.331678 122.041626 6.326218 122.036133 6.331678
P	1903600000	Lanao del Sur
R	0	124.167480 7.406048 124.167480 7.400600 124.156494 7.400600 124.156494 7.406048 124.167480 7.406048
R	0	124.178467 7.411495 124.178467 7.406048 124.167480 7.406048 124.167480 7.411495 124.178467 7.411495
R	0	124.486084 8.157118 124.491577 8.151681 124.497070 8.151681 124.497070 8.140805 124.502563 8.140805 124.502563 8.129929 124.513550 8.129929 124.513550 8.119053 124.519043 8.119053 124.519043 8.113615 124.524536 8.113615 124.524536 8.102739 124.530029 8.097300 124.530029 8.091862 124.535522 8.091862 124.535522 8.086423 124.541016 8.086423 124.535522 8.080985 124.541016 8.080985 124.541016 8.070107 124.546509 8.070107 124.546509 8.048352 124.552002 8.042913 124.546509 8.042913 124.546509 8.021155 124.557495 8.021155 124.557495 8.010276 124.562988 8.010276 124.557495 8.004837 124.557495 7.999397 124.562988 7.999397 124.562988 7.977638 124.584961 7.944996 124.601440 7.912353 124.601440 7.906912 124.595947 7.906912 124.595947 7.901471 124.606934 7.901471 124.606934 7.896030 124.612427 7.901471 124.612427 7.890588 124.623413 7.890588 124.623413 7.874265 124.617920 7.874265 124.617920 7.868823 124.628906 7.868823 124.628906 7.852499 124.634399 7.852499 124.634399 7.847057 124.639893 7.841615 124.645386 7.841615 124.645386 7.836173 124.661865 7.836173 124.661865 7.830731 124.672852 7.808963 124.678345 7.808963 124.678345 7.803521 124.683838 7.798079 124.683838 7.792636 124.689331 7.792636 124.689331 7.787194 124.700317 7.787194 124.700317 7.781751 124.705811 7.781751 124.705811 7.770866 124.711304 7.770866 124.711304 7.754537 124.716797 7.754537 124.716797 7.749094 124.727783 7.749094 124.733276 7.743651 124.733276 7.732765 124.738770 7.732765 124.738770 7.727322 124.733276 7.727322 124.733276 7.721878 124.727783 7.721878 124.727783 7.716435 124.733276 7.716435 124.733276 7.700105 124.744263 7.700105 124.744263 7.683773 124.755249 7.683773 124.755249 7.678329 124.760742 7.672885 124.755249 7.672885 124.755249 7.661997 124.760742 7.661997 124.760742 7.656553 124.755249 7.656553 124.766235 7.645665 124.771729 7.645665 124.771729 7.640220 124.777222 7.640220 124.777222 7.634776 124.788208 7.634776 124.793701 7.629331 124.810181 7.596663 124.810181 7.591218 124.821167 7.591218 124.815674 7.580328 124.821167 7.580328 124.821167 7.574883 124.815674 7.574883 124.815674 7.569437 124.821167 7.569437 124.821167 7.558547 124.826660 7.558547 124.826660 7.542210 124.821167 7.536764 124.815674 7.536764 124.810181 7.531319 124.810181 7.525873 124.804688 7.525873 124.810181 7.520427 124.799194 7.520427 124.799194 7.531319 124.788208 7.542210 124.777222 7.542210 124.771729 7.547656 124.771729 7.563992 124.766235 7.563992 124.766235 7.558547 124.760742 7.563992 124.760742 7.569437 124.755249 7.574883 124.755249 7.569437 124.749756 7.574883 124.749756 7.585773 124.744263 7.585773 124.744263 7.591218 124.683838 7.591218 124.678345 7.596663 124.530029 7.640220 124.249878 7.558547 124.189453 7.411495 124.178467 7.411495 124.178467 7.416942 124.167480 7.416942 124.167480 7.422389 124.172974 7.422389 124.172974 7.427837 124.167480 7.427837 124.161987 7.433284 124.145508 7.433284 124.145508 7.438731 124.134521 7.438731 124.134521 7.444177 124.129028 7.444177 124.129028 7.455071 124.134521 7.455071 124.134521 7.449624 124.145508 7.449624 124.145508 7.465964 124.140015 7.465964 124.134521 7.471411 124.129028 7.471411 124.129028 7.493196 124.123535 7.493196 124.123535 7.498643 124.118042 7.504089 124.118042 7.514981 124.112549 7.514981 124.112549 7.520427 124.107056 7.525873 124.107056 7.531319 124.101562 7.531319 124.101562 7.536764 124.096069 7.536764 124.096069 7.542210 124.090576 7.542210 124.090576 7.553101 124.085083 7.553101 124.085083 7.558547 124.079590 7.563992 124.079590 7.569437 124.074097 7.569437 124.074097 7.574883 124.068604 7.574883 124.068604 7.585773 124.063110 7.585773 124.063110 7.591218 124.057617 7.591218 124.052124 7.596663 124.046631 7.596663 124.046631 7.602108 124.041138 7.602108 124.041138 7.607553 124.046631 7.607553 124.041138 7.612998 124.041138 7.618442 124.035645 7.618442 124.035645 7.629331 124.030151 7.629331 124.030151 7.634776 124.024658 7.634776 124.019165 7.640220 124.013672 7.640220 124.013672 7.645665 124.008179 7.645665 124.008179 7.640220 124.002686 7.640220 124.002686 7.645665 123.975220 7.645665 123.975220 7.667441 123.958740 7.667441 123.958740 7.672885 123.953247 7.672885 123.947754 7.678329 123.936768 7.678329 123.936768 7.683773 123.931274 7.683773 123.925781 7.689217 123.920288 7.689217 123.914795 7.694661 123.914795 7.689217 123.898315 7.689217 123.898315 7.694661 123.892822 7.694661 123.887329 7.700105 123.870850 7.700105 123.865356 7.694661 123.859863 7.700105 123.848877 7.700105 123.848877 7.705548 123.854370 7.710992 123.859863 7.710992 123.859863 7.727322 123.854370 7.727322 123.854370 7.732765 123.848877 7.732765 124.002686 7.743651 123.986206 7.934115 124.101562 7.966758 124.101562 7.977638 124.096069 7.977638 124.096069 7.988518 124.107056 8.032034 124.172974 8.026595 124.194946 8.021155 124.200439 8.042913 124.200439 8.048352 124.211426 8.048352 124.211426 8.070107 124.249878 8.070107 124.249878 8.053791 124.288330 8.053791 124.310303 8.064669 124.337769 8.086423 124.332275 8.086423 124.370728 8.119053 124.370728 8.146243 124.365234 8.146243 124.370728 8.151681 124.370728 8.157118 124.409180 8.140805 124.414673 8.140805 124.420166 8.135367 124.425659 8.135367 124.431152 8.129929 124.453125 8.129929 124.458618 8.135367 124.458618 8.140805 124.464111 8.140805 124.475098 8.151681 124.475098 8.157118 124.480591 8.162556 124.486084 8.162556 124.486084 8.157118
P	1906600000	Sulu
R	0	120.739746 5.462896 120.745239 5.457427 120.745239 5.446491 120.739746 5.446491 120.739746 5.451959 120.739746 5.462896
R	0	120.794678 5.457427 120.794678 5.462896 120.800171 5.462896 120.800171 5.457427 120.794678 5.457427
R	0	120.794678 5.517575 120.800171 5.517575 120.805664 5.517575 120.805664 5.512107 120.805664 5.506640 120.805664 5.495704 120.800171 5.490236 120.800171 5.484768 120.794678 5.473832 120.783691 5.473832 120.772705 5.484768 120.778198 5.490236 120.778198 5.495704 120.756226 5.495704 120.756226 5.501172 120.750732 5.501172 120.750732 5.506640 120.745239 5.506640 120.745239 5.528511 120.750732 5.528511 120.750732 5.533978 120.756226 5.533978 120.756226 5.550381 120.761719 5.550381 120.761719 5.555848 120.767212 5.561315 120.778198 5.561315 120.778198 5.566783 120.805664 5.566783 120.805664 5.561315 120.811157 5.561315 120.811157 5.550381 120.805664 5.550381 120.805664 5.528511 120.800171 5.528511 120.800171 5.523043 120.794678 5.523043 120.794678 5.517575
R	1	120.789185 5.512107 120.783691 5.512107 120.783691 5.501172 120.789185 5.506640 120.789185 5.512107
R	2	120.794678 5.517575 120.789185 5.517575 120.789185 5.512107 120.794678 5.512107 120.800171 5.512107 120.794678 5.517575
R	0	120.717773 5.479300 120.723267 5.479300 120.723267 5.473832 120.717773 5.473832 120.717773 5.479300
R	0	120.728760 5.484768 120.728760 5.479300 120.723267 5.479300 120.728760 5.484768
R	0	120.827637 5.517575 120.827637 5.523043 120.816650 5.523043 120.816650 5.539446 120.811157 5.539446 120.811157 5.544913 120.816650 5.544913 120.816650 5.555848 120.822144 5.555848 120.822144 5.572250 120.827637 5.572250 120.827637 5.577717 120.833130 5.583184 120.838623 5.583184 120.844116 5.588651 120.855103 5.588651 120.855103 5.583184 120.871582 5.583184 120.871582 5.577717 120.877075 5.577717 120.877075 5.566783 120.882568 5.566783 120.882568 5.561315 120.888062 5.561315 120.888062 5.550381 120.899048 5.550381 120.899048 5.544913 120.904541 5.544913 120.904541 5.539446 120.910034 5.539446 120.910034 5.533978 120.904541 5.533978 120.904541 5.528511 120.899048 5.528511 120.899048 5.517575 120.893555 5.517575 120.893555 5.512107 120.888062 5.512107 120.888062 5.501172 120.882568 5.501172 120.882568 5.495704 120.877075 5.495704 120.877075 5.490236 120.849609 5.490236 120.849609 5.495704 120.838623 5.495704 120.838623 5.506640 120.833130 5.506640 120.827637 5.512107 120.827637 5.517575
R	0	121.085815 5.894725 121.085815 5.900189 121.091309 5.894725 121.085815 5.894725
R	0	120.272827 5.626919 120.278320 5.626919 120.283813 5.626919 120.283813 5.621453 120.278320 5.615986 120.272827 5.615986 120.267334 5.621453 120.267334 5.626919 120.272827 5.626919
R	0	120.596924 6.391730 120.602417 6.391730 120.602417 6.380812 120.596924 6.375353 120.596924 6.358975 120.591431 6.358975 120.591431 6.353516 120.591431 6.348056 120.591431 6.342597 120.585938 6.342597 120.585938 6.315299 120.585938 6.309839 120.585938 6.287999 120.580444 6.287999 120.580444 6.255237 120.569458 6.244316 120.552979 6.244316 120.547485 6.238855 120.531006 6.238855 120.525513 6.244316 120.520020 6.244316 120.520020 6.249776 120.481567 6.249776 120.481567 6.255237 120.476074 6.255237 120.476074 6.271618 120.498047 6.271618 120.498047 6.266158 120.503540 6.266158 120.503540 6.260697 120.520020 6.260697 120.520020 6.282539 120.525513 6.282539 120.525513 6.293459 120.531006 6.293459 120.531006 6.298919 120.536499 6.298919 120.536499 6.315299 120.541992 6.315299 120.541992 6.348056 120.547485 6.348056 120.547485 6.353516 120.552979 6.353516 120.552979 6.369894 120.558472 6.375353 120.558472 6.380812 120.569458 6.380812 120.569458 6.386271 120.585938 6.386271 120.585938 6.391730 120.591431 6.391730 120.596924 6.391730
R	0	121.052856 5.659719 121.047363 5.659719 121.036377 5.659719 121.036377 5.665185 121.025391 5.665185 121.025391 5.670651 121.019897 5.670651 121.014404 5.670651 121.014404 5.676117 121.014404 5.687050 121.019897 5.687050 121.019897 5.681584 121.041870 5.681584 121.041870 5.687050 121.052856 5.687050 121.052856 5.692516 121.069336 5.692516 121.069336 5.687050 121.074829 5.687050 121.074829 5.676117 121.069336 5.676117 121.069336 5.670651 121.063843 5.670651 121.063843 5.665185 121.058350 5.665185 121.052856 5.665185 121.052856 5.659719
R	0	120.800171 5.665185 120.805664 5.659719 120.800171 5.659719 120.800171 5.665185
R	0	121.190186 5.834616 121.195679 5.834616 121.195679 5.829151 121.201172 5.823687 121.201172 5.818222 121.206665 5.818222 121.206665 5.801827 121.201172 5.801827 121.201172 5.796362 121.195679 5.796362 121.195679 5.790897 121.184692 5.790897 121.184692 5.785432 121.168213 5.785432 121.168213 5.779966 121.151733 5.779966 121.146240 5.785432 121.140747 5.785432 121.140747 5.790897 121.135254 5.790897 121.135254 5.807292 121.129761 5.807292 121.129761 5.818222 121.135254 5.818222 121.135254 5.834616 121.140747 5.834616 121.140747 5.845545 121.146240 5.845545 121.146240 5.851010 121.151733 5.851010 121.151733 5.845545 121.173706 5.845545 121.179199 5.840081 121.184692 5.840081 121.184692 5.834616 121.190186 5.834616
R	0	121.766968 6.091398 121.777954 6.085936 121.777954 6.080473 121.783447 6.080473 121.783447 6.069549 121.788940 6.069549 121.788940 6.064086 121.794434 6.064086 121.794434 6.058624 121.799927 6.058624 121.805420 6.053161 121.805420 6.047699 121.810913 6.047699 121.810913 6.042236 121.816406 6.042236 121.816406 6.036773 121.832886 6.036773 121.838379 6.031311 121.843872 6.031311 121.849365 6.025848 121.854858 6.025848 121.854858 6.020385 121.871338 6.020385 121.871338 6.025848 121.876831 6.025848 121.882324 6.031311 121.893311 6.031311 121.898804 6.031311 121.904297 6.031311 121.904297 6.036773 121.915283 6.036773 121.915283 6.042236 121.926270 6.042236 121.926270 6.047699 121.937256 6.047699 121.937256 6.053161 121.948242 6.053161 121.948242 6.047699 121.937256 6.036773 121.931763 6.036773 121.926270 6.031311 121.920776 6.031311 121.920776 6.025848 121.904297 6.014922 121.898804 6.014922 121.898804 6.009459 121.887817 6.009459 121.887817 6.003996 121.876831 6.003996 121.876831 5.998533 121.849365 5.998533 121.827393 6.020385 121.816406 6.020385 121.810913 6.025848 121.805420 6.025848 121.805420 6.042236 121.799927 6.042236 121.799927 6.047699 121.788940 6.047699 121.788940 6.053161 121.777954 6.053161 121.777954 6.058624 121.772461 6.058624 121.772461 6.064086 121.766968 6.064086 121.766968 6.069549 121.761475 6.069549 121.761475 6.075011 121.755981 6.075011 121.755981 6.085936 121.761475 6.085936 121.761475 6.091398 121.766968 6.091398
R	0	121.008911 5.670651 121.003418 5.670651 120.997925 5.670651 120.997925 5.681584 120.992432 5.681584 120.992432 5.697982 120.997925 5.697982 120.997925 5.687050 121.003418 5.687050 121.003418 5.681584 121.008911 5.681584 121.008911 5.670651
R	0	120.910034 5.703448 120.904541 5.703448 120.904541 5.697982 120.899048 5.697982 120.899048 5.692516 120.888062 5.692516 120.888062 5.697982 120.882568 5.697982 120.882568 5.736243 120.888062 5.736243 120.888062 5.747174 120.893555 5.747174 120.893555 5.752640 120.899048 5.752640 120.899048 5.758105 120.921021 5.758105 120.926514 5.752640 120.926514 5.747174 120.932007 5.747174 120.932007 5.736243 120.937500 5.736243 120.937500 5.725311 120.932007 5.725311 120.932007 5.719846 120.926514 5.708914 120.926514 5.703448 120.910034 5.703448
R	0	121.684570 6.058624 121.684570 6.053161 121.701050 6.053161 121.701050 6.047699 121.690063 6.047699 121.690063 6.042236 121.706543 6.042236 121.712036 6.036773 121.717529 6.036773 121.717529 6.031311 121.728516 6.031311 121.728516 6.025848 121.712036 6.025848 121.706543 6.020385 121.701050 6.020385 121.695557 6.014922 121.695557 5.993070 121.673584 5.993070 121.673584 5.987607 121.662598 5.987607 121.662598 5.993070 121.651611 5.993070 121.651611 5.998533 121.657104 5.998533 121.657104 6.003996 121.662598 6.003996 121.662598 6.009459 121.673584 6.009459 121.673584 6.014922 121.679077 6.014922 121.679077 6.020385 121.684570 6.020385 121.684570 6.036773 121.668091 6.036773 121.668091 6.042236 121.673584 6.042236 121.673584 6.058624 121.684570 6.058624
R	0	121.014404 5.736243 121.014404 5.730777 121.019897 5.725311 121.014404 5.719846 121.014404 5.714380 121.008911 5.714380 121.008911 5.719846 120.997925 5.719846 120.997925 5.725311 120.992432 5.725311 120.992432 5.736243 121.014404 5.736243
R	0	120.421143 5.763570 120.421143 5.758105 120.415649 5.758105 120.415649 5.747174 120.410156 5.747174 120.410156 5.763570 120.421143 5.763570
R	0	120.399170 5.812757 120.404663 5.807292 120.404663 5.801827 120.410156 5.801827 120.410156 5.796362 120.415649 5.796362 120.415649 5.790897 120.421143 5.790897 120.421143 5.774501 120.410156 5.774501 120.410156 5.779966 120.404663 5.779966 120.404663 5.785432 120.399170 5.785432 120.399170 5.796362 120.393677 5.801827 120.393677 5.812757 120.399170 5.812757
R	0	121.827393 6.140555 121.821899 6.135093 121.821899 6.140555 121.816406 6.140555 121.816406 6.135093 121.810913 6.135093 121.810913 6.129631 121.799927 6.129631 121.799927 6.135093 121.794434 6.140555 121.794434 6.156939 121.799927 6.156939 121.799927 6.162401 121.805420 6.162401 121.805420 6.173324 121.816406 6.173324 121.821899 6.173324 121.821899 6.162401 121.827393 6.162401 121.827393 6.151478 121.827393 6.146016 121.827393 6.140555
R	0	121.223145 5.818222 121.239624 5.818222 121.239624 5.812757 121.234131 5.812757 121.234131 5.807292 121.223145 5.807292 121.223145 5.801827 121.217651 5.801827 121.217651 5.807292 121.212158 5.812757 121.212158 5.818222 121.217651 5.818222 121.223145 5.818222
R	0	121.217651 5.861939 121.223145 5.856475 121.228638 5.856475 121.228638 5.851010 121.234131 5.851010 121.234131 5.845545 121.239624 5.845545 121.239624 5.840081 121.223145 5.840081 121.223145 5.845545 121.217651 5.845545 121.217651 5.861939
R	0	121.080322 5.851010 121.080322 5.856475 121.096802 5.856475 121.096802 5.851010 121.091309 5.845545 121.091309 5.840081 121.080322 5.840081 121.080322 5.845545 121.080322 5.851010
R	1	121.080322 5.851010 121.085815 5.845545 121.085815 5.851010 121.080322 5.851010
R	0	121.415405 6.058624 121.415405 6.053161 121.426392 6.053161 121.426392 6.047699 121.431885 6.042236 121.431885 6.020385 121.426392 6.014922 121.415405 6.014922 121.409912 6.020385 121.404419 6.020385 121.404419 6.014922 121.387939 6.014922 121.382446 6.020385 121.382446 6.036773 121.387939 6.042236 121.393433 6.042236 121.393433 6.047699 121.398926 6.047699 121.398926 6.053161 121.404419 6.058624 121.415405 6.058624
R	0	121.278076 5.867403 121.278076 5.861939 121.272583 5.861939 121.272583 5.867403 121.278076 5.867403
R	0	119.998169 5.872868 120.003662 5.872868 120.009155 5.872868 120.009155 5.867403 120.003662 5.867403 119.998169 5.861939 119.970703 5.861939 119.970703 5.867403 119.981689 5.867403 119.981689 5.872868 119.987183 5.872868 119.987183 5.867403 119.992676 5.867403 119.992676 5.872868 119.998169 5.872868
R	0	119.943237 5.883796 119.943237 5.878332 119.959717 5.878332 119.959717 5.861939 119.954224 5.861939 119.954224 5.867403 119.948730 5.867403 119.948730 5.861939 119.937744 5.861939 119.932251 5.867403 119.926758 5.867403 119.921265 5.872868 119.921265 5.878332 119.926758 5.878332 119.932251 5.883796 119.943237 5.883796
R	0	120.717773 6.419025 120.717773 6.413566 120.712280 6.413566 120.712280 6.397189 120.690308 6.397189 120.690308 6.402648 120.668335 6.402648 120.668335 6.419025 120.673828 6.419025 120.679321 6.424484 120.684814 6.424484 120.690308 6.429942 120.701294 6.429942 120.701294 6.435401 120.712280 6.435401 120.712280 6.429942 120.717773 6.429942 120.717773 6.424484 120.717773 6.419025
R	0	120.069580 5.889261 120.069580 5.894725 120.075073 5.894725 120.075073 5.878332 120.080566 5.872868 120.069580 5.872868 120.069580 5.883796 120.069580 5.889261
R	0	120.437622 6.135093 120.432129 6.135093 120.432129 6.140555 120.426636 6.140555 120.426636 6.146016 120.421143 6.146016 120.415649 6.151478 120.415649 6.156939 120.426636 6.156939 120.426636 6.167862 120.443115 6.167862 120.443115 6.173324 120.459595 6.173324 120.459595 6.167862 120.465088 6.167862 120.465088 6.151478 120.459595 6.151478 120.459595 6.146016 120.454102 6.146016 120.454102 6.135093 120.443115 6.135093 120.437622 6.135093
R	0	121.591187 5.976680 121.591187 5.965754 121.596680 5.965754 121.596680 5.954827 121.591187 5.943900 121.585693 5.943900 121.585693 5.938436 121.580200 5.938436 121.580200 5.932972 121.563721 5.932972 121.558228 5.938436 121.558228 5.954827 121.569214 5.965754 121.569214 5.971217 121.574707 5.971217 121.574707 5.976680 121.591187 5.976680
R	0	120.097046 5.971217 120.102539 5.971217 120.102539 5.960290 120.108032 5.960290 120.113525 5.960290 120.113525 5.954827 120.113525 5.949363 120.113525 5.943900 120.119019 5.938436 120.113525 5.932972 120.108032 5.932972 120.108032 5.938436 120.102539 5.943900 120.102539 5.954827 120.097046 5.954827 120.097046 5.965754 120.097046 5.971217
R	1	120.108032 5.954827 120.108032 5.949363 120.113525 5.954827 120.108032 5.954827
R	0	120.640869 6.287999 120.640869 6.293459 120.646362 6.293459 120.646362 6.287999 120.651855 6.287999 120.651855 6.271618 120.657349 6.271618 120.657349 6.266158 120.651855 6.266158 120.651855 6.260697 120.646362 6.255237 120.640869 6.255237 120.635376 6.249776 120.629883 6.249776 120.629883 6.255237 120.624390 6.255237 120.624390 6.260697 120.618896 6.266158 120.624390 6.271618 120.624390 6.277078 120.635376 6.277078 120.635376 6.287999 120.640869 6.287999
R	0	120.866089 6.337137 120.877075 6.331678 120.877075 6.320758 120.871582 6.315299 120.866089 6.315299 120.866089 6.309839 120.844116 6.309839 120.844116 6.326218 120.844116 6.331678 120.844116 6.337137 120.849609 6.337137 120.849609 6.342597 120.860596 6.342597 120.866089 6.342597 120.866089 6.337137
R	0	121.558228 6.025848 121.552734 6.020385 121.552734 6.014922 121.547241 6.014922 121.547241 6.009459 121.541748 6.009459 121.541748 6.003996 121.536255 6.003996 121.536255 5.998533 121.530762 5.998533 121.530762 5.993070 121.519775 5.993070 121.519775 5.998533 121.525269 6.003996 121.525269 6.009459 121.530762 6.014922 121.530762 6.020385 121.547241 6.042236 121.552734 6.042236 121.552734 6.036773 121.558228 6.036773 121.558228 6.025848
R	0	120.552979 6.129631 120.552979 6.124170 120.552979 6.118708 120.547485 6.113246 120.536499 6.113246 120.536499 6.118708 120.531006 6.118708 120.531006 6.140555 120.536499 6.140555 120.536499 6.146016 120.541992 6.146016 120.541992 6.140555 120.547485 6.140555 120.552979 6.135093 120.552979 6.129631
R	0	121.190186 5.834616 121.184692 5.840081 121.190186 5.840081 121.190186 5.834616
R	0	119.981689 5.932972 119.981689 5.938436 120.003662 5.938436 120.003662 5.927508 119.998169 5.927508 119.998169 5.922045 119.987183 5.922045 119.987183 5.927508 119.981689 5.922045 119.976196 5.922045 119.976196 5.927508 119.981689 5.932972
R	0	120.662842 6.309839 120.668335 6.304379 120.668335 6.287999 120.662842 6.287999 120.662842 6.293459 120.657349 6.293459 120.657349 6.298919 120.651855 6.298919 120.651855 6.293459 120.646362 6.293459 120.646362 6.298919 120.640869 6.298919 120.640869 6.304379 120.646362 6.304379 120.646362 6.315299 120.651855 6.315299 120.651855 6.320758 120.657349 6.320758 120.657349 6.315299 120.662842 6.315299 120.662842 6.309839
R	0	120.964966 6.200629 120.970459 6.195168 120.964966 6.195168 120.964966 6.178785 120.959473 6.178785 120.959473 6.200629 120.964966 6.200629
R	0	121.448364 6.053161 121.442871 6.053161 121.442871 6.075011 121.459351 6.075011 121.459351 6.058624 121.453857 6.058624 121.453857 6.053161 121.448364 6.053161
R	0	121.843872 6.244316 121.843872 6.217012 121.832886 6.217012 121.832886 6.244316 121.843872 6.244316
R	0	121.712036 6.075011 121.717529 6.064086 121.723022 6.064086 121.723022 6.058624 121.717529 6.058624 121.706543 6.064086 121.706543 6.069549 121.701050 6.075011 121.712036 6.075011
R	0	121.327515 6.031311 121.327515 6.020385 121.322021 6.020385 121.322021 6.014922 121.316528 6.014922 121.316528 6.031311 121.327515 6.031311
R	0	120.860596 6.217012 120.860596 6.206090 120.844116 6.206090 120.844116 6.211551 120.849609 6.211551 120.849609 6.217012 120.860596 6.217012
R	0	120.921021 6.173324 120.921021 6.167862 120.915527 6.167862 120.915527 6.162401 120.904541 6.162401 120.904541 6.167862 120.910034 6.167862 120.910034 6.173324 120.921021 6.173324
R	0	120.014648 5.883796 120.014648 5.878332 120.014648 5.872868 120.009155 5.872868 120.009155 5.878332 120.003662 5.878332 120.003662 5.883796 120.009155 5.883796 120.009155 5.889261 120.014648 5.889261 120.014648 5.883796
R	0	120.113525 5.932972 120.119019 5.932972 120.124512 5.932972 120.124512 5.927508 120.119019 5.927508 120.119019 5.916581 120.113525 5.922045 120.113525 5.932972
R	0	120.888062 6.146016 120.888062 6.156939 120.893555 6.156939 120.893555 6.146016 120.888062 6.146016
R	0	120.657349 6.277078 120.657349 6.287999 120.662842 6.287999 120.662842 6.277078 120.657349 6.277078
R	0	120.932007 6.173324 120.921021 6.173324 120.926514 6.178785 120.932007 6.178785 120.932007 6.173324
R	0	120.734253 5.473832 120.739746 5.468364 120.739746 5.462896 120.734253 5.462896 120.734253 5.473832
R	0	120.723267 5.484768 120.717773 5.484768 120.717773 5.490236 120.723267 5.490236 120.723267 5.484768
R	0	120.888062 6.146016 120.888062 6.140555 120.882568 6.140555 120.882568 6.146016 120.888062 6.146016
R	0	120.119019 5.938436 120.119019 5.943900 120.124512 5.943900 120.124512 5.938436 120.119019 5.938436
R	0	120.800171 5.665185 120.794678 5.665185 120.794678 5.676117 120.800171 5.676117 120.800171 5.697982 120.805664 5.697982 120.805664 5.703448 120.822144 5.703448 120.833130 5.708914 120.860596 5.708914 120.860596 5.703448 120.871582 5.703448 120.871582 5.697982 120.882568 5.697982 120.882568 5.692516 120.888062 5.692516 120.888062 5.681584 120.866089 5.681584 120.866089 5.676117 120.866089 5.670651 120.860596 5.665185 120.833130 5.665185 120.833130 5.670651 120.816650 5.670651 120.816650 5.665185 120.811157 5.665185 120.811157 5.659719 120.805664 5.659719 120.805664 5.665185 120.800171 5.665185
R	0	120.910034 5.703448 120.910034 5.697982 120.904541 5.697982 120.910034 5.703448
R	0	121.212158 5.943900 121.217651 5.938436 121.212158 5.938436 121.212158 5.943900
R	0	121.201172 5.949363 121.206665 5.943900 121.201172 5.943900 121.201172 5.949363
R	0	121.201172 5.949363 121.190186 5.949363 121.190186 5.943900 121.184692 5.943900 121.184692 5.932972 121.179199 5.932972 121.179199 5.938436 121.173706 5.938436 121.173706 5.943900 121.168213 5.943900 121.168213 5.932972 121.162720 5.927508 121.162720 5.922045 121.157227 5.922045 121.157227 5.927508 121.140747 5.927508 121.140747 5.922045 121.135254 5.922045 121.135254 5.916581 121.140747 5.916581 121.140747 5.911117 121.129761 5.911117 121.129761 5.905653 121.113281 5.905653 121.113281 5.900189 121.102295 5.900189 121.096802 5.894725 121.091309 5.894725 121.091309 5.900189 121.085815 5.900189 121.074829 5.900189 121.074829 5.894725 121.085815 5.894725 121.085815 5.889261 121.074829 5.889261 121.074829 5.883796 121.080322 5.883796 121.080322 5.878332 121.069336 5.878332 121.069336 5.883796 121.058350 5.883796 121.058350 5.894725 121.052856 5.894725 121.052856 5.905653 121.041870 5.905653 121.041870 5.916581 121.036377 5.916581 121.036377 5.922045 121.025391 5.922045 121.025391 5.927508 121.014404 5.927508 121.014404 5.922045 121.003418 5.922045 121.003418 5.916581 120.992432 5.916581 120.992432 5.911117 120.986938 5.911117 120.986938 5.905653 120.970459 5.905653 120.964966 5.900189 120.948486 5.900189 120.948486 5.894725 120.942993 5.894725 120.942993 5.889261 120.926514 5.889261 120.915527 5.900189 120.915527 5.905653 120.910034 5.905653 120.910034 5.911117 120.904541 5.911117 120.904541 5.916581 120.888062 5.916581 120.888062 5.922045 120.877075 5.922045 120.877075 5.949363 120.877075 5.954827 120.877075 5.960290 120.882568 5.960290 120.882568 5.971217 120.888062 5.971217 120.888062 5.993070 120.893555 5.993070 120.893555 5.998533 120.904541 6.009459 120.910034 6.009459 120.910034 6.014922 120.915527 6.014922 120.915527 6.025848 120.926514 6.025848 120.926514 6.031311 120.942993 6.031311 120.948486 6.031311 120.953979 6.036773 120.959473 6.036773 120.959473 6.042236 120.981445 6.042236 120.981445 6.047699 120.986938 6.047699 120.986938 6.053161 120.997925 6.053161 120.997925 6.058624 121.003418 6.058624 121.003418 6.064086 121.008911 6.064086 121.014404 6.069549 121.014404 6.085936 121.019897 6.085936 121.025391 6.091398 121.030884 6.091398 121.030884 6.085936 121.052856 6.085936 121.052856 6.091398 121.063843 6.091398 121.063843 6.085936 121.096802 6.085936 121.096802 6.091398 121.124268 6.091398 121.124268 6.085936 121.129761 6.085936 121.129761 6.080473 121.135254 6.080473 121.140747 6.075011 121.146240 6.075011 121.151733 6.075011 121.157227 6.075011 121.157227 6.064086 121.162720 6.058624 121.162720 6.053161 121.168213 6.053161 121.173706 6.047699 121.179199 6.047699 121.179199 6.042236 121.184692 6.036773 121.184692 6.020385 121.190186 6.020385 121.190186 6.009459 121.195679 6.009459 121.195679 6.003996 121.201172 6.003996 121.201172 5.998533 121.206665 5.998533 121.206665 5.993070 121.217651 5.993070 121.217651 5.998533 121.228638 5.998533 121.228638 6.009459 121.245117 6.009459 121.245117 6.014922 121.272583 6.014922 121.272583 6.020385 121.283569 6.020385 121.283569 6.014922 121.300049 6.014922 121.305542 6.009459 121.311035 6.009459 121.311035 6.003996 121.327515 6.003996 121.327515 5.998533 121.333008 5.998533 121.333008 6.003996 121.338501 6.009459 121.354980 6.009459 121.354980 6.003996 121.360474 6.003996 121.360474 5.998533 121.354980 5.998533 121.354980 5.993070 121.360474 5.993070 121.360474 5.987607 121.365967 5.987607 121.365967 5.993070 121.371460 5.998533 121.371460 6.009459 121.393433 6.009459 121.398926 6.003996 121.409912 6.003996 121.409912 5.998533 121.415405 5.998533 121.415405 5.993070 121.420898 5.993070 121.420898 5.987607 121.426392 5.987607 121.426392 5.954827 121.420898 5.954827 121.420898 5.949363 121.415405 5.949363 121.415405 5.943900 121.393433 5.943900 121.393433 5.938436 121.382446 5.938436 121.382446 5.932972 121.382446 5.922045 121.387939 5.922045 121.387939 5.916581 121.387939 5.911117 121.387939 5.905653 121.376953 5.905653 121.376953 5.916581 121.349487 5.916581 121.349487 5.911117 121.343994 5.911117 121.343994 5.905653 121.338501 5.905653 121.338501 5.900189 121.327515 5.900189 121.327515 5.894725 121.316528 5.894725 121.316528 5.889261 121.311035 5.889261 121.311035 5.883796 121.305542 5.883796 121.305542 5.878332 121.300049 5.878332 121.300049 5.872868 121.294556 5.872868 121.294556 5.867403 121.300049 5.867403 121.300049 5.861939 121.289062 5.861939 121.289062 5.856475 121.283569 5.856475 121.283569 5.867403 121.278076 5.867403 121.278076 5.872868 121.283569 5.872868 121.283569 5.878332 121.261597 5.878332 121.261597 5.889261 121.256104 5.889261 121.250610 5.889261 121.239624 5.889261 121.239624 5.894725 121.234131 5.894725 121.234131 5.905653 121.239624 5.911117 121.239624 5.916581 121.245117 5.916581 121.245117 5.922045 121.239624 5.922045 121.239624 5.938436 121.217651 5.938436 121.217651 5.943900 121.212158 5.943900 121.206665 5.943900 121.206665 5.949363 121.201172 5.949363
R	0	120.097046 5.982144 120.097046 5.987607 120.113525 5.987607 120.108032 5.982144 120.102539 5.982144 120.102539 5.976680 120.097046 5.982144
R	0	120.108032 5.982144 120.119019 5.982144 120.119019 5.965754 120.124512 5.965754 120.124512 5.949363 120.119019 5.949363 120.119019 5.960290 120.113525 5.960290 120.113525 5.965754 120.113525 5.971217 120.102539 5.971217 120.102539 5.976680 120.108032 5.976680 120.108032 5.982144
R	0	121.827393 6.140555 121.832886 6.140555 121.832886 6.146016 121.849365 6.146016 121.849365 6.140555 121.854858 6.140555 121.854858 6.124170 121.849365 6.124170 121.849365 6.118708 121.832886 6.118708 121.827393 6.118708 121.816406 6.118708 121.816406 6.135093 121.821899 6.135093 121.827393 6.135093 121.827393 6.140555
R	0	120.970459 6.200629 120.981445 6.200629 120.981445 6.195168 120.981445 6.189707 120.986938 6.189707 120.986938 6.195168 120.992432 6.195168 120.992432 6.184246 120.986938 6.178785 120.981445 6.178785 120.981445 6.184246 120.975952 6.189707 120.975952 6.195168 120.970459 6.195168 120.970459 6.200629
R	0	120.097046 5.982144 120.097046 5.976680 120.097046 5.971217 120.091553 5.971217 120.091553 5.982144 120.097046 5.982144
R	0	120.970459 6.200629 120.964966 6.200629 120.964966 6.206090 120.970459 6.206090 120.970459 6.200629
P	1907000000	Tawi-Tawi
R	0	119.459839 4.915833 119.459839 4.910360 119.470825 4.899414 119.470825 4.888467 119.476318 4.882994 119.476318 4.877521 119.481812 4.872048 119.481812 4.861101 119.487305 4.861101 119.487305 4.850154 119.492798 4.844681 119.492798 4.833733 119.498291 4.828260 119.498291 4.800891 119.503784 4.795417 119.503784 4.768047 119.509277 4.768047 119.509277 4.757098 119.503784 4.751624 119.503784 4.729727 119.498291 4.729727 119.498291 4.718778 119.492798 4.713303 119.492798 4.702354 119.487305 4.696879 119.487305 4.685930 119.481812 4.680455 119.481812 4.669505 119.476318 4.669505 119.476318 4.658555 119.470825 4.658555 119.470825 4.653080 119.465332 4.653080 119.465332 4.642130 119.454346 4.642130 119.454346 4.653080 119.459839 4.653080 119.459839 4.664030 119.454346 4.664030 119.454346 4.680455 119.454346 4.691404 119.459839 4.691404 119.459839 4.724252 119.465332 4.724252 119.465332 4.740675 119.470825 4.740675 119.470825 4.746150 119.465332 4.746150 119.465332 4.817312 119.459839 4.817312 119.459839 4.833733 119.454346 4.839207 119.454346 4.861101 119.448853 4.861101 119.448853 4.888467 119.443359 4.888467 119.443359 4.910360 119.448853 4.910360 119.454346 4.915833 119.459839 4.915833
R	1	119.465332 4.674980 119.465332 4.685930 119.459839 4.685930 119.459839 4.680455 119.459839 4.674980 119.459839 4.669505 119.465332 4.674980
R	0	119.421387 4.784469 119.421387 4.740675 119.415894 4.735201 119.415894 4.707828 119.410400 4.707828 119.410400 4.685930 119.404907 4.685930 119.404907 4.669505 119.393921 4.669505 119.393921 4.702354 119.399414 4.702354 119.399414 4.707828 119.404907 4.713303 119.404907 4.735201 119.399414 4.735201 119.399414 4.740675 119.388428 4.740675 119.388428 4.746150 119.399414 4.746150 119.399414 4.762573 119.410400 4.762573 119.410400 4.773521 119.415894 4.773521 119.415894 4.784469 119.421387 4.784469
R	0	120.223389 5.326175 120.217896 5.326175 120.217896 5.315236 120.212402 5.315236 120.212402 5.304297 120.217896 5.304297 120.217896 5.298827 120.223389 5.298827 120.223389 5.293357 120.228882 5.293357 120.228882 5.287887 120.239868 5.287887 120.239868 5.282418 120.250854 5.282418 120.250854 5.266008 120.245361 5.266008 120.245361 5.260538 120.256348 5.260538 120.256348 5.255068 120.250854 5.249598 120.250854 5.227717 120.245361 5.227717 120.245361 5.205835 120.234375 5.205835 120.234375 5.183953 120.239868 5.183953 120.239868 5.178482 120.234375 5.178482 120.234375 5.173011 120.223389 5.173011 120.223389 5.151128 120.217896 5.151128 120.217896 5.134715 120.223389 5.134715 120.223389 5.123772 120.217896 5.123772 120.217896 5.118301 120.212402 5.118301 120.212402 5.129243 120.206909 5.129243 120.206909 5.134715 120.190430 5.134715 120.190430 5.129243 120.184937 5.129243 120.184937 5.134715 120.179443 5.134715 120.179443 5.140186 120.173950 5.140186 120.173950 5.145657 120.168457 5.145657 120.168457 5.156599 120.179443 5.156599 120.179443 5.173011 120.184937 5.173011 120.184937 5.178482 120.190430 5.178482 120.190430 5.183953 120.173950 5.183953 120.173950 5.189423 120.168457 5.189423 120.168457 5.178482 120.162964 5.178482 120.162964 5.167541 120.157471 5.162070 120.157471 5.178482 120.151978 5.178482 120.151978 5.183953 120.140991 5.183953 120.140991 5.189423 120.135498 5.189423 120.135498 5.194894 120.130005 5.194894 120.130005 5.200365 120.124512 5.200365 120.119019 5.200365 120.119019 5.194894 120.124512 5.194894 120.124512 5.189423 120.119019 5.189423 120.119019 5.183953 120.113525 5.183953 120.113525 5.178482 120.108032 5.173011 120.108032 5.167541 120.102539 5.167541 120.102539 5.156599 120.097046 5.156599 120.097046 5.151128 120.086060 5.151128 120.086060 5.162070 120.080566 5.156599 120.080566 5.151128 120.075073 5.151128 120.075073 5.167541 120.069580 5.167541 120.069580 5.162070 120.064087 5.162070 120.064087 5.156599 120.058594 5.156599 120.058594 5.151128 120.042114 5.151128 120.042114 5.162070 120.047607 5.162070 120.047607 5.156599 120.053101 5.156599 120.053101 5.162070 120.058594 5.162070 120.058594 5.178482 120.053101 5.178482 120.047607 5.183953 120.042114 5.183953 120.042114 5.178482 120.036621 5.178482 120.036621 5.173011 120.031128 5.173011 120.031128 5.167541 120.020142 5.167541 120.020142 5.162070 120.009155 5.162070 120.003662 5.162070 120.003662 5.156599 119.998169 5.156599 119.998169 5.151128 120.003662 5.151128 120.003662 5.134715 119.998169 5.134715 119.992676 5.134715 119.992676 5.123772 119.987183 5.118301 119.981689 5.118301 119.976196 5.118301 119.976196 5.112830 119.981689 5.112830 119.981689 5.096416 119.976196 5.096416 119.976196 5.090944 119.970703 5.085473 119.965210 5.085473 119.965210 5.080001 119.948730 5.080001 119.948730 5.085473 119.921265 5.085473 119.921265 5.074529 119.904785 5.074529 119.904785 5.069058 119.882812 5.069058 119.882812 5.058114 119.877319 5.058114 119.877319 5.063586 119.849854 5.063586 119.849854 5.058114 119.860840 5.058114 119.860840 5.047171 119.833374 5.047171 119.833374 5.052643 119.822388 5.052643 119.822388 5.063586 119.822388 5.069058 119.822388 5.074529 119.816895 5.074529 119.816895 5.090944 119.822388 5.090944 119.822388 5.107358 119.822388 5.112830 119.822388 5.123772 119.811401 5.123772 119.811401 5.129243 119.816895 5.129243 119.816895 5.134715 119.822388 5.134715 119.822388 5.140186 119.827881 5.145657 119.827881 5.151128 119.833374 5.151128 119.838867 5.151128 119.855347 5.151128 119.871826 5.151128 119.871826 5.156599 119.888306 5.156599 119.888306 5.162070 119.893799 5.162070 119.893799 5.167541 119.899292 5.167541 119.899292 5.173011 119.904785 5.173011 119.904785 5.178482 119.921265 5.178482 119.921265 5.183953 119.926758 5.183953 119.926758 5.189423 119.943237 5.189423 119.943237 5.194894 119.948730 5.194894 119.948730 5.200365 119.954224 5.200365 119.954224 5.216776 119.959717 5.222247 119.965210 5.222247 119.965210 5.227717 119.976196 5.227717 119.976196 5.233187 119.976196 5.238657 119.981689 5.238657 119.981689 5.233187 120.003662 5.233187 120.003662 5.227717 120.009155 5.227717 120.009155 5.233187 120.031128 5.233187 120.031128 5.244128 120.042114 5.244128 120.042114 5.249598 120.053101 5.249598 120.053101 5.260538 120.058594 5.260538 120.064087 5.260538 120.064087 5.266008 120.069580 5.266008 120.069580 5.271478 120.075073 5.271478 120.075073 5.282418 120.086060 5.282418 120.091553 5.282418 120.091553 5.287887 120.097046 5.287887 120.097046 5.293357 120.108032 5.293357 120.108032 5.298827 120.113525 5.298827 120.113525 5.304297 120.124512 5.304297 120.124512 5.309766 120.130005 5.309766 120.130005 5.315236 120.135498 5.315236 120.140991 5.320705 120.146484 5.320705 120.146484 5.326175 120.151978 5.326175 120.157471 5.331644 120.162964 5.331644 120.162964 5.337114 120.168457 5.337114 120.168457 5.342583 120.201416 5.342583 120.206909 5.348052 120.212402 5.348052 120.217896 5.348052 120.217896 5.331644 120.223389 5.331644 120.223389 5.326175
R	1	119.882812 5.069058 119.882812 5.074529 119.877319 5.074529 119.877319 5.069058 119.882812 5.069058
R	2	119.992676 5.134715 119.992676 5.140186 119.987183 5.140186 119.987183 5.134715 119.992676 5.134715
R	0	119.833374 4.822786 119.838867 4.817312 119.838867 4.811839 119.855347 4.811839 119.855347 4.806365 119.866333 4.806365 119.866333 4.795417 119.860840 4.795417 119.855347 4.789943 119.833374 4.789943 119.833374 4.795417 119.816895 4.795417 119.811401 4.800891 119.811401 4.811839 119.805908 4.811839 119.805908 4.817312 119.811401 4.817312 119.811401 4.822786 119.833374 4.822786
R	0	119.822388 4.926779 119.822388 4.915833 119.816895 4.915833 119.816895 4.904887 119.827881 4.904887 119.827881 4.915833 119.833374 4.915833 119.833374 4.910360 119.844360 4.910360 119.844360 4.904887 119.849854 4.899414 119.849854 4.877521 119.855347 4.877521 119.855347 4.866574 119.844360 4.866574 119.838867 4.861101 119.833374 4.861101 119.833374 4.855628 119.800415 4.855628 119.800415 4.872048 119.794922 4.877521 119.794922 4.893941 119.789429 4.893941 119.789429 4.921306 119.794922 4.921306 119.800415 4.926779 119.822388 4.926779
R	0	119.399414 4.904887 119.399414 4.899414 119.404907 4.899414 119.404907 4.888467 119.410400 4.888467 119.410400 4.877521 119.404907 4.877521 119.399414 4.882994 119.399414 4.888467 119.393921 4.888467 119.393921 4.893941 119.388428 4.893941 119.388428 4.904887 119.399414 4.904887
R	0	119.998169 5.003394 119.998169 5.008867 120.003662 5.008867 120.003662 5.014339 120.009155 5.014339 120.009155 5.008867 120.014648 5.008867 120.014648 5.014339 120.020142 5.014339 120.020142 5.008867 120.025635 5.008867 120.025635 4.997922 120.020142 4.992450 120.020142 4.986977 120.014648 4.986977 120.014648 4.965088 120.009155 4.965088 120.009155 4.959615 120.003662 4.954142 119.992676 4.954142 119.992676 4.959615 119.987183 4.959615 119.987183 4.965088 119.992676 4.970560 119.992676 4.986977 119.998169 4.986977 119.998169 5.003394
R	0	120.113525 5.036227 120.113525 5.030755 120.119019 5.030755 120.124512 5.025283 120.130005 5.025283 120.130005 5.019811 120.135498 5.019811 120.135498 5.003394 120.124512 5.003394 120.124512 5.008867 120.119019 5.008867 120.119019 5.019811 120.113525 5.019811 120.113525 5.025283 120.102539 5.025283 120.102539 5.036227 120.113525 5.036227
R	0	118.504028 7.046379 118.509521 7.046379 118.520508 7.046379 118.520508 7.040927 118.526001 7.040927 118.526001 7.019120 118.520508 7.013668 118.520508 7.008216 118.515015 7.002764 118.515015 6.997311 118.509521 6.997311 118.509521 6.986407 118.515015 6.986407 118.515015 6.975502 118.509521 6.975502 118.509521 6.970049 118.482056 6.970049 118.482056 6.975502 118.487549 6.975502 118.487549 6.980954 118.476562 6.980954 118.476562 6.975502 118.471069 6.975502 118.471069 6.980954 118.443604 6.980954 118.443604 6.986407 118.438110 6.986407 118.438110 6.991859 118.427124 6.991859 118.427124 7.008216 118.421631 7.008216 118.416138 7.008216 118.416138 7.013668 118.421631 7.013668 118.421631 7.024572 118.432617 7.024572 118.432617 7.030024 118.449097 7.030024 118.449097 7.035476 118.460083 7.035476 118.465576 7.030024 118.476562 7.030024 118.476562 7.035476 118.487549 7.035476 118.487549 7.040927 118.493042 7.040927 118.493042 7.046379 118.504028 7.046379
R	0	120.212402 5.047171 120.212402 5.041699 120.223389 5.041699 120.223389 5.036227 120.228882 5.036227 120.228882 5.030755 120.223389 5.030755 120.223389 5.025283 120.217896 5.019811 120.217896 5.014339 120.201416 5.014339 120.201416 5.019811 120.195923 5.019811 120.190430 5.025283 120.190430 5.030755 120.195923 5.030755 120.195923 5.036227 120.201416 5.036227 120.201416 5.041699 120.206909 5.041699 120.206909 5.047171 120.212402 5.047171
R	0	119.750977 5.030755 119.750977 5.036227 119.739990 5.036227 119.739990 5.052643 119.745483 5.052643 119.745483 5.058114 119.750977 5.069058 119.750977 5.074529 119.756470 5.074529 119.756470 5.080001 119.761963 5.085473 119.761963 5.090944 119.767456 5.096416 119.767456 5.101887 119.772949 5.101887 119.778442 5.107358 119.789429 5.107358 119.789429 5.112830 119.794922 5.112830 119.794922 5.118301 119.805908 5.118301 119.805908 5.090944 119.811401 5.090944 119.811401 5.080001 119.811401 5.074529 119.816895 5.074529 119.816895 5.063586 119.816895 5.058114 119.811401 5.058114 119.805908 5.052643 119.800415 5.052643 119.794922 5.058114 119.794922 5.063586 119.789429 5.063586 119.789429 5.041699 119.794922 5.036227 119.805908 5.036227 119.805908 5.030755 119.800415 5.030755 119.800415 5.025283 119.794922 5.025283 119.794922 5.030755 119.783936 5.030755 119.778442 5.030755 119.778442 5.019811 119.772949 5.019811 119.772949 5.014339 119.761963 5.014339 119.761963 5.008867 119.739990 5.008867 119.739990 5.014339 119.734497 5.014339 119.734497 5.019811 119.739990 5.025283 119.739990 5.030755 119.750977 5.030755
R	1	119.783936 5.036227 119.783936 5.041699 119.778442 5.041699 119.778442 5.047171 119.772949 5.047171 119.767456 5.041699 119.761963 5.041699 119.761963 5.036227 119.761963 5.030755 119.778442 5.030755 119.783936 5.036227
R	2	119.750977 5.030755 119.756470 5.030755 119.756470 5.036227 119.750977 5.030755
R	0	120.245361 5.189423 120.250854 5.189423 120.250854 5.194894 120.245361 5.194894 120.245361 5.200365 120.250854 5.200365 120.250854 5.211306 120.256348 5.211306 120.256348 5.244128 120.261841 5.244128 120.261841 5.249598 120.267334 5.249598 120.267334 5.255068 120.272827 5.255068 120.272827 5.249598 120.278320 5.249598 120.278320 5.244128 120.283813 5.244128 120.283813 5.238657 120.294800 5.238657 120.294800 5.233187 120.300293 5.233187 120.300293 5.227717 120.305786 5.227717 120.305786 5.216776 120.311279 5.216776 120.311279 5.211306 120.316772 5.211306 120.316772 5.200365 120.311279 5.200365 120.311279 5.194894 120.305786 5.194894 120.305786 5.189423 120.300293 5.189423 120.300293 5.183953 120.289307 5.183953 120.289307 5.178482 120.283813 5.178482 120.283813 5.183953 120.278320 5.183953 120.278320 5.178482 120.272827 5.173011 120.267334 5.173011 120.267334 5.183953 120.250854 5.183953 120.250854 5.178482 120.245361 5.178482 120.245361 5.189423
R	0	120.360718 5.260538 120.360718 5.255068 120.366211 5.255068 120.366211 5.244128 120.360718 5.244128 120.360718 5.233187 120.355225 5.233187 120.355225 5.222247 120.349731 5.222247 120.349731 5.194894 120.344238 5.194894 120.344238 5.183953 120.338745 5.183953 120.338745 5.189423 120.333252 5.189423 120.333252 5.205835 120.327759 5.205835 120.327759 5.216776 120.333252 5.216776 120.333252 5.227717 120.338745 5.227717 120.338745 5.233187 120.344238 5.233187 120.344238 5.238657 120.349731 5.238657 120.349731 5.255068 120.355225 5.255068 120.355225 5.260538 120.360718 5.260538
R	1	120.333252 5.211306 120.333252 5.205835 120.338745 5.205835 120.338745 5.211306 120.333252 5.211306
R	0	120.311279 5.129243 120.311279 5.123772 120.316772 5.123772 120.316772 5.101887 120.311279 5.101887 120.311279 5.096416 120.305786 5.096416 120.305786 5.090944 120.294800 5.090944 120.289307 5.085473 120.272827 5.085473 120.272827 5.101887 120.278320 5.101887 120.278320 5.107358 120.289307 5.107358 120.289307 5.112830 120.294800 5.112830 120.294800 5.118301 120.300293 5.118301 120.300293 5.123772 120.305786 5.123772 120.305786 5.129243 120.311279 5.129243
R	0	120.322266 5.134715 120.322266 5.145657 120.327759 5.145657 120.327759 5.156599 120.333252 5.156599 120.338745 5.162070 120.344238 5.162070 120.344238 5.145657 120.349731 5.145657 120.349731 5.129243 120.344238 5.129243 120.344238 5.123772 120.338745 5.123772 120.338745 5.118301 120.327759 5.118301 120.327759 5.123772 120.322266 5.123772 120.322266 5.134715
R	0	120.322266 5.386336 120.322266 5.380867 120.338745 5.380867 120.338745 5.375398 120.333252 5.375398 120.333252 5.369929 120.322266 5.369929 120.322266 5.364460 120.300293 5.364460 120.300293 5.369929 120.294800 5.369929 120.294800 5.380867 120.311279 5.380867 120.311279 5.386336 120.322266 5.386336
R	0	120.261841 5.090944 120.261841 5.085473 120.272827 5.085473 120.272827 5.074529 120.267334 5.074529 120.267334 5.069058 120.261841 5.069058 120.261841 5.063586 120.250854 5.063586 120.250854 5.069058 120.245361 5.069058 120.245361 5.074529 120.250854 5.074529 120.250854 5.085473 120.256348 5.085473 120.256348 5.090944 120.261841 5.090944
R	0	120.234375 5.358991 120.239868 5.353521 120.239868 5.348052 120.245361 5.348052 120.245361 5.326175 120.239868 5.326175 120.234375 5.331644 120.228882 5.331644 120.228882 5.337114 120.223389 5.337114 120.223389 5.353521 120.217896 5.353521 120.217896 5.358991 120.234375 5.358991
R	0	120.487061 5.194894 120.487061 5.189423 120.498047 5.189423 120.509033 5.178482 120.509033 5.173011 120.503540 5.173011 120.503540 5.167541 120.503540 5.162070 120.492554 5.162070 120.487061 5.167541 120.487061 5.178482 120.481567 5.183953 120.481567 5.194894 120.487061 5.194894
R	0	120.580444 5.205835 120.569458 5.205835 120.569458 5.211306 120.574951 5.211306 120.580444 5.216776 120.596924 5.216776 120.596924 5.222247 120.607910 5.222247 120.607910 5.216776 120.602417 5.216776 120.602417 5.205835 120.596924 5.200365 120.591431 5.205835 120.585938 5.205835 120.580444 5.205835
R	0	119.992676 5.101887 119.992676 5.096416 119.998169 5.096416 119.998169 5.090944 119.992676 5.090944 119.992676 5.085473 119.981689 5.085473 119.981689 5.090944 119.987183 5.090944 119.987183 5.101887 119.992676 5.101887
R	0	120.322266 5.249598 120.322266 5.238657 120.316772 5.238657 120.316772 5.227717 120.305786 5.227717 120.305786 5.233187 120.300293 5.233187 120.300293 5.244128 120.305786 5.244128 120.305786 5.249598 120.322266 5.249598
R	0	120.602417 5.413680 120.607910 5.413680 120.607910 5.402742 120.596924 5.402742 120.591431 5.397273 120.585938 5.402742 120.580444 5.402742 120.580444 5.408211 120.574951 5.408211 120.574951 5.419148 120.580444 5.419148 120.580444 5.413680 120.591431 5.413680 120.591431 5.408211 120.602417 5.408211 120.602417 5.413680
R	0	120.591431 5.468364 120.591431 5.441022 120.585938 5.441022 120.585938 5.446491 120.580444 5.446491 120.580444 5.462896 120.585938 5.462896 120.585938 5.468364 120.591431 5.468364
R	0	119.811401 5.118301 119.805908 5.118301 119.805908 5.123772 119.811401 5.123772 119.811401 5.118301
R	0	120.184937 5.446491 120.190430 5.441022 120.184937 5.441022 120.184937 5.446491
R	0	120.646362 5.227717 120.646362 5.222247 120.635376 5.222247 120.629883 5.227717 120.629883 5.233187 120.646362 5.233187 120.646362 5.227717
R	0	120.075073 5.151128 120.075073 5.145657 120.069580 5.145657 120.069580 5.151128 120.075073 5.151128
R	0	120.371704 5.391805 120.371704 5.397273 120.377197 5.402742 120.404663 5.402742 120.371704 5.391805
R	0	120.596924 5.419148 120.591431 5.419148 120.591431 5.424617 120.585938 5.424617 120.585938 5.430085 120.580444 5.430085 120.580444 5.435554 120.591431 5.435554 120.591431 5.430085 120.596924 5.430085 120.596924 5.419148
R	0	120.245361 5.457427 120.228882 5.457427 120.228882 5.468364 120.234375 5.468364 120.234375 5.462896 120.239868 5.462896 120.245361 5.457427
R	0	120.668335 5.216776 120.673828 5.216776 120.679321 5.216776 120.679321 5.205835 120.673828 5.211306 120.668335 5.211306 120.668335 5.216776
R	0	120.239868 5.441022 120.239868 5.446491 120.250854 5.446491 120.250854 5.441022 120.239868 5.441022
R	0	118.515015 6.975502 118.526001 6.975502 118.526001 6.970049 118.520508 6.970049 118.515015 6.970049 118.515015 6.975502
R	0	120.509033 5.167541 120.509033 5.162070 120.503540 5.162070 120.509033 5.167541
R	0	120.228882 5.446491 120.228882 5.441022 120.223389 5.441022 120.223389 5.446491 120.228882 5.446491
R	0	118.416138 7.019120 118.410645 7.019120 118.410645 7.024572 118.416138 7.024572 118.416138 7.019120
R	0	120.668335 5.216776 120.662842 5.216776 120.662842 5.222247 120.668335 5.222247 120.668335 5.216776
R	0	120.596924 5.419148 120.602417 5.419148 120.602417 5.413680 120.596924 5.413680 120.596924 5.419148
R	0	120.228882 5.446491 120.228882 5.451959 120.234375 5.451959 120.234375 5.446491 120.228882 5.446491
R	0	118.526001 6.970049 118.531494 6.970049 118.531494 6.964597 118.526001 6.964597 118.526001 6.970049
R	0	120.086060 5.282418 120.086060 5.287887 120.091553 5.287887 120.086060 5.282418
R	0	120.371704 5.391805 120.366211 5.386336 120.366211 5.391805 120.371704 5.391805
R	0	120.245361 5.457427 120.250854 5.451959 120.245361 5.451959 120.245361 5.457427
R	0	120.009155 5.162070 120.009155 5.156599 120.003662 5.156599 120.009155 5.162070
R	0	120.223389 5.326175 120.228882 5.326175 120.228882 5.320705 120.234375 5.320705 120.234375 5.309766 120.239868 5.309766 120.239868 5.298827 120.223389 5.298827 120.223389 5.304297 120.217896 5.304297 120.217896 5.315236 120.223389 5.315236 120.223389 5.326175
R	0	120.184937 5.446491 120.179443 5.451959 120.179443 5.457427 120.184937 5.457427 120.190430 5.457427 120.195923 5.457427 120.195923 5.441022 120.190430 5.441022 120.190430 5.446491 120.184937 5.446491
P	1908700000	Maguindanao del Norte
R	0	124.194946 7.416942 124.194946 7.422389 124.249878 7.558547 124.530029 7.640220 124.453125 7.422389 124.403687 7.362467 124.365234 7.237148 124.337769 7.171751 124.409180 7.220800 124.420166 7.220800 124.420166 7.226249 124.420166 7.231699 124.425659 7.231699 124.425659 7.226249 124.436646 7.226249 124.436646 7.231699 124.442139 7.231699 124.447632 7.231699 124.453125 7.231699 124.447632 7.209900 124.475098 7.209900 124.464111 7.171751 124.447632 7.111795 124.431152 7.089990 124.420166 7.057282 124.123535 6.855532 124.129028 6.746441 124.118042 6.746441 124.085083 6.740986 124.035645 6.740986 124.035645 6.746441 124.041138 6.746441 124.041138 6.762806 124.035645 6.768261 124.035645 6.773716 124.030151 6.773716 124.030151 6.779171 124.019165 6.790080 124.013672 6.790080 124.008179 6.795535 123.997192 6.795535 123.997192 6.790080 123.991699 6.790080 123.991699 6.779171 123.986206 6.779171 123.986206 6.773716 123.980713 6.768261 123.969727 6.768261 123.969727 6.779171 123.975220 6.779171 123.975220 6.795535 123.964233 6.795535 123.964233 6.811898 123.958740 6.811898 123.958740 6.817353 123.942261 6.817353 123.942261 6.822807 123.947754 6.822807 123.947754 6.828261 123.953247 6.828261 123.953247 6.822807 123.958740 6.822807 123.958740 6.828261 123.964233 6.828261 123.964233 6.833716 123.958740 6.833716 123.958740 6.855532 123.964233 6.855532 123.964233 6.860985 123.975220 6.860985 123.975220 6.871893 123.969727 6.877347 123.969727 6.882800 123.964233 6.888254 123.958740 6.888254 123.958740 6.915521 123.964233 6.915521 123.964233 6.920974 123.969727 6.920974 123.969727 6.964597 123.975220 6.964597 123.975220 6.970049 123.980713 6.970049 123.980713 6.980954 123.986206 6.980954 123.986206 6.991859 123.991699 6.991859 123.991699 6.997311 123.997192 7.002764 123.997192 7.008216 123.991699 7.008216 123.991699 7.024572 123.997192 7.024572 123.997192 7.030024 124.002686 7.030024 124.002686 7.046379 124.008179 7.046379 124.008179 7.051831 124.013672 7.051831 124.013672 7.062734 124.019165 7.062734 124.019165 7.068185 124.024658 7.073637 124.024658 7.084539 124.030151 7.084539 124.030151 7.089990 124.035645 7.089990 124.035645 7.106344 124.046631 7.117245 124.046631 7.122696 124.052124 7.128147 124.052124 7.133598 124.063110 7.133598 124.063110 7.144499 124.090576 7.144499 124.090576 7.149949 124.118042 7.149949 124.123535 7.155400 124.123535 7.160850 124.129028 7.160850 124.129028 7.166300 124.134521 7.166300 124.140015 7.171751 124.156494 7.171751 124.156494 7.177201 124.161987 7.177201 124.161987 7.193551 124.172974 7.193551 124.167480 7.199001 124.161987 7.199001 124.161987 7.204451 124.161987 7.209900 124.172974 7.209900 124.172974 7.215350 124.167480 7.220800 124.172974 7.226249 124.178467 7.226249 124.178467 7.231699 124.183960 7.231699 124.183960 7.237148 124.189453 7.242598 124.194946 7.242598 124.194946 7.248047 124.189453 7.248047 124.189453 7.253496 124.205933 7.253496 124.205933 7.269843 124.211426 7.269843 124.211426 7.302536 124.216919 7.302536 124.216919 7.318882 124.211426 7.318882 124.211426 7.335227 124.216919 7.340675 124.216919 7.346123 124.216919 7.351571 124.216919 7.357019 124.222412 7.357019 124.222412 7.346123 124.227905 7.346123 124.227905 7.340675 124.238892 7.340675 124.238892 7.346123 124.255371 7.346123 124.255371 7.357019 124.260864 7.357019 124.260864 7.378810 124.249878 7.378810 124.249878 7.406048 124.244385 7.411495 124.238892 7.411495 124.238892 7.416942 124.233398 7.416942 124.227905 7.411495 124.227905 7.406048 124.205933 7.406048 124.205933 7.416942 124.200439 7.416942 124.194946 7.416942
R	0	124.041138 7.313433 124.041138 7.307985 124.030151 7.297088 124.019165 7.297088 124.019165 7.307985 124.013672 7.307985 124.013672 7.324330 124.019165 7.329778 124.019165 7.335227 124.024658 7.335227 124.024658 7.340675 124.035645 7.340675 124.035645 7.346123 124.052124 7.362467 124.057617 7.362467 124.057617 7.367915 124.063110 7.367915 124.063110 7.373362 124.074097 7.373362 124.074097 7.378810 124.079590 7.378810 124.079590 7.367915 124.074097 7.367915 124.074097 7.357019 124.068604 7.357019 124.068604 7.351571 124.063110 7.351571 124.057617 7.346123 124.052124 7.346123 124.052124 7.340675 124.046631 7.340675 124.046631 7.335227 124.041138 7.335227 124.041138 7.318882 124.041138 7.313433
R	0	123.964233 6.795535 123.964233 6.790080 123.958740 6.790080 123.958740 6.795535 123.964233 6.795535
P	1908800000	Maguindanao del Sur
R	0	124.848633 6.610044 124.843140 6.610044 124.843140 6.604587 124.837646 6.604587 124.826660 6.604587 124.826660 6.610044 124.821167 6.610044 124.821167 6.615501 124.815674 6.615501 124.815674 6.610044 124.799194 6.610044 124.788208 6.604587 124.782715 6.604587 124.782715 6.620957 124.788208 6.648239 124.760742 6.664608 124.788208 6.675520 124.760742 6.724620 124.755249 6.735531 124.711304 6.806444 124.689331 6.806444 124.678345 6.828261 124.634399 6.888254 124.579468 6.790080 124.579468 6.784626 124.535522 6.779171 124.508057 6.773716 124.508057 6.768261 124.513550 6.757352 124.513550 6.746441 124.513550 6.740986 124.513550 6.730076 124.464111 6.730076 124.227905 6.735531 124.211426 6.740986 124.140015 6.746441 124.129028 6.746441 124.123535 6.855532 124.420166 7.057282 124.431152 7.089990 124.453125 7.079088 124.458618 7.079088 124.458618 7.062734 124.519043 7.030024 124.524536 7.030024 124.530029 7.030024 124.557495 7.024572 124.557495 7.019120 124.689331 6.953691 124.716797 7.019120 124.700317 7.051831 124.694824 7.051831 124.689331 7.057282 124.689331 7.073637 124.700317 7.068185 124.738770 7.111795 124.727783 7.128147 124.727783 7.133598 124.722290 7.133598 124.716797 7.139048 124.705811 7.144499 124.700317 7.149949 124.694824 7.149949 124.711304 7.182651 124.722290 7.182651 124.727783 7.177201 124.760742 7.149949 124.771729 7.155400 124.777222 7.155400 124.777222 7.149949 124.782715 7.144499 124.782715 7.100893 124.771729 7.084539 124.799194 7.073637 124.804688 7.073637 124.821167 7.002764 124.821167 6.959144 124.804688 6.942786 124.804688 6.910067 124.821167 6.844624 124.887085 6.795535 124.887085 6.790080 124.892578 6.790080 124.953003 6.751896 124.969482 6.735531 124.974976 6.735531 124.991455 6.730076 124.931030 6.697343 124.870605 6.642783 124.870605 6.610044 124.859619 6.610044 124.854126 6.610044 124.848633 6.610044
R	0	124.848633 6.610044 124.848633 6.604587 124.843140 6.604587 124.848633 6.610044
P	1909900000	Special Geographic Area
R	0	124.634399 7.122696 124.634399 7.106344 124.628906 7.106344 124.628906 7.084539 124.634399 7.084539 124.639893 7.035476 124.650879 7.035476 124.716797 7.019120 124.689331 6.953691 124.606934 6.991859 124.612427 7.035476 124.601440 7.040927 124.568481 7.051831 124.557495 7.024572 124.530029 7.030024 124.535522 7.040927 124.562988 7.122696 124.634399 7.122696
R	0	124.815674 7.220800 124.810181 7.231699 124.804688 7.231699 124.766235 7.253496 124.766235 7.258945 124.760742 7.258945 124.760742 7.269843 124.859619 7.286190 124.859619 7.291639 124.909058 7.302536 124.848633 7.144499 124.804688 7.144499 124.810181 7.160850 124.815674 7.166300 124.815674 7.171751 124.821167 7.177201 124.810181 7.199001 124.804688 7.199001 124.804688 7.204451 124.810181 7.204451 124.815674 7.215350 124.815674 7.220800
R	0	124.464111 7.171751 124.519043 7.030024 124.458618 7.062734 124.458618 7.079088 124.469604 7.084539 124.447632 7.111795 124.464111 7.171751
R	0	124.683838 7.079088 124.661865 7.106344 124.667358 7.117245 124.672852 7.122696 124.678345 7.133598 124.738770 7.111795 124.700317 7.068185 124.689331 7.073637 124.689331 7.051831 124.678345 7.057282 124.672852 7.057282 124.661865 7.062734 124.667358 7.084539 124.683838 7.079088
R	0	124.716797 7.253496 124.716797 7.248047 124.711304 7.188101 124.711304 7.182651 124.694824 7.149949 124.678345 7.149949 124.683838 7.166300 124.683838 7.171751 124.678345 7.171751 124.672852 7.177201 124.672852 7.193551 124.678345 7.193551 124.678345 7.204451 124.694824 7.204451 124.700317 7.199001 124.705811 7.199001 124.700317 7.209900 124.694824 7.209900 124.694824 7.215350 124.689331 7.215350 124.689331 7.220800 124.678345 7.226249 124.672852 7.226249 124.672852 7.231699 124.667358 7.237148 124.716797 7.253496
R	0	124.887085 7.133598 124.870605 7.133598 124.881592 7.155400 124.887085 7.133598
R	0	124.744263 7.215350 124.782715 7.204451 124.771729 7.155400 124.760742 7.149949 124.727783 7.177201 124.733276 7.188101 124.744263 7.215350
R	0	124.414673 7.237148 124.409180 7.220800 124.337769 7.171751 124.365234 7.237148 124.414673 7.237148
R	0	124.453125 7.422389 124.447632 7.362467 124.403687 7.362467 124.453125 7.422389
R	0	124.453125 7.231699 124.475098 7.209900 124.447632 7.209900 124.453125 7.231699
