title	dept	code
ACCOUNTING FOR RESTAURANT ENTREPRENEURS	ACCT	ACCT 111
FUNDAMENTALS OF ACCOUNTING	ACCT	ACCT 113
FINANCIAL ACCOUNTING	ACCT	ACCT 115
COST ACCOUNTING	ACCT	ACCT 122
MANAGERIAL ACCOUNTING	ACCT	ACCT 125
RESOURCE MANAGEMENT	ACCT	ACCT 130
ADVANCED MANAGERIAL ACCOUNTING	ACCT	ACCT 135
GREEN ACCOUNTING	ACCT	ACCT 240
SUSTAINABILITY REPORTING	ACCT	ACCT 241
FUNDAMENTALS OF ANTHROPOLOGY	ANTH	ANTH 101
FUNDAMENTALS OF ARCHAEOLOGY	ANTH	ANTH 101.1
ANTHROPOLOGICAL CANONS AND WORLD ANTHROPOLOGIES	ANTH	ANTH 103.1
ISSUES AND DEBATES IN PHILIPPINE ARCHAEOLOGY	ANTH	ANTH 112.1
ANTHROPOLOGY OF SOUTHEAST ASIA	ANTH	ANTH 141.2
ANTHROPOLOGY OF HEALTH	ANTH	ANTH 168
QUALITATIVE RESEARCH METHODS: ETHNOGRAPHIC FIELDWORK	ANTH	ANTH 194.1
INTRODUCTION TO CULTURAL ANTHROPOLOGY	ANTH	ANTH 211.2
SPECIAL TOPICS IN SOCIOLOGY AND ANTHROPOLOGY (POLITICAL ANTHROPOLOGY)	ANTH	ANTH 218
RESEARCH STRATEGIES	ANTH	ANTH 292
ART APPRECIATION	ARTAP	ARTAP 10
ART HISTORY: CLASSICAL ANTIQUITY TO 19TH CENTURY	ARTM	ARTM 101.03
ART HISTORY: 20TH CENTURY TO GLOBAL CONTEMPORARY ART	ARTM	ARTM 101.05
PHILIPPINE ART: SURVEY OF PHILIPPINE VISUAL ARTS 2	ARTM	ARTM 102.04
ART MANAGEMENT: COLLECTIONS MANAGEMENT	ARTM	ARTM 103.03
ART MANAGEMENT: INTRODUCTION TO CURATORSHIP	ARTM	ARTM 103.04
ART MANAGEMENT: ISSUES IN CURATORIAL PRACTICE	ARTM	ARTM 103.05
ART MANAGEMENT:  THE ART WORLD: SITES, SPACES, AND INSTITUTIONS	ARTM	ARTM 103.06
ART MANAGEMENT: GENRES OF ART WRITING	ARTM	ARTM 103.07
ART MANAGEMENT: ART AND BUSINESS	ARTM	ARTM 103.08
ART MANAGEMENT: PUBLIC PROGRAMMING FOR CULTURE AND THE ARTS	ARTM	ARTM 103.09
THE CREATIVE PRACTICE	ARTM	ARTM 132
ART MANAGEMENT THESIS: SENIOR PROJECT 1	ARTM	ARTM 199.1
ART MANAGEMENT THESIS: SENIOR PROJECT 2	ARTM	ARTM 199.2
RESEARCH AND THE ARTS	ARTS	ARTS 102
ART AND THE COMMUNITY	ARTS	ARTS 103
THE CREATIVE PROFESSIONAL	ARTS	ARTS 104
INTRODUCTION TO STUDIO ARTS	ARTS	ARTS 110
DIGITAL DESIGN STUDIO	ARTS	ARTS 120
ART AS INQUIRY: ART OF RESPONSE	ARTS	ARTS 180.04I
ART AS INQUIRY: ART OF THE DOMESTIC	ARTS	ARTS 180.08I
ART AS INQUIRY: ART OF THE QUEER	ARTS	ARTS 180.13I
EXPERIMENTAL COLLABORATION IN THE ARTS	ARTS	ARTS 181
INTERNSHIP AND PROFESSIONAL EXPOSURE	ARTS	ARTS 197
MATHEMATICAL METHODS FOR ATMOSPHERIC SCIENCE	ATMOS	ATMOS 200.2
PHYSICAL METEOROLOGY	ATMOS	ATMOS 202
COMPUTATIONAL MODELS FOR THE ENVIRONMENT	ATMOS	ATMOS 203
GEOPHYSICAL FLUID DYNAMICS	ATMOS	ATMOS 204
DYNAMIC METEOROLOGY	ATMOS	ATMOS 205
TROPICAL METEOROLOGY	ATMOS	ATMOS 212
ATMOSPHERIC CHEMISTRY	ATMOS	ATMOS 240
SUBMISSION OF FINAL CAPSTONE PROJECT	ATMOS	ATMOS 298.66
SUBMISSION OF FINAL CAPSTONE PROJECT	ATMOS	ATMOS 298.77
THESIS I	ATMOS	ATMOS 299.1
THESIS PROPOSAL DEFENSE	ATMOS	ATMOS 299.19
THESIS 2	ATMOS	ATMOS 299.2
ORAL DEFENSE	ATMOS	ATMOS 299.4
RESIDENCY	ATMOS	ATMOS 299.5
FINAL PAPER SUBMISSION	ATMOS	ATMOS 299.6
FINAL PAPER SUBMISSION	ATMOS	ATMOS 299.7
BIODIVERSITY: LIFE ON EARTH, LECTURE	BIO	BIO 10.01
BIODIVERSITY: LIFE ON EARTH, LABORATORY	BIO	BIO 10.02
GENERAL ZOOLOGY, LECTURE	BIO	BIO 100.01
GENERAL ZOOLOGY, LABORATORY	BIO	BIO 100.02
HELMINTHOLOGY	BIO	BIO 100.1
HISTOLOGY, LECTURE	BIO	BIO 100.21
HISTOLOGY, LABORATORY	BIO	BIO 100.22
AQUATIC ANIMAL NUTRITION	BIO	BIO 100.3
COMPARATIVE ANATOMY, LECTURE	BIO	BIO 100.41
COMPARATIVE ANATOMY, LABORATORY	BIO	BIO 100.42
EVOLUTION OF ANIMAL BEHAVIOR: INSIGHTS AND APPLICATIONS	BIO	BIO 100.5I
HUMAN BIOLOGY, HEALTH AND DISEASE, LECTURE	BIO	BIO 11.01
HUMAN BIOLOGY, HEALTH AND DISEASE, LABORATORY	BIO	BIO 11.02
GENERAL BOTANY, LECTURE	BIO	BIO 110.01
GENERAL BOTANY, LABORATORY	BIO	BIO 110.02
ENTOMOLOGY	BIO	BIO 111
BIOTECHNOLOGY FOR EVERYONE, LECTURE	BIO	BIO 12.01
BIOTECHNOLOGY FOR EVERYONE, LABORATORY	BIO	BIO 12.02
MICROBIOLOGY, LECTURE	BIO	BIO 120.01
MICROBIOLOGY, LABORATORY	BIO	BIO 120.02
BACTERIOLOGY, LECTURE	BIO	BIO 120.11
BACTERIOLOGY, LABORATORY	BIO	BIO 120.12
MYCOLOGY	BIO	BIO 120.2
MEDICAL MICROBIOLOGY	BIO	BIO 120.3
FOOD MICROBIOLOGY, LECTURE	BIO	BIO 120.41
FOOD MICROBIOLOGY, LABORATORY	BIO	BIO 120.42
INDUSTRIAL MICROBIOLOGY	BIO	BIO 120.5
VIROLOGY	BIO	BIO 121
PARASITOLOGY, LECTURE	BIO	BIO 122.01
PARASITOLOGY, LABORATORY	BIO	BIO 122.02
MICROBIAL ECOLOGY	BIO	BIO 123
GENETICS, LECTURE	BIO	BIO 130.01
GENETICS, LABORATORY	BIO	BIO 130.02
MEDICAL GENETICS	BIO	BIO 130.3
CELL AND MOLECULAR BIOLOGY, LECTURE	BIO	BIO 140.01
CELL AND MOLECULAR BIOLOGY, LABORATORY	BIO	BIO 140.02
IMMUNOLOGY	BIO	BIO 141
BIOTECHNOLOGY, LECTURE	BIO	BIO 143.01
BIOTECHNOLOGY, LABORATORY	BIO	BIO 143.02
INTRODUCTION TO MOLECULAR MEDICINE	BIO	BIO 145
GENERAL ECOLOGY, LECTURE	BIO	BIO 150.01
GENERAL ECOLOGY, LABORATORY	BIO	BIO 150.02
TRENDS AND ISSUES IN BIODIVERSITY	BIO	BIO 151I
PRINCIPLES OF CONSERVATION BIOLOGY	BIO	BIO 152
SYSTEMATICS, LECTURE	BIO	BIO 155.01
ATTAINING A SUSTAINABLE FUTURE WITH BIORESOURCES	BIO	BIO 156I
EVOLUTIONARY BIOLOGY, LECTURE	BIO	BIO 160.01
EVOLUTIONARY BIOLOGY, LABORATORY	BIO	BIO 160.02
DEVELOPMENTAL BIOLOGY, LECTURE	BIO	BIO 170.01
DEVELOPMENTAL BIOLOGY, LABORATORY	BIO	BIO 170.02
GENERAL PHYSIOLOGY, LECTURE	BIO	BIO 171.01
GENERAL PHYSIOLOGY, LABORATORY	BIO	BIO 171.02
HUMAN ANATOMY AND PHYSIOLOGY	BIO	BIO 171.1
GASTRO-INTESTINAL BIOLOGY & NUTRITION	BIO	BIO 171.2
ENDOCRINOLOGY	BIO	BIO 171.3
CARDIO-RESPIRATORY BIOLOGY	BIO	BIO 171.4
NEUROBIOLOGY	BIO	BIO 171.5
PHARMACOLOGY AND TOXICOLOGY, LECTURE	BIO	BIO 180.01
PHARMACOLOGY AND TOXICOLOGY, LABORATORY	BIO	BIO 180.02
THESIS I: BIOSEMINAR	BIO	BIO 199.1
THESIS II	BIO	BIO 199.2
THESIS III	BIO	BIO 199.3
ADVANCED MICROBIOLOGY, LECTURE	BIO	BIO 201.01
ADVANCED MICROBIOLOGY (LABORATORY)	BIO	BIO 201.02
ADVANCED CELL AND MOLECULAR BIOLOGY, LECTURE	BIO	BIO 203.01
ADVANCED CELL AND MOLECULAR BIOLOGY, LABORATORY	BIO	BIO 203.02
ADVANCED ECOLOGY, LECTURE	BIO	BIO 204.01
ADVANCED ECOLOGY, LABORATORY	BIO	BIO 204.02
ADVANCED SYSTEMATICS, LECTURE	BIO	BIO 205.01
ADVANCED SYSTEMATICS, LABORATORY	BIO	BIO 205.02
ADVANCED DEVELOPMENTAL BIOLOGY, LECTURE	BIO	BIO 206.01
ADVANCED DEVELOPMENTAL BIOLOGY, LABORATORY	BIO	BIO 206.02
ADVANCED PHYSIOLOGY, LECTURE	BIO	BIO 207.01
ADVANCED PHYSIOLOGY, LABORATORY	BIO	BIO 207.02
ADVANCED MYCOLOGY, LECTURE	BIO	BIO 220.21
ADVANCED MYCOLOGY, LABORATORY	BIO	BIO 220.22
ADVANCED VIROLOGY	BIO	BIO 221
ADVANCED BIOLOGY OF INVERTEBRATES, LECTURE	BIO	BIO 221.01
ADVANCED BIOLOGY OF INVERTEBRATES, LABORATORY	BIO	BIO 221.02
ADVANCED PARASITOLOGY, LECTURE	BIO	BIO 222.01
ADVANCED PARASITOLOGY, LABORATORY	BIO	BIO 222.02
GRADUATE SEMINAR IN BIOLOGY	BIO	BIO 290
COMPREHENSIVE EXAMINATIONS	BIO	BIO 296
CAPSTONE PROJECT PROPOSAL DEFENSE	BIO	BIO 298.19
SUBMISSION OF FINAL CAPSTONE PROJECT	BIO	BIO 298.66
SUBMISSION OF FINAL CAPSTONE PROJECT	BIO	BIO 298.77
THESIS I	BIO	BIO 299.1
THESIS PROPOSAL DEFENSE	BIO	BIO 299.19
THESIS II	BIO	BIO 299.2
ORAL DEFENSE	BIO	BIO 299.4
RESIDENCY	BIO	BIO 299.5
FINAL PAPER SUBMISSION	BIO	BIO 299.6
FINAL PAPER SUBMISSION	BIO	BIO 299.7
BIOPHYSICS, LECTURE	BIO	BIO 30.01
BIOPHYSICS, LABORATORY	BIO	BIO 30.02
BIOSTATISTICS, LECTURE	BIO	BIO 31.01
BIOSTATISTICS, LABORATORY	BIO	BIO 31.02
BIOSCIENCE ENTERPRISE	BIO	BIO 32
GRADUATE SEMINAR IN BIOLOGY 2	BIO	BIO 390.2
GRADUATE SEMINAR IN BIOLOGY 3	BIO	BIO 390.3
COMPREHENSIVE EXAMINATIONS	BIO	BIO 396
SUBMISSION OF FINAL CAPSTONE PROJECT	BIO	BIO 398.66
SUBMISSION OF FINAL CAPSTONE PROJECT	BIO	BIO 398.77
DISSERTATION I	BIO	BIO 399.1
DISSERTATION I	BIO	BIO 399.12
DISSERTATION PROPOSAL DEFENSE	BIO	BIO 399.19
DISSERTATION II	BIO	BIO 399.2
FINAL PAPER SUBMISSION	BIO	BIO 399.6
FINAL PAPER SUBMISSION	BIO	BIO 399.7
ORAL DEFENSE (MASTERS)	CH	CH DEF 200
ORAL DEFENSE (DOCTORAL)	CH	CH DEF 400
CHEMISTRY IN MODERN LIFE, LECTURE	CHEM	CHEM 10.01
CHEMISTRY IN MODERN LIFE, LABORATORY	CHEM	CHEM 10.02
MATHEMATICAL METHODS IN CHEMISTRY	CHEM	CHEM 107
PRINCIPLES OF CHEMISTRY, LECTURE	CHEM	CHEM 121.01
PRINCIPLES OF CHEMISTRY, LABORATORY	CHEM	CHEM 121.02
FUNDAMENTALS OF INORGANIC CHEMISTRY, LECTURE	CHEM	CHEM 122.01
FUNDAMENTALS OF INORGANIC CHEMISTRY, LABORATORY	CHEM	CHEM 122.02
QUANTITATIVE CHEMICAL ANALYSIS, LECTURE	CHEM	CHEM 131.01
QUANTITATIVE CHEMICAL ANALYSIS, LABORATORY	CHEM	CHEM 131.02
QUALITY ASSURANCE IN ANALYTICAL CHEMISTRY, LECTURE	CHEM	CHEM 132.41
QUALITY ASSURANCE IN ANALYTICAL CHEMISTRY, LABORATORY	CHEM	CHEM 132.42
INSTRUMENTAL CHEMICAL ANALYSIS, LECTURE	CHEM	CHEM 133.01
INSTRUMENTAL CHEMICAL ANALYSIS, LABORATORY	CHEM	CHEM 133.02
ORGANIC CHEMISTRY 1, LABORATORY	CHEM	CHEM 141.02
ORGANIC CHEMISTRY 2, LABORATORY	CHEM	CHEM 142.02
BIOCHEMISTRY 1, LECTURE	CHEM	CHEM 151.01
BIOCHEMISTRY 1, LABORATORY	CHEM	CHEM 151.02
BIOCHEMISTRY 2	CHEM	CHEM 152.01
INORGANIC COMPOUNDS AND REACTIONS, LECTURE	CHEM	CHEM 161.41
INORGANIC COMPOUNDS AND REACTIONS, LABORATORY	CHEM	CHEM 161.42
PHYSICAL CHEMISTRY 1, LECTURE	CHEM	CHEM 171.41
PHYSICAL CHEMISTRY 1, LABORATORY	CHEM	CHEM 171.42
PHYSICAL CHEMISTRY 2, LECTURE	CHEM	CHEM 172.41
PHYSICAL CHEMISTRY 2, LABORATORY	CHEM	CHEM 172.42
PRINCIPLES OF QUANTUM CHEMISTRY, LECTURE	CHEM	CHEM 173.31
PRINCIPLES OF QUANTUM CHEMISTRY, LABORATORY	CHEM	CHEM 173.32
ENVIRONMENTAL CHEMISTRY	CHEM	CHEM 184.1I
INTRODUCTION TO PHARMACEUTICAL CHEMISTRY	CHEM	CHEM 185.2I
UNDERGRADUATE SEMINAR 1	CHEM	CHEM 191
UNDERGRADUATE SEMINAR 2	CHEM	CHEM 192
PROFESSIONAL ENGAGEMENT	CHEM	CHEM 197
UNDERGRADUATE THESIS 1	CHEM	CHEM 199.1
UNDERGRADUATE THESIS 2	CHEM	CHEM 199.2
GENERAL CHEMISTRY I, LECTURE	CHEM	CHEM 21.11
GENERAL CHEMISTRY I, LABORATORY	CHEM	CHEM 21.12
GENERAL CHEMISTRY FOR ENGINEERS, LECTURE	CHEM	CHEM 21.31
GENERAL CHEMISTRY FOR ENGINEERS, LABORATORY	CHEM	CHEM 21.32
GENERAL CHEMISTRY II, LECTURE	CHEM	CHEM 22.11
GENERAL CHEMISTRY II, LABORATORY	CHEM	CHEM 22.12
ANALYTICAL CHEMISTRY LABORATORY I	CHEM	CHEM 231.32
ORGANIC CHEMISTRY:  PROTEINS	CHEM	CHEM 254.2
SPECIAL TOPICS IN BIOCHEMISTRY:  ENZYME CHEMISTRY	CHEM	CHEM 257.1
INORGANIC CHEMISTRY:  ORGANOMETALLICS	CHEM	CHEM 264
POLYMER CHEMISTRY	CHEM	CHEM 274.1
BIOPHYSICAL CHEMISTRY	CHEM	CHEM 275
SURFACES AND COLLOIDS	CHEM	CHEM 279.12
GRADUATE SEMINAR I	CHEM	CHEM 290.1
GRADUATE SEMINAR II	CHEM	CHEM 290.2
FUNDAMENTALS OF RESEARCH	CHEM	CHEM 292
COMPREHENSIVE EXAMINATIONS	CHEM	CHEM 296
SUBMISSION OF FINAL CAPSTONE PROJECT	CHEM	CHEM 298.66
SUBMISSION OF FINAL CAPSTONE PROJECT	CHEM	CHEM 298.77
THESIS I	CHEM	CHEM 299.1
THESIS PROPOSAL DEFENSE	CHEM	CHEM 299.19
THESIS II	CHEM	CHEM 299.2
ORAL DEFENSE	CHEM	CHEM 299.4
RESIDENCY	CHEM	CHEM 299.5
FINAL PAPER SUBMISSION	CHEM	CHEM 299.6
FINAL PAPER SUBMISSION	CHEM	CHEM 299.7
INTRODUCTION TO ANALYTICAL CHEMISTRY FOR BIOLOGISTS, LECTURE	CHEM	CHEM 31.21
INTRODUCTION TO ANALYTICAL CHEMISTRY FOR BIOLOGISTS, LABORATORY	CHEM	CHEM 31.22
APPLIED QUANTITATIVE ANALYSIS, LECTURE	CHEM	CHEM 33.51
APPLIED QUANTITATIVE ANALYSIS, LABORATORY	CHEM	CHEM 33.52
SURVEY OF ANALYTICAL CHEMISTRY, LECTURE	CHEM	CHEM 34.41
SURVEY OF ANALYTICAL CHEMISTRY, LABORATORY	CHEM	CHEM 34.42
APPLIED INSTRUMENTAL ANALYSIS, LECTURE	CHEM	CHEM 34.50
COMPREHENSIVE EXAMINATIONS	CHEM	CHEM 396
SUBMISSION OF FINAL CAPSTONE PROJECT	CHEM	CHEM 398.66
SUBMISSION OF FINAL CAPSTONE PROJECT	CHEM	CHEM 398.77
DISSERTATION I	CHEM	CHEM 399.1
DISSERTATION PROPOSAL	CHEM	CHEM 399.11
ORIGINAL RESEARCH PROPOSAL	CHEM	CHEM 399.12
DISSERTATION PROPOSAL DEFENSE	CHEM	CHEM 399.19
DISSERTATION II	CHEM	CHEM 399.2
DISSERTATION SEMINAR	CHEM	CHEM 399.21
ORAL DEFENSE	CHEM	CHEM 399.4
RESIDENCY	CHEM	CHEM 399.5
FINAL PAPER SUBMISSION	CHEM	CHEM 399.6
FINAL PAPER SUBMISSION	CHEM	CHEM 399.7
INTRODUCTION TO ORGANIC CHEMISTRY FOR BIOLOGISTS, LECTURE	CHEM	CHEM 41.21
INTRODUCTION TO ORGANIC CHEMISTRY FOR BIOLOGISTS, LABORATORY	CHEM	CHEM 41.22
SURVEY OF ORGANIC CHEMISTRY, LECTURE	CHEM	CHEM 43.11
SURVEY OF ORGANIC CHEMISTRY, LABORATORY	CHEM	CHEM 43.12
APPLIED ORGANIC CHEMISTRY I, LABORATORY	CHEM	CHEM 45.52
APPLIED ORGANIC CHEMISTRY II, LECTURE	CHEM	CHEM 46.50
BIOCHEMISTRY FOR BIOLOGISTS, LECTURE	CHEM	CHEM 51.21
BIOCHEMISTRY FOR BIOLOGISTS, LABORATORY	CHEM	CHEM 51.22
SURVEY OF BIOCHEMISTRY	CHEM	CHEM 53.10
APPLIED PHYSICAL CHEMISTRY I, LECTURE	CHEM	CHEM 73.51
APPLIED PHYSICAL CHEMISTRY I, LABORATORY	CHEM	CHEM 73.52
APPLIED PHYSICAL CHEMISTRY II, LECTURE	CHEM	CHEM 74.50
INDUSTRIAL CHEMICAL REACTIONS AND PROCESSES, LECTURE	CHEM	CHEM 81.51
INDUSTRIAL CHEMICAL REACTIONS AND PROCESSES, LABORATORY	CHEM	CHEM 81.52
TEACHING GENERAL CHEMISTRY	CHEMED	CHEMED 221.01
CREATIVITY AND PROBLEM AWARENESS	COMM	COMM 111
PUBLIC RELATIONS	COMM	COMM 113
PUBLIC RELATIONS: CREATING PR TOOLS	COMM	COMM 113.03
PUBLIC RELATIONS: EVENTS MANAGEMENT	COMM	COMM 113.04
PUBLIC RELATIONS: COMMUNICATION IN THE CORPORATE WORLD	COMM	COMM 113.05
ADVERTISING MANAGEMENT	COMM	COMM 115
SOCIAL MARKETING	COMM	COMM 116
INTRODUCTION TO MEDIA STUDIES	COMM	COMM 120
FEMINIST MEDIA STUDIES	COMM	COMM 120.1
GLOBAL MEDIA CULTURES	COMM	COMM 121
SPECIAL TOPICS IN PRINT JOURNALISM: ISSUES IN JOURNALISM	COMM	COMM 180.03
SPECIAL TOPICS IN PRINT JOURNALISM: SPORTSWRITING	COMM	COMM 180.04
SPECIAL TOPICS IN PRINT JOURNALISM:  EDITORIAL AND OPINION WRITING	COMM	COMM 180.05
SPECIAL TOPICS IN PRINT JOURNALISM:  WRITING ABOUT CULTURE	COMM	COMM 180.16
SPECIAL TOPICS IN ADVERTISING:  BRANDING OPPORTUNITIES AND CHALLENGES	COMM	COMM 182.04
SPECIAL TOPICS IN ADVERTISING: CREATIVE WRITING FOR ADVERTISING (PRINT, TV, COLLATERALS)	COMM	COMM 182.05
SPECIAL TOPICS IN ADVERTISING:  STRATEGIC PLANNING	COMM	COMM 182.14
SPECIAL TOPICS IN ADVERTISING: INTEGRATED MARKETING COMMUNICATIONS	COMM	COMM 182.15
SPECIAL TOPICS IN CULTURE AND COMMUNICATION: COMMUNICATION AND ENVIRONMENT	COMM	COMM 183.04
SPECIAL TOPICS IN CULTURE AND COMMUNICATION: THE ANTHROPOLOGY OF MEDIA	COMM	COMM 183.13
SPECIAL TOPICS IN CULTURE AND COMMUNICATION: GENDER AND THE MEDIA	COMM	COMM 183.16
SPECIAL TOPICS IN  PRODUCTION: FILM ACTING	COMM	COMM 185.09
SPECIAL TOPICS IN FILM PRODUCTION	COMM	COMM 186
SPECIAL TOPICS IN FILM PRODUCTION:  FEATURE FILM DIRECTING	COMM	COMM 186.05
COMMUNICATION SEMINAR: CONTEMPORARY ISSUES IN COMMUNICATION	COMM	COMM 190
FILM SEMINAR: ASIAN CINEMA	COMM	COMM 191.03
FILM SEMINAR:  THE KOREAN CINEMA	COMM	COMM 191.06
FILM SEMINAR: EUROPEAN CINEMA	COMM	COMM 191.08
FILM SEMINAR:  THE HORROR FILM	COMM	COMM 191.09
FILM SEMINAR:  PHILIPPINE CINEMA	COMM	COMM 191.14
FILM SEMINAR:  AMERICAN CINEMA	COMM	COMM 191.15
QUANTITATIVE METHODS IN COMMUNICATION RESEARCH	COMM	COMM 193
QUALITATIVE METHODS IN COMMUNICATION RESEARCH	COMM	COMM 194
PRACTICUM	COMM	COMM 197
COMMUNICATION THESIS 1	COMM	COMM 199.1
COMMUNICATION THESIS 2	COMM	COMM 199.2
COMMUNICATION THEORY	COMM	COMM 20
INTRODUCTION TO COMMUNICATION  AND COMMUNICATION THEORY	COMM	COMM 20.03
THEORIES OF HUMAN COMMUNICATION	COMM	COMM 20.04
THEORY AND PROCESS OF COMMUNICATION	COMM	COMM 201
COMMUNICATION AND SOCIAL CHANGE	COMM	COMM 202
PRODUCTION TECHNIQUES: VIDEO/TV PRODUCTION	COMM	COMM 203.04
PRODUCTION TECHNIQUES: PRINT JOURNALISM	COMM	COMM 203.07
MEDIA AND SOCIETY	COMM	COMM 21
GLOBAL MEDIA CULTURES	COMM	COMM 213
SOCIAL MARKETING	COMM	COMM 217
MEDIA LAW AND ETHICS	COMM	COMM 22
COMMUNICATION AND MANAGEMENT	COMM	COMM 222
COMMUNICATION FOR SOCIAL CHANGE	COMM	COMM 23
SCIENCE AND RISK COMMUNICATION	COMM	COMM 24
COMMUNICATION MANAGEMENT AND ENTREPRENEURSHIP	COMM	COMM 25
INFORMATION SOCIETY	COMM	COMM 26
VISUAL THINKING FOR COMMUNICATION MANAGERS	COMM	COMM 27
PHILOSOPHY AND/OF FILM	COMM	COMM 280.04
SEMINAR IN MEDIA AND SOCIETY:  NEW MEDIA CULTURE	COMM	COMM 290.04
RESEARCH METHODS IN COMMUNICATION	COMM	COMM 292
COMPREHENSIVE EXAMINATIONS	COMM	COMM 296
INDEPENDENT STUDY	COMM	COMM 298
THESIS I	COMM	COMM 299.1
THESIS PROPOSAL DEFENSE	COMM	COMM 299.19
THESIS II	COMM	COMM 299.2
ORAL DEFENSE	COMM	COMM 299.4
FINAL PAPER SUBMISSION	COMM	COMM 299.6
ADVERTISING PRACTICES AND PRINCIPLES	COMM	COMM 31
AUDIENCE AND CONSUMER RESEARCH	COMM	COMM 32
ADVERTISING IN THE DIGITAL WORLD	COMM	COMM 33
INTRODUCTION TO PRODUCTION (RADIO)	COMM	COMM 36
SOUND RECORDING	COMM	COMM 37
BASIC VIDEO/TV PRODUCTION TECHNIQUES	COMM	COMM 38
EDITING TECHNIQUES AND TECHNOLOGIES	COMM	COMM 39
PRODUCTION DESIGN AND MANAGEMENT	COMM	COMM 41
WRITING FOR FILM	COMM	COMM 42
CINEMATOGRAPHY	COMM	COMM 43
INTRODUCTION TO GRAPHIC DESIGN	COMM	COMM 44
AUDIO AND VIDEO PRODUCTION TECHNIQUES	COMM	COMM 47
BASIC PHOTOGRAPHY	COMM	COMM 48
ELEMENTS OF SCREEN ART	COMM	COMM 61
INTERDISCIPLINARY APPROACHES TO FILM STUDIES:  LITERATURE AND FILM	COMM	COMM 64.05
INTRODUCTION TO JOURNALISM	COMM	COMM 76
NEWSWRITING	COMM	COMM 77
FEATURE WRITING	COMM	COMM 78
INVESTIGATIVE JOURNALISM	COMM	COMM 80
BROADCAST JOURNALISM	COMM	COMM 83
SOCIAL MEDIA JOURNALISM	COMM	COMM 84
ISSUES IN SCIENCE COMMUNICATION	COMM	COMM 85
INTRODUCTION TO BROADCAST MEDIA	COMM	COMM 86
INDEPENDENT PUBLISHING	COMM	COMM 87
TECHNOLOGY AND CULTURAL FORM: TELEVISION	COMM	COMM 91.04
COMPREHENSIVE EXAMINATIONS	CPA	CPA 296
INTEGRATING PAPER	CPA	CPA 298
CAPSTONE PROJECT PROPOSAL DEFENSE	CPA	CPA 298.19
PROJECT DEVELOPMENT AND PRESENTATION	CPA	CPA 298.2
PROJECT DEVELOPMENT AND PRESENTATION	CPA	CPA 298.3
CAPSTONE PROJECT FINAL ORAL DEFENSE	CPA	CPA 298.44
THESIS I	CPA	CPA 299.1
THESIS PROPOSAL DEFENSE	CPA	CPA 299.19
THESIS II	CPA	CPA 299.2
ORAL DEFENSE	CPA	CPA 299.4
RESIDENCY	CPA	CPA 299.5
FINAL PAPER SUBMISSION	CPA	CPA 299.6
FINAL PAPER SUBMISSION	CPA	CPA 299.7
THE SCIENCE OF LEARNING: PEDAGOGY IN PRACTICE	CPA	CPA 334
CURRICULUM THEORY AND DESIGN	CPA	CPA 340
STUDENT EVALUATION: ASSESSMENT OF AND FOR LEARNING	CPA	CPA 345
ENGAGING IN SCHOLARLY RESEARCH AND REFLECTIVE PRACTICE	CPA	CPA 392
METHODS OF INQUIRY 1: QUANTITATIVE APPROACH TO INVESTIGATION	CPA	CPA 393
METHODS OF INQUIRY 2: QUALITATIVE APPROACH TO INVESTIGATION	CPA	CPA 394
COMPREHENSIVE EXAM	CPA	CPA 396
DISSERTATION 1	CPA	CPA 399.1
DISSERTATION PROPOSAL DEFENSE	CPA	CPA 399.19
DISSERTATION 2	CPA	CPA 399.2
PHILIPPINE LITERATURE AND ITS PRACTICE	CRWR	CRWR 100
WRITING FICTION: WORKSHOP 1	CRWR	CRWR 101.03
WRITING FICTION: WORKSHOP 2	CRWR	CRWR 101.04
WRITING FICTION: WORKSHOP 3	CRWR	CRWR 101.05
WRITING NONFICTION: WORKSHOP 1	CRWR	CRWR 102.03
WRITING NONFICTION: WORKSHOP 2	CRWR	CRWR 102.04
WRITING NONFICTION: WORKSHOP 3	CRWR	CRWR 102.05
WRITING POETRY: WORKSHOP 1	CRWR	CRWR 103.03
WRITING POETRY: WORKSHOP 2	CRWR	CRWR 103.04
PLAYWRITING: WORKSHOP 1	CRWR	CRWR 104.03
PLAYWRITING: WORKSHOP 2	CRWR	CRWR 104.04
PLAYWRITING: WORKSHOP 3	CRWR	CRWR 104.05
GENRE PRACTICES: DEVELOPMENT OF FICTION AND ITS PRACTICE	CRWR	CRWR 110.03
GENRE PRACTICES: DEVELOPMENT OF LITERARY NONFICTION AND ITS PRACTICE	CRWR	CRWR 110.04
GENRE PRACTICES: DEVELOPMENT OF POETRY AND ITS PRACTICE	CRWR	CRWR 110.05
GENRE PRACTICES: DEVELOPMENT OF PLAYWRITING AND ITS PRACTICE	CRWR	CRWR 110.06
PUBLISHING	CRWR	CRWR 120
WRITING FOR NEW AND EMERGENT MEDIA	CRWR	CRWR 130
POETICS	CRWR	CRWR 170
SPECIAL TOPICS IN CREATIVE WRITING: QUEER WRITING	CRWR	CRWR 180.03
SPECIAL TOPICS IN CREATIVE WRITING: PHILIPPINE MYTHOLOGY	CRWR	CRWR 180.04
CREATIVE WRITING THESIS: SENIOR PROJECT 1	CRWR	CRWR 199.1
CREATIVE WRITING THESIS: SENIOR PROJECT 2	CRWR	CRWR 199.2
INTEGRATIVE PROJECT	CS	CS 197B
INTEGRATIVE PROJECT	CS	CS 197C
PRACTICUM	CS	CS 199.1
INTRODUCTION TO ARTIFICIAL INTELLIGENCE	CSCI	CSCI 111
CONTEMPORARY DATABASES	CSCI	CSCI 112
BUSINESS INTELLIGENCE	CSCI	CSCI 113I
PATTERN RECOGNITION	CSCI	CSCI 114
DATA VISUALIZATION	CSCI	CSCI 117I
INTRODUCTION TO MULTIMEDIA SYSTEMS	CSCI	CSCI 130
ADVANCED MULTIMEDIA	CSCI	CSCI 131
3D ANIMATION AND MODELING	CSCI	CSCI 133
INTERACTIVE SOUND ART INSTALLATION	CSCI	CSCI 134.1I
HUMAN COMPUTER INTERACTION	CSCI	CSCI 142I
WEB PAGE DESIGN	CSCI	CSCI 152
BIG DATA PROCESSING	CSCI	CSCI 173
SPECIAL TOPICS IN LANGUAGES:  ENTERPRISE SYSTEMS PROGRAMMING	CSCI	CSCI 180.05
SPECIAL TOPICS IN SOFTWARE ENGINEERING: ANDROID DEVELOPMENT	CSCI	CSCI 181.04
NATURAL LANGUAGE PROCESSING	CSCI	CSCI 182.06
SPECIAL TOPICS IN THEORY:  ADVANCED COMPUTER SCIENCE PROBLEM SOLVING I	CSCI	CSCI 183.03
SPECIAL TOPICS IN THEORY: ADVANCED COMPUTER SCIENCE PROBLEM SOLVING 2	CSCI	CSCI 183.04
SPECIAL TOPICS IN NETWORKS AND SECURITY: CRYPTOGRAPHY AND NETWORK SECURITY	CSCI	CSCI 184.03
SPECIAL TOPICS IN BUSINESS COMPUTING: INTRODUCTION TO BLOCKCHAIN TECHNOLOGIES	CSCI	CSCI 186.53
PRACTICUM	CSCI	CSCI 197
THESIS WRITING I	CSCI	CSCI 199.1
THESIS WRITING II	CSCI	CSCI 199.2
THESIS WRITING III	CSCI	CSCI 199.3
INTRODUCTION TO COMPUTING	CSCI	CSCI 20
ADVANCED DATA STRUCTURES AND ALGORITHMS	CSCI	CSCI 201
PROGRAMMING LANGUAGES AND PARADIGMS	CSCI	CSCI 202
THEORY OF AUTOMATA AND FORMAL LANGUAGES	CSCI	CSCI 203
COMPUTER ARCHITECTURE AND OPERATING SYSTEMS	CSCI	CSCI 204
PROGRAMMING WITH DATABASES	CSCI	CSCI 205
DATABASE SYSTEMS	CSCI	CSCI 206
ADVANCED SYSTEMS ANALYSIS AND DESIGN	CSCI	CSCI 207
TECHNOLOGY AND PROJECT MANAGEMENT	CSCI	CSCI 208
COMPUTER NETWORKS AND OPERATING SYSTEMS	CSCI	CSCI 209
PROGRAMMING FUNDAMENTALS	CSCI	CSCI 21.13
INTRODUCTION TO ARTIFICIAL INTELLIGENCE	CSCI	CSCI 211
SPECIAL TOPICS IN SOFTWARE ENGINEERING:  CONTEMPORARY DATABASE TECHNOLOGIES	CSCI	CSCI 212
BUSINESS INTELLIGENCE	CSCI	CSCI 213
PATTERN RECOGNITION	CSCI	CSCI 214
DATA VISUALIZATION	CSCI	CSCI 217
ADVANCED MULTIMEDIA SYSTEMS	CSCI	CSCI 231
SEMINAR:MULTIMEDIA APPLICATIONS	CSCI	CSCI 234.1
LEARNING THEORY AND INSTRUCTIONAL SOFTWARE DESIGN	CSCI	CSCI 241
HUMAN COMPUTER INTERACTION	CSCI	CSCI 242
INTRODUCTION TO PROGRAMMING AND DATABASES	CSCI	CSCI 25
INTRODUCTION TO SOCIAL COMPUTING	CSCI	CSCI 261.03
DATA MINING	CSCI	CSCI 271
BIG DATA PROCESSING	CSCI	CSCI 273
SPECIAL TOPICS:  OBJECT ORIENTED PROGRAMMING FOR MOBILE SYSTEMS	CSCI	CSCI 281.04
NATURAL LANGUAGE PROCESSING	CSCI	CSCI 282.06
SPECIAL TOPICS: BUSINESS PROGRAMMING	CSCI	CSCI 286.51
METHODS OF RESEARCH IN COMPUTER SCIENCE	CSCI	CSCI 292
COMPREHENSIVE EXAMINATIONS	CSCI	CSCI 296
INDEPENDENT PROJECT I	CSCI	CSCI 298.1
CAPSTONE PROJECT PROPOSAL DEFENSE	CSCI	CSCI 298.19
INDEPENDENT PROJECT II	CSCI	CSCI 298.2
INNOVATION PROJECT 1	CSCI	CSCI 298.3
INNOVATION PROJECT 2	CSCI	CSCI 298.4
CAPSTONE PROJECT FINAL ORAL DEFENSE	CSCI	CSCI 298.44
DATA SCIENCE PROJECT I	CSCI	CSCI 298.5
DATA SCIENCE PROJECT II	CSCI	CSCI 298.6
SUBMISSION OF FINAL CAPSTONE PROJECT	CSCI	CSCI 298.66
SUBMISSION OF FINAL CAPSTONE PROJECT	CSCI	CSCI 298.77
THESIS I	CSCI	CSCI 299.1
THESIS PROPOSAL DEFENSE	CSCI	CSCI 299.19
THESIS II	CSCI	CSCI 299.2
ORAL DEFENSE	CSCI	CSCI 299.4
RESIDENCY FOR MASTER'S LEVEL	CSCI	CSCI 299.5
FINAL PAPER SUBMISSION	CSCI	CSCI 299.6
FINAL PAPER SUBMISSION	CSCI	CSCI 299.7
DATA STRUCTURES AND ALGORITHMS	CSCI	CSCI 30
SPECIAL TOPICS IN COMPUTER SCIENCE THEORY:  ADVANCED ALGORITHMS	CSCI	CSCI 301
SPECIAL TOPICS IN COMPUTER SCIENCE THEORY:  PATTERN RECOGNITION	CSCI	CSCI 314
SPECIAL TOPICS IN COMPUTER SCIENCE THEORY:  DATA MINING	CSCI	CSCI 371
ADVANCED RESEARCH METHODS I	CSCI	CSCI 390.1
ADVANCED RESEARCH METHODS II	CSCI	CSCI 390.2
COMPREHENSIVE EXAMINATIONS	CSCI	CSCI 396
SUBMISSION OF FINAL CAPSTONE PROJECT	CSCI	CSCI 398.66
SUBMISSION OF FINAL CAPSTONE PROJECT	CSCI	CSCI 398.77
DISSERTATION I	CSCI	CSCI 399.1
DISSERTATION PROPOSAL DEFENSE	CSCI	CSCI 399.19
DISSERTATION II	CSCI	CSCI 399.2
ORAL DEFENSE	CSCI	CSCI 399.4
RESIDENCY FOR DOCTORAL LEVEL	CSCI	CSCI 399.5
FINAL PAPER SUBMISSION	CSCI	CSCI 399.6
FINAL PAPER SUBMISSION	CSCI	CSCI 399.7
SOFTWARE TOOLS AND DEVELOPMENT FRAMEWORKS	CSCI	CSCI 40
INTRODUCTION TO SOFTWARE ENGINEERING	CSCI	CSCI 42
COMPUTER ORGANIZATION, LECTURE	CSCI	CSCI 50.01
COMPUTER ORGANIZATION, LABORATORY	CSCI	CSCI 50.02
OPERATING SYSTEMS, LECTURE	CSCI	CSCI 51.01
OPERATING SYSTEMS, LABORATORY	CSCI	CSCI 51.02
COMPUTER NETWORKS AND DATA COMMUNICATIONS	CSCI	CSCI 60
INFORMATION ASSURANCE AND SECURITY	CSCI	CSCI 61
STRUCTURE AND INTERPRETATION OF PROGRAMMING LANGUAGES	CSCI	CSCI 70
THEORY OF COMPUTATION	CSCI	CSCI 71
CHINESE MANDARIN AND CULTURE 1	CSP	CSP 11
CHINESE MANDARIN AND CULTURE 2	CSP	CSP 12
CHINESE COMPOSITION: NAVIGATING INFORMAL TO FORMAL DISCOURSE	CSP	CSP 13
CHINESE COMPOSITION: OFFICIAL DOCUMENTATION	CSP	CSP 14
LINGUISTIC EXPLORATIONS IN MODERN CHINESE LITERARY FORMS	CSP	CSP 15
HOKKIEN 1	CSP	CSP 18
RESEARCH METHODS	CSP	CSP 192
RESEARCH IN CHINESE STUDIES	CSP	CSP 199
ASPECTS OF CHINA	CSP	CSP 211
MODERN CHINESE ECONOMY	CSP	CSP 31
GOVERNMENT AND POLITICS OF CHINA	CSP	CSP 32
CHINA'S FOREIGN POLICY	CSP	CSP 33
INTRODUCTION TO CHINESE SOCIETY	CSP	CSP 35
FOOD AND CHINESE CULTURE	CSP	CSP 36
CONTEMPORARY HISTORY OF CONFLICTS IN EAST ASIA	CSP	CSP 37
CHINESE LITERATURE: FROM TRADITION TO GLOBAL INFLUENCE	CSP	CSP 41
CULTURAL DUE DILIGENCE: CONSIDERATIONS FOR BUSINESS IN AND WITH CHINA	CSP	CSP 50I
HISTORY AND CULTURE IN CHINESE FILMS	CSP	CSP 55
CROSS CULTURAL COMMUNICATION IN A CHINESE CONTEXT	CSP	CSP 57
SCIENCE AND TECHNOLOGY IN CHINA	CSP	CSP 61I
COMPARATIVE PERSPECTIVES IN HUMAN ANATOMY & PHYSIOLOGY	CSP	CSP 62I
CHINESE ART AND SOCIETY	CSP	CSP 71I
CONTEMPORARY CHINESE ART: AN INTRODUCTION	CSP	CSP 73
THE ETHNIC CHINESE IN PHILIPPINE LIFE	CSP	CSP 80
HISTORY OF CHINA	CSP	CSP 90
HISTORY OF CHINA: LATE CH'ING TO EARLY 21ST CENTURY	CSP	CSP 90.15
MARKETING ANALYTICS	DECSC	DECSC 132
FINANCIAL ANALYTICS AND APPLICATIONS OF QUANTITATIVE FINANCE	DECSC	DECSC 134
SYSTEM DYNAMICS MODELLING	DECSC	DECSC 141
INTRODUCTION TO DECISION MAKING AND MANAGEMENT SCIENCE	DECSC	DECSC 22
CREATIVE THINKING AND INNOVATION MANAGEMENT	DECSC	DECSC 25
DECISION ANALYSIS	DECSC	DECSC 31
INTRODUCTION TO BUSINESS ANALYTICS	DECSC	DECSC 33
SYSTEMS THINKING FOR SUSTAINABILITY	DECSCI	DECSCI 242.50
PERSPECTIVES IN DEVELOPMENT: ECONOMICS	DEV	DEV 100.1
PERSPECTIVES IN DEVELOPMENT: POLITICS	DEV	DEV 100.2
PERSPECTIVES IN DEVELOPMENT: SOCIOLOGY	DEV	DEV 100.3
SURVEY OF SOCIAL DEVELOPMENT APPROACHES	DEV	DEV 105I
COMMUNITY DEVELOPMENT AND SOCIAL CHANGE	DEV	DEV 106.1I
PROJECT MANAGEMENT	DEV	DEV 107
COMMUNICATION FOR DEVELOPMENT	DEV	DEV 108
INSTITUTIONS AND DEVELOPMENT	DEV	DEV 109
SPECIAL TOPICS IN HUMANITARIAN ACTION: HUMANITARIAN ACTION OF THE PHILIPPINES	DEV	DEV 181.1I
SPECIAL TOPICS IN HUMANITARIAN ACTION: DISASTER RISK REDUCTION AND SOCIETY	DEV	DEV 181.2I
SPECIAL TOPICS IN HUMANITARIAN ACTION: HUMAN RIGHTS AND DEVELOPMENT	DEV	DEV 181.4I
SPECIAL TOPICS IN HUMANITARIAN ACTION: MULTIDISCIPLINARY APPROACHES TO HUMANITARIAN ASSISTANCE	DEV	DEV 181.5I
SPECIAL TOPICS IN DEVELOPMENT MANAGEMENT: IMMERSION/WORK CAMP	DEV	DEV 183.19
SPECIAL TOPICS IN DEVELOPMENT MANAGEMENT:MONITORING AND EVALUATION OF DEVELOPMENT PROGRAMS	DEV	DEV 183.23I
SPECIAL TOPICS IN DEVELOPMENT MANAGEMENT: CREATING SHARED VALUE FOR PRACTITIONERS	DEV	DEV 183.24I
SPECIAL TOPICS IN DEVELOPMENT MANAGEMENT: COMMUNITY ORGANIZATION	DEV	DEV 183.36
SPECIAL TOPICS IN DEVELOPMENT MANAGEMENT:SOCIAL ACCOUNTABILITY	DEV	DEV 183.40
SPECIAL TOPICS IN DEVELOPMENT STUDIES: LOCAL GOVERNMENT	DEV	DEV 186.14
SPECIAL TOPICS IN DEVELOPMENT STUDIES: INEQUALITY	DEV	DEV 186.26
SPECIAL TOPICS IN DEVELOPMENT STUDIES: GENDER AND DEVELOPMENT	DEV	DEV 186.39
SPECIAL TOPICS IN DEVELOPMENT STUDIES: ISSUES IN SUSTAINABLE DEVELOPMENT	DEV	DEV 186.44
SPECIAL TOPICS IN DEVELOPMENT STUDIES: DEVELOPMENT POLICY	DEV	DEV 186.48
SPECIAL TOPICS IN DEVELOPMENT STUDIES: URBANIZATION	DEV	DEV 186.55
SPECIAL TOPICS IN DEVELOPMENT STUDIES: LEGAL ISSUES IN DEVELOPMENT	DEV	DEV 186.56
SPECIAL TOPICS IN DEVELOPMENT STUDIES: SCIENCE, TECHNOLOGY, INNOVATION AND DEVELOPMENT	DEV	DEV 186.76I
SPECIAL TOPICS IN DEVELOPMENT STUDIES: JUST TRANSITION IN CLIMATE RESILIENT DEVELOPMENT	DEV	DEV 186.99I
SPECIAL TOPICS IN GEOGRAPHY AND DEVELOPMENT: RADICAL GEOGRAPHY AND THE FUTURE OF DEVELOPMENT	DEV	DEV 187.2
SPECIAL TOPICS IN CONTEMPORARY DEVELOPMENT ISSUES: THE POLITICAL ECONOMY OF HEALTH AND DEVELOPMENT	DEV	DEV 189.8
SPECIAL TOPICS IN CONTEMPORARY DEVELOPMENT ISSUES: SURVEY OF PUBLIC HEALTH INTERVENTIONS	DEV	DEV 189.83I
STATISTICS FOR DEVELOPMENT	DEV	DEV 193.1
QUANTITATIVE RESEARCH METHODS	DEV	DEV 193.2
QUALITATIVE RESEARCH METHODS	DEV	DEV 194
PRACTICUM IN SOCIAL DEVELOPMENT	DEV	DEV 197.1
RESEARCH IN DEVELOPMENT ISSUES	DEV	DEV 198.1
FIELD SPECIALIZATION	DEV	DEV 198.2
RISK GOVERNANCE	DIRR	DIRR 204
TECHNOLOGIES FOR DISASTER RESILIENCE	DIRR	DIRR 205
DISASTER RISK STATISTICS AND DATA ANALYSIS	DIRR	DIRR 206
QUANTITATIVE-QUALITATIVE RESEARCH METHODS FOR DISASTER RISK AND RESILIENCE	DIRR	DIRR 207
INTEGRATIVE SEMINAR AND FIELD APPLICATIONS	DIRR	DIRR 290
COMPREHENSIVE EXAMINATIONS	DIRR	DIRR 296
PROJECT I	DIRR	DIRR 298.1
PROJECT II	DIRR	DIRR 298.2
CAPSTONE PROJECT FINAL ORAL DEFENSE	DIRR	DIRR 298.44
SUBMISSION OF FINAL CAPSTONE PROJECT	DIRR	DIRR 298.66
DISCERNING LIFE QUESTIONS: TOWARDS LEADERSHIP AND COMMITMENT	DLQ	DLQ 10
PRINCIPLES OF ECONOMICS	ECON	ECON 110
INTERMEDIATE MICROECONOMIC THEORY	ECON	ECON 111
INTERMEDIATE MACROECONOMIC THEORY	ECON	ECON 112
ECONOMICS OF MONEY AND BANKING	ECON	ECON 113
INTERNATIONAL FINANCE	ECON	ECON 114
INTRODUCTION TO MATHEMATICAL ECONOMICS	ECON	ECON 115
STATISTICS FOR ECONOMISTS	ECON	ECON 116
INTRODUCTION TO ECONOMETRICS I, LECTURE	ECON	ECON 117.01
INTRODUCTION TO ECONOMETRICS I, LABORATORY	ECON	ECON 117.02
INTRODUCTION TO ECONOMETRICS II, LECTURE	ECON	ECON 118.01
INTRODUCTION TO ECONOMETRICS II, LABORATORY	ECON	ECON 118.02
DEVELOPMENT ECONOMICS	ECON	ECON 121
INTERNATIONAL TRADE	ECON	ECON 122
MANAGERIAL ECONOMICS	ECON	ECON 141
FINANCIAL ECONOMICS	ECON	ECON 142
OPTIONS, FUTURES, AND OTHER DERIVATIVES	ECON	ECON 143
ECONOMICS OF PUBLIC FINANCE	ECON	ECON 150
ECONOMIC DEMOGRAPHY	ECON	ECON 154I
ECONOMICS OF EDUCATION	ECON	ECON 156
URBAN AND REGIONAL DEVELOPMENT	ECON	ECON 157
ECONOMICS OF NATURAL RESOURCE AND ENVIRONMENT	ECON	ECON 159
ECONOMICS OF COMPETITIVENESS AND PRODUCTIVITY STRATEGIES	ECON	ECON 185.31I
SPECIAL TOPICS IN ECONOMICS: SOCIAL, POLITICAL, AND ECOLOGICAL ECONOMICS	ECON	ECON 185.61
ECONOMICS OF LABOR AND EMPLOYMENT LAW	ECON	ECON 185.65I
SPECIAL TOPICS IN ECONOMICS: THE ECONOMY OF COMMUNION	ECON	ECON 185.68I
LAW, ECONOMICS, AND PUBLIC POLICY	ECON	ECON 185.69I
UNDERSTANDING MONEY BEHAVIOR THROUGH BEHAVIORAL SCIENCE	ECON	ECON 185.77I
DATA SCIENCE FOR ECONOMISTS	ECON	ECON 185.78I
PRACTICUM	ECON	ECON 197
ECONOMIC RESEARCH I	ECON	ECON 199.1
PRICE AND ALLOCATION THEORY	ECON	ECON 201
MACROECONOMIC THEORY	ECON	ECON 202
MATHEMATICAL ECONOMICS	ECON	ECON 205
STATISTICS FOR ECONOMISTS	ECON	ECON 206
ECONOMETRICS	ECON	ECON 207
ECONOMICS OF DEVELOPMENT	ECON	ECON 221
INTERNATIONAL ECONOMICS	ECON	ECON 222
ECONOMICS OF PUBLIC FINANCE	ECON	ECON 250
URBAN AND REGIONAL DEVELOPMENT	ECON	ECON 257
ECONOMICS OF NATURAL RESOURCES AND ENVIRONMENT	ECON	ECON 259
APPLIED ECONOMICS FOR MANAGERS	ECON	ECON 271
SPECIAL TOPICS IN ECONOMICS:  INTERNATIONAL FINANCE	ECON	ECON 285.45
COMPREHENSIVE EXAMINATION	ECON	ECON 296
CAPSTONE PROJECT	ECON	ECON 298
MASTER'S THESIS	ECON	ECON 299.1
THESIS PROPOSAL DEFENSE	ECON	ECON 299.19
MASTER'S THESIS	ECON	ECON 299.2
ORAL DEFENSE	ECON	ECON 299.4
FINAL PAPER SUBMISSION	ECON	ECON 299.6
ADVANCED MICROECONOMIC THEORY I	ECON	ECON 301
ADVANCED MACROECONOMIC THEORY I	ECON	ECON 302
ADVANCED MACROECONOMIC THEORY II	ECON	ECON 304
ADVANCED ECONOMETRICS	ECON	ECON 307
HISTORY OF ECONOMICS	ECON	ECON 309.1
ECONOMICS OF DEVELOPMENT	ECON	ECON 321
ECONOMICS OF PUBLIC FINANCE	ECON	ECON 350
URBAN AND REGIONAL DEVELOPMENT	ECON	ECON 357
ECONOMICS OF NATURAL RESOURCES AND ENVIRONMENT	ECON	ECON 359
SPECIAL TOPICS IN ECONOMICS:  INTERNATIONAL FINANCE	ECON	ECON 385.45
WORKSHOP IN ECONOMICS	ECON	ECON 390.1
WORKSHOP IN ECONOMICS II	ECON	ECON 390.2
COMPREHENSIVE EXAMINATION	ECON	ECON 396
DISSERTATION I	ECON	ECON 399.1
DISSERTATION PROPOSAL DEFENSE	ECON	ECON 399.19
DISSERTATION II	ECON	ECON 399.2
ORAL DEFENSE	ECON	ECON 399.4
FINAL PAPER SUBMISSION	ECON	ECON 399.6
FINAL PAPER SUBMISSION	ECON	ECON 399.7
HISTORICAL AND PHILOSOPHICAL FOUNDATIONS OF EDUCATION	EDUC	EDUC 101I
PRINCIPLES AND METHODS OF LEARNER-CENTERED TEACHING	EDUC	EDUC 130
SOCIAL AND EMOTIONAL LEARNING	EDUC	EDUC 132.2
EDUCATIONAL PSYCHOLOGY	EDUC	EDUC 132I
CULTURES AND CLIMATES FOR LEARNING	EDUC	EDUC 133
PRINCIPLES OF LEARNING	EDUC	EDUC 134
CHILD EDUCATION AND ADOLESCENT LEARNING	EDUC	EDUC 135
CURRICULUM DEVELOPMENT	EDUC	EDUC 140
CLASSROOM ASSESSMENT	EDUC	EDUC 145
EDUCATION RESEARCH	EDUC	EDUC 192
FOUNDATIONS OF EDUCATION:THE SOCIAL DIMENSION OF EDUCATION	EDUC	EDUC 201.1
SCHOOL ADMINISTRATION AND MANAGEMENT:  THEORY AND PRACTICE	EDUC	EDUC 220
THE PHILIPPINE GOVERNMENT AND THE SCHOOLS	EDUC	EDUC 222
SUPERVISION OF CLASSROOM INSTRUCTION	EDUC	EDUC 224
EFFECTIVE TEACHING STRATEGIES	EDUC	EDUC 230.1
PSYCHOLOGY OF LEARNING AND TEACHING	EDUC	EDUC 232
MODERN TRENDS AND DIRECTIONS IN CURRICULUM AND TEACHING	EDUC	EDUC 241
ASSESSMENT AND EVALUATION OF LEARNING	EDUC	EDUC 245
MEDIA AND TECHNOLOGY APPLICATION	EDUC	EDUC 251
FUNDAMENTALS OF REGISTRARSHIP	EDUC	EDUC 255
RECORDS AND DATABASE MANAGEMENT	EDUC	EDUC 255.1
SYSTEMS ANALYSIS AND DESIGN WITH BUSINESS PROCESS REENGINEERING	EDUC	EDUC 255.2
EFFECTIVE COMMUNICATION	EDUC	EDUC 256
FOUNDATIONS AND NATURE OF GUIDANCE	EDUC	EDUC 260
MOVING FROM CHILDHOOD TO ADULTHOOD	EDUC	EDUC 262.2
COUNSELING TECHNIQUES	EDUC	EDUC 263.1
PERSONALITY AND COUNSELING THEORIES	EDUC	EDUC 263.3
PSYCHOLOGICAL MEASUREMENTS AND EVALUATION	EDUC	EDUC 265
SUPERVISED FIELD WORK AND PRACTICE IN GUIDANCE	EDUC	EDUC 267
METHODS AND MATERIALS OF RESEARCH	EDUC	EDUC 292
STATISTICS FOR TEACHERS	EDUC	EDUC 293
COMPREHENSIVE EXAMINATIONS	ELM	ELM 296
INTEGRATING PAPER	ELM	ELM 298
THESIS I	ELM	ELM 299.1
THESIS PROPOSAL DEFENSE	ELM	ELM 299.19
THESIS II	ELM	ELM 299.2
ORAL DEFENSE	ELM	ELM 299.4
RESIDENCY	ELM	ELM 299.5
FINAL PAPER SUBMISSION	ELM	ELM 299.6
FINAL PAPER SUBMISSION	ELM	ELM 299.7
PROFESSIONALISM IN EDUCATION	ELM	ELM 302
SCHOOL ADMINISTRATION & MANAGEMENT: THEORY AND PRACTICE	ELM	ELM 320
THE PHILIPPINE GOVERNMENT AND SCHOOLS	ELM	ELM 322
SUPERVISION AND PROFESSIONAL DEVELOPMENT FOR EFFECTIVE TEACHING	ELM	ELM 323
LEARNING AND LEADERSHIP IN THE 21ST CENTURY	ELM	ELM 327
EDUCATIONAL PLANNING AND POLICY ANALYSIS	ELM	ELM 328
COMPREHENSIVE EXAM	ELM	ELM 396
DISSERTATION 1	ELM	ELM 399.1
DISSERTATION PROPOSAL DEFENSE	ELM	ELM 399.19
DISSERTATION 2	ELM	ELM 399.2
DISSERTATION FINAL ORAL DEFENSE	ELM	ELM 399.4
SUBMISSION OF FINAL DISSERTATION	ELM	ELM 399.6
SUBMISSION OF FINAL DISSERTATION	ELM	ELM 399.7
STORY AND NARRATIVE IN THE HUMANITIES	ENE	ENE 13.03I
STORY AND NARRATIVE IN MANAGEMENT	ENE	ENE 13.04I
STORY AND NARRATIVE IN SCIENCE AND ENGINEERING	ENE	ENE 13.05I
STORY AND NARRATIVE IN THE SOCIAL SCIENCES	ENE	ENE 13.06I
ENGINEERING WORKSHOP AND PRACTICES	ENGG	ENGG 10
CIRCUITS I, LECTURE	ENGG	ENGG 101.01
CIRCUITS I, LABORATORY	ENGG	ENGG 101.02
CIRCUITS II, LECTURE	ENGG	ENGG 102.01
CIRCUITS II, LABORATORY	ENGG	ENGG 102.02
CIRCUITS AND SENSORS	ENGG	ENGG 104.03
FUNDAMENTALS OF ANALOG ELECTRONICS AND PHOTONICS	ENGG	ENGG 104.13
COMPUTER-AIDED DRAFTING	ENGG	ENGG 11
ELECTRONICS I, LECTURE	ENGG	ENGG 111.01
ELECTRONICS I, LABORATORY	ENGG	ENGG 111.02
ELECTRONICS II, LECTURE	ENGG	ENGG 112.01
ELECTRONICS II, LABORATORY	ENGG	ENGG 112.02
ELECTRONICS III, LECTURE	ENGG	ENGG 113.01
ELECTRONICS III, LABORATORY	ENGG	ENGG 113.02
FUNDAMENTALS OF MICROCONTROLLERS	ENGG	ENGG 115.03
LOGIC CIRCUITS AND SWITCHING THEORY, LECTURE	ENGG	ENGG 121.01
LOGIC CIRCUITS AND SWITCHING THEORY, LABORATORY	ENGG	ENGG 121.02
MICROPROCESSORS AND MICROCONTROLLERS, LECTURE	ENGG	ENGG 122.01
MICROPROCESSORS AND MICROCONTROLLERS, LABORATORY	ENGG	ENGG 122.02
COMPUTER ARCHITECTURE AND ORGANIZATION, LECTURE	ENGG	ENGG 123.01
COMPUTER ARCHITECTURE AND ORGANIZATION, LABORATORY	ENGG	ENGG 123.02
EMBEDDED SYSTEMS, LECTURES	ENGG	ENGG 124.01
EMBEDDED SYSTEMS, LABORATORY	ENGG	ENGG 124.02
HARDWARE DESCRIPTION LANGUAGE	ENGG	ENGG 125.03
OPERATING SYSTEMS	ENGG	ENGG 126
ANALOG COMMUNICATION, LECTURE	ENGG	ENGG 141.01
ANALOG COMMUNICATION, LABORATORY	ENGG	ENGG 141.02
DIGITAL COMMUNICATIONS, LECTURE	ENGG	ENGG 142.01
DIGITAL COMMUNICATIONS, LABORATORY	ENGG	ENGG 142.02
DIGITAL COMMUNICATIONS FOR CPE	ENGG	ENGG 142.20
DATA COMMUNICATION AND NETWORKING, LECTURE	ENGG	ENGG 143.01
DATA COMMUNICATION AND NETWORKING, LABORATORY	ENGG	ENGG 143.02
TRANSMISSION MEDIA AND ANTENNA SYSTEMS, LECTURE	ENGG	ENGG 144.01
TRANSMISSION MEDIA AND ANTENNA SYSTEMS, LABORATORY	ENGG	ENGG 144.02
SIGNALS, SPECTRA, AND SIGNAL PROCESSING, LECTURE	ENGG	ENGG 151.01
SIGNALS, SPECTRA, AND SIGNAL PROCESSING, LABORATORY	ENGG	ENGG 151.02
FEEDBACK AND CONTROL SYSTEMS, LECTURE	ENGG	ENGG 152.01
FEEDBACK AND CONTROL SYSTEMS, LABORATORY	ENGG	ENGG 152.02
FUNDAMENTALS OF MIXED SIGNALS AND SENSORS	ENGG	ENGG 156
COMPUTER ENGINEERING DRAFTING AND DESIGN	ENGG	ENGG 16.22
ENGINEERING ECONOMY	ENGG	ENGG 160
ENGINEERING MANAGEMENT	ENGG	ENGG 161
PROJECT PROPOSAL I	ENGG	ENGG 164.03
PROJECT IMPLEMENTATION I	ENGG	ENGG 164.13
CONTROL AND AUTOMATION	ENGG	ENGG 166.03
TECHNOPRENEURSHIP 101	ENGG	ENGG 168
BASIC OCCUPATIONAL HEALTH AND SAFETY	ENGG	ENGG 170
COMPUTER ENGINEERING AS A DISCIPLINE	ENGG	ENGG 171.20
ECE LAWS, CONTRACT, ETHICS, STANDARDS, AND SAFETY	ENGG	ENGG 178.10
CPE LAWS, CONTRACT, ETHICS, STANDARDS, AND SAFETY	ENGG	ENGG 178.20
HACKATHON I	ENGG	ENGG 180.03
FOUNDATIONS OF SEMICONDUCTOR AND VLSI	ENGG	ENGG 181.11I
FOUNDATIONS OF SEMICONDUCTOR AND VLSI, LABORATORY	ENGG	ENGG 181.12
COMMUNICATIONS TECHNOLOGY AND SOCIETY, LABORATORY	ENGG	ENGG 183.02
INTRODUCTION TO WIRELESS SENSOR NETWORK, LECTURE	ENGG	ENGG 183.31
INTRODUCTION TO WIRELESS SENSOR NETWORK, LABORATORY	ENGG	ENGG 183.32
ENERGY AND SOCIETY, LABORATORY	ENGG	ENGG 184.02
ENERGY GENERATION AND STORAGE, LECTURE	ENGG	ENGG 184.11
ENERGY MANAGEMENT AND INTELLIGENT SYSTEMS, LABORATORY	ENGG	ENGG 184.32
EMERGING TECHNOLOGIES	ENGG	ENGG 189
SEMINARS	ENGG	ENGG 190
RESEARCH METHODS	ENGG	ENGG 192
ON-THE-JOB TRAINING	ENGG	ENGG 197
CAPSTONE PROJECT II	ENGG	ENGG 198.13
THESIS I	ENGG	ENGG 199.1
THESIS II	ENGG	ENGG 199.2
ENGINEERING DATA ANALYSIS	ENGG	ENGG 21
DISCRETE MATHEMATICS	ENGG	ENGG 24
DIFFERENTIAL EQUATIONS	ENGG	ENGG 25
ADVANCE ENGINEERING MATH WITH NUMERICAL METHODS, LECTURE	ENGG	ENGG 27.01
ADVANCE ENGINEERING MATH WITH NUMERICAL METHODS, LABORATORY	ENGG	ENGG 27.02
SPECIAL TOPICS	ENGG	ENGG 289
THESIS PROPOSAL DEFENSE	ENGG	ENGG 299.19
THESIS II	ENGG	ENGG 299.2
ORAL DEFENSE	ENGG	ENGG 299.4
RESIDENCY	ENGG	ENGG 299.5
FINAL PAPER SUBMISSION	ENGG	ENGG 299.6
FINAL PAPER SUBMISSION	ENGG	ENGG 299.7
INTRODUCTION TO PROGRAMMING FOR ENGINEERS	ENGG	ENGG 30.02
INTRODUCTION TO PROGRAMMING FOR SCIENTISTS	ENGG	ENGG 30.30
OBJECT ORIENTED PROGRAMMING	ENGG	ENGG 31
DATA STRUCTURES AND ALGORITHMS	ENGG	ENGG 32
SOFTWARE DEVELOPMENT	ENGG	ENGG 38
ENGINEERING PHYSICS, LECTURE	ENGG	ENGG 40.01
ENGINEERING PHYSICS, LABORATORY	ENGG	ENGG 40.02
MATERIALS SCIENCE AND ENGINEERING	ENGG	ENGG 48
MECHANISMS AND FUNCTIONAL ANALYSIS, LECTURE	ENGG	ENGG 94.01
MECHANISMS AND FUNCTIONAL ANALYSIS, LABORATORY	ENGG	ENGG 94.02
COMMUNICATION IN ENGLISH	ENGL	ENGL 10
LEARNING ENGLISH FOR ACADEMIC PURPOSES 2	ENGL	ENGL 10.1
PURPOSIVE COMMUNICATION	ENGL	ENGL 11
ENGLISH LANGUAGE AND LITERATURE TEACHING:  EFFECTIVE COMMUNICATION SKILLS	ENGL	ENGL 200
THEORIES OF LANGUAGE AND LANGUAGE LEARNING	ENGL	ENGL 201
FUNDAMENTALS OF (ESL) ENGLISH AS A SECOND LANGUAGE RESEARCH	ENGL	ENGL 202
EVALUATION PROCEDURES IN LANGUAGE AND LITERATURE TEACHING	ENGL	ENGL 203
THEORIES AND PRACTICES OF WRITING	ENGL	ENGL 204
PRINCIPLES AND PRACTICES OF LANGUAGE TEACHING	ENGL	ENGL 205
PRINCIPLES AND PRACTICES OF LITERATURE TEACHING	ENGL	ENGL 206
READING LITERATURE	ENGL	ENGL 207
SOCIOLINGUISTICS	ENGL	ENGL 208
INTERFACING LANGUAGE AND LITERATURE	ENGL	ENGL 218
ELLT SEMINAR:  CRITICAL LANGUAGE PEDAGOGY	ENGL	ENGL 223
ENGLISH LANGUAGE AND LITERATURE TEACHING:  ORAL PRESENTATION SKILLS FOR TEACHERS	ENGL	ENGL 226
COMPREHENSIVE EXAMINATIONS	ENGL	ENGL 296
ELLT REFLECTIVE PRACTICE	ENGL	ENGL 298
SUBMISSION OF FINAL CAPSTONE PROJECT	ENGL	ENGL 298.66
SUBMISSION OF FINAL CAPSTONE PROJECT	ENGL	ENGL 298.77
THESIS I	ENGL	ENGL 299.1
THESIS PROPOSAL DEFENSE	ENGL	ENGL 299.19
THESIS II	ENGL	ENGL 299.2
ORAL DEFENSE	ENGL	ENGL 299.4
RESIDENCY	ENGL	ENGL 299.5
FINAL PAPER SUBMISSION (MASTERS)	ENGL	ENGL 299.6
FINAL PAPER SUBMISSION (MASTERS)	ENGL	ENGL 299.7
INTRODUCTION TO COLLEGE ENGLISH	ENGL	ENGL 9
LEARNING ENGLISH FOR ACADEMIC PURPOSES 1	ENGL	ENGL 9.1
ASIAN LITERATURE IV: CONTEMPORARY LITERATURE	ENLIT	ENLIT 111.60
LITERATURE: GLOBAL VOICES AND ENCOUNTERS	ENLIT	ENLIT 12
POETRY TO THE 19TH CENTURY	ENLIT	ENLIT 125
LITERATURE AND IDEAS IV: LITERATURE AND THE LAW	ENLIT	ENLIT 132.16
THE DEVELOPMENT OF POETRY	ENLIT	ENLIT 203
INTRODUCTION TO LITERATURE ACROSS THE PROFESSIONS	ENLIT	ENLIT 22
THESIS II	ENLIT	ENLIT 299.2
FINAL PAPER SUBMISSION (MASTERS)	ENLIT	ENLIT 299.6
LITERATURES OF THE WESTERN WORLD II: NORTH AMERICA	ENLIT	ENLIT 32
LITERARY AND CULTURAL THEORY II	ENLIT	ENLIT 42
INTRODUCTION TO TRANSLATION	ENLIT	ENLIT 60
WORLD LITERATURES II: THEORIES AND TRANSNATIONALITIES ACROSS LATIN AMERICA, ASIA, AND AFRICA	ENLIT	ENLIT 92
ASIAN LITERATURE IV: CONTEMPORARY LITERATURE	ENLIT-LCS	ENLIT-LCS 111.60
POETRY TO THE 19TH CENTURY	ENLIT-LCS	ENLIT-LCS 125
LITERATURE AND IDEAS I:  FICTION (DEVELOPMENT OF FICTION)	ENLIT-LCS	ENLIT-LCS 129
LITERATURE AND IDEAS I: VIOLENCE IN MARCOSIAN FICTION	ENLIT-LCS	ENLIT-LCS 129.19
LITERATURE AND IDEAS II:  DEVELOPMENT OF DRAMA	ENLIT-LCS	ENLIT-LCS 130.10
LITERATURE AND IDEAS III: CULTURAL STUDIES: (PHILIPPINE ENGLISH AND FILIPINO AMERICAN LITERARY POSTCOLONIALITY)	ENLIT-LCS	ENLIT-LCS 131.14
LITERATURE AND IDEAS III: LITERATURE, SEXUALITY, AND URBAN SPACE	ENLIT-LCS	ENLIT-LCS 131.28
LITERATURE AND IDEAS III: TEXTS AND CONTEXTS	ENLIT-LCS	ENLIT-LCS 131.36
LITERATURE AND IDEAS III: IMPERIAL AND POSTCOLONIAL NESOLOGY	ENLIT-LCS	ENLIT-LCS 131.40
LITERATURE AND IDEAS IV: LITERATURE AND THE LAW	ENLIT-LCS	ENLIT-LCS 132.16
LITERATURE AND IDEAS III: CULTURAL STUDIES: CULTURES OF COLD WAR DECOLONIZATION	ENLIT-LCS	ENLIT-LCS 141.11
LITERATURE AND THE SOCIAL SCIENCES	ENLIT-LCS	ENLIT-LCS 152
LITERATURE AND IDEAS III: IMPERIAL AND POSTCOLONIAL NESOLOGY	ENLIT-LCS	ENLIT-LCS 164.20
SPECIAL TOPICS IN LITERATURE AND THE HUMANITIES	ENLIT-LCS	ENLIT-LCS 180
METHODS IN LITERARY AND CULTURAL RESEARCH AND PRACTICES	ENLIT-LCS	ENLIT-LCS 192.30
PRACTICUM I	ENLIT-LCS	ENLIT-LCS 197.1
PRACTICUM II	ENLIT-LCS	ENLIT-LCS 197.2
RESEARCH METHODS IN LITERARY AND CULTURAL STUDIES	ENLIT-LCS	ENLIT-LCS 199.1
INDEPENDENT RESEARCH IN LITERARY AND CULTURAL STUDIES I	ENLIT-LCS	ENLIT-LCS 199.2
INDEPENDENT RESEARCH IN LITERARY AND CULTURAL STUDIES II	ENLIT-LCS	ENLIT-LCS 199.3
RESEARCH METHODS IN LITERATURE ACROSS THE PROFESSIONS	ENLIT-LCS	ENLIT-LCS 199.4
INDEPENDENT RESEARCH IN LITERATURE ACROSS THE PROFESSIONS I	ENLIT-LCS	ENLIT-LCS 199.5
INDEPENDENT RESEARCH IN LITERATURE ACROSS THE PROFESSIONS II	ENLIT-LCS	ENLIT-LCS 199.6
METHODS OF LITERARY AND CULTURAL RESEARCH	ENLIT-LCS	ENLIT-LCS 201
FUNDAMENTALS OF LITERARY THEORY AND CULTURAL STUDIES	ENLIT-LCS	ENLIT-LCS 202
THE DEVELOPMENT OF POETRY	ENLIT-LCS	ENLIT-LCS 203
THE DEVELOPMENT OF DRAMA	ENLIT-LCS	ENLIT-LCS 204
THE DEVELOPMENT OF FICTION	ENLIT-LCS	ENLIT-LCS 205
SURVEY OF PHILIPPINE LITERATURE	ENLIT-LCS	ENLIT-LCS 206
CULTURAL STUDIES II:  TEXTS AND TEXTUALITY	ENLIT-LCS	ENLIT-LCS 207
CULTURAL STUDIES III:  TEXTS AND CONTEXTS	ENLIT-LCS	ENLIT-LCS 208
INTRODUCTION TO LITERARY AND CULTURAL STUDIES	ENLIT-LCS	ENLIT-LCS 21
LITERATURE AND IDEAS IV:  LITERATURE AND THE LAW	ENLIT-LCS	ENLIT-LCS 219
INTRODUCTION TO LITERATURE ACROSS THE PROFESSIONS	ENLIT-LCS	ENLIT-LCS 22
MODERN POETRY	ENLIT-LCS	ENLIT-LCS 225.1
COMPREHENSIVE EXAMINATIONS	ENLIT-LCS	ENLIT-LCS 296
SUBMISSION OF FINAL CAPSTONE PROJECT	ENLIT-LCS	ENLIT-LCS 298.66
SUBMISSION OF FINAL CAPSTONE PROJECT	ENLIT-LCS	ENLIT-LCS 298.77
THESIS I	ENLIT-LCS	ENLIT-LCS 299.1
THESIS PROPOSAL DEFENSE	ENLIT-LCS	ENLIT-LCS 299.19
THESIS II	ENLIT-LCS	ENLIT-LCS 299.2
ORAL DEFENSE	ENLIT-LCS	ENLIT-LCS 299.4
RESIDENCY	ENLIT-LCS	ENLIT-LCS 299.5
FINAL PAPER SUBMISSION (MASTERS)	ENLIT-LCS	ENLIT-LCS 299.6
FINAL PAPER SUBMISSION (MASTERS)	ENLIT-LCS	ENLIT-LCS 299.7
LITERATURES OF THE WESTERN WORLD I: EUROPE	ENLIT-LCS	ENLIT-LCS 31
LITERATURES OF THE WESTERN WORLD II: NORTH AMERICA	ENLIT-LCS	ENLIT-LCS 32
LITERARY AND CULTURAL THEORY I	ENLIT-LCS	ENLIT-LCS 41
LITERARY AND CULTURAL THEORY II	ENLIT-LCS	ENLIT-LCS 42
ADVANCED RHETORIC	ENLIT-LCS	ENLIT-LCS 50
INTRODUCTION TO TRANSLATION	ENLIT-LCS	ENLIT-LCS 60
LITERATURES OF THE PHILIPPINES I: REGION AND NATION	ENLIT-LCS	ENLIT-LCS 71
LITERATURES OF THE PHILIPPINES II: LITERARY AND CULTURAL STUDIES	ENLIT-LCS	ENLIT-LCS 72
POSTCOLONIAL LITERATURES I: AFRICA AND THE MIDDLE EAST	ENLIT-LCS	ENLIT-LCS 81
POSTCOLONIAL LITERATURES II: ASIA AND LATIN AMERICA	ENLIT-LCS	ENLIT-LCS 82
WORLD LITERATURES I: GENEALOGIES AND TRANSLATIONS ACROSS EUROPE AND NORTH AMERICA	ENLIT-LCS	ENLIT-LCS 91
WORLD LITERATURES II: THEORIES AND TRANSNATIONALITIES ACROSS LATIN AMERICA, ASIA, AND AFRICA	ENLIT-LCS	ENLIT-LCS 92
RESEARCH IN LITERARY STUDIES: SCHOLARLY METHODS, INTERDISCIPLINARY CONCEPTS AND PROCEDURES	ENLL	ENLL 301
RESEARCH IN LANGUAGE STUDIES: SCHOLARLY METHODS, INTERDISCIPLINARY CONCEPTS AND PROCEDURES	ENLL	ENLL 302
COMPREHENSIVE EXAMINATIONS	ENLL	ENLL 396
SUBMISSION OF FINAL CAPSTONE PROJECT	ENLL	ENLL 398.66
SUBMISSION OF FINAL CAPSTONE PROJECT	ENLL	ENLL 398.77
DISSERTATION I	ENLL	ENLL 399.1
DISSERTATION PROPOSAL DEFENSE	ENLL	ENLL 399.19
DISSERTATION II	ENLL	ENLL 399.2
ORAL DEFENSE	ENLL	ENLL 399.4
RESIDENCY	ENLL	ENLL 399.5
FINAL PAPER SUBMISSION (DOCTORAL)	ENLL	ENLL 399.6
FINAL PAPER SUBMISSION (DOCTORAL)	ENLL	ENLL 399.7
INTRODUCTION TO ENVIRONMENTAL SCIENCE, LECTURE	ENVI	ENVI 10.01
INTRODUCTION TO ENVIRONMENTAL SCIENCE, LABORATORY	ENVI	ENVI 10.02
ENVIRONMENTAL MONITORING: INSTRUMENTATION AND ANALYSIS, LECTURE	ENVI	ENVI 100.01
ENVIRONMENTAL MONITORING: INSTRUMENTATION AND ANALYSIS, LABORATORY	ENVI	ENVI 100.02
ENVIRONMENTAL MONITORING: FIELD RESEARCH STUDIES	ENVI	ENVI 100.03
ENVIRONMENTAL ECOLOGY, LECTURE	ENVI	ENVI 110.01
ENVIRONMENTAL ECOLOGY, LABORATORY	ENVI	ENVI 110.02
INDUSTRY AND THE ENVIRONMENT	ENVI	ENVI 121I
INTRODUCTION TO GEOGRAPHIC INFORMATION SYSTEMS FOR ENVIRONMENTAL SCIENCE	ENVI	ENVI 131.06
FUNDAMENTALS OF WATER AND WATER POLLUTION	ENVI	ENVI 140.05
INTRODUCTION TO EARTH SCIENCES, LECTURE	ENVI	ENVI 155.01
INTRODUCTION TO EARTH SCIENCES, LABORATORY	ENVI	ENVI 155.02
INTRODUCTION TO ENVIRONMENTAL POLLUTION, LECTURE	ENVI	ENVI 160.01
INTRODUCTION TO ENVIRONMENTAL POLLUTION, LABORATORY	ENVI	ENVI 160.02
INTRODUCTION TO ENVIRONMENTAL LAW AND POLICY	ENVI	ENVI 170I
THE ENVIRONMENT IN THE MEDIA	ENVI	ENVI 171I
THE ENVIRONMENTAL MOVEMENT: LOCAL AND GLOBAL PERSPECTIVES	ENVI	ENVI 172I
BIOCULTURAL DIVERSITY: LINKING CULTURE AND ENVIRONMENT	ENVI	ENVI 173I
WASTE MANAGEMENT	ENVI	ENVI 174
ENVIRONMENTAL IMPACT ASSESSMENT	ENVI	ENVI 176I
ENVIRONMENTAL MANAGEMENT FOR SUSTAINABILITY	ENVI	ENVI 177.04I
NATURE'S CLASSROOM: INTEGRAL ECOLOGY THROUGH OUTDOOR IMMERSION	ENVI	ENVI 178
SPECIAL TOPICS IN ENVIRONMENTAL SCIENCE	ENVI	ENVI 180
PRINCIPLES OF TROPICAL ECOLOGY	ENVI	ENVI 212
CHEMISTRY OF THE ENVIRONMENT	ENVI	ENVI 213
RESOURCE GEOLOGY	ENVI	ENVI 214
TEACHING EARTH SCIENCE	ENVI	ENVI 214.1
CLIMATE AND EARTH SYSTEMS	ENVI	ENVI 21I
INTEGRATIVE ENVIRONMENTAL SCIENCE	ENVI	ENVI 240
WASTE MANAGEMENT	ENVI	ENVI 274
ENVIRONMENTAL ECONOMICS	ENVI	ENVI 275
ENVIRONMENTAL IMPACT ASSESSMENT	ENVI	ENVI 276
ENVIRONMENTAL RISK ASSESSMENT AND MANAGEMENT	ENVI	ENVI 279
THESIS 1 (RESEARCH DESIGN)	ENVI	ENVI 299.1
THESIS PROPOSAL DEFENSE	ENVI	ENVI 299.19
ADVANCED TECHNIQUES IN ENVIRONMENTAL SCIENCE RESEARCH	ENVI	ENVI 311.01
ADVANCED TECHNIQUES IN ENVIRONMENTAL SCIENCE RESEARCH: INSTRUMENTATION	ENVI	ENVI 311.02
PRINCIPLES OF TROPICAL ECOLOGY	ENVI	ENVI 312
CHEMISTRY OF THE ENVIRONMENT	ENVI	ENVI 313
RESOURCE GEOLOGY	ENVI	ENVI 314
URBAN ECOLOGY	ENVI	ENVI 320
CONTEMPORARY CHALLANGES IN ENVIRONMENTAL SCIENCE AND MANAGEMENT	ENVI	ENVI 340
ENVIRONMENTAL HYDROLOGY	ENVI	ENVI 344
FATE AND TRANSPORT OF POLLUTANTS	ENVI	ENVI 345
ENVIRONMENTAL CONSERVATION AND BIODIVERSITY	ENVI	ENVI 346
ENVIRONMENTAL IMPACT ASSESSMENT	ENVI	ENVI 376
GRADUATE SEMINAR	ENVI	ENVI 390
COMPREHENSIVE EXAM	ENVI	ENVI 396
DISSERTATION WRITING I	ENVI	ENVI 399.1
DISSERTATION RESEARCH I	ENVI	ENVI 399.11
DISSERTATION RESEARCH II	ENVI	ENVI 399.12
DISSERTATION RESEARCH III	ENVI	ENVI 399.13
DISSERTATION PROPOSAL DEFENSE	ENVI	ENVI 399.19
DISSERTATION WRITING II	ENVI	ENVI 399.2
ORAL DEFENSE	ENVI	ENVI 399.4
INTRODUCTION TO LAW AND LEGAL CONCEPTS OF THE EUROPEAN UNION	EURO	EURO 111
BASIC LEGAL CONCEPTS OF THE EUROPEAN UNION	EURO	EURO 112
COMPARATIVE EUROPEAN POLITICS	EURO	EURO 113
EUROPEAN DIPLOMATIC PRACTICE	EURO	EURO 114
EXTERNAL RELATIONS OF THE EUROPEAN UNION	EURO	EURO 115
BUSINESS STRATEGIES AND EXPERIENCES IN EUROPE	EURO	EURO 120
EUROPE AND INTERNATIONAL FINANCE	EURO	EURO 121
EUROPE AND INTERNATIONAL ECONOMIC RELATIONS	EURO	EURO 122
INTERDISCIPLINARY ELECTIVE: PERSPECTIVES ON MONARCHY	EURO	EURO 181.1I
INTERDISCIPLINARY ELECTIVE: SPORT AND FITNESS CULTURE: FROM EUROPE TO THE WORLD	EURO	EURO 182.3I
TALES IN TRANSIT: THE FILIPINO IMMIGRANT EXPERIENCE IN EUROPE	EURO	EURO 182.5I
REMEMBERING AND FORGETTING: HOW MEMORY BECOMES EUROPEAN HERITAGE	EURO	EURO 182.8I
INTERDISCIPLINARY ELECTIVE: EUROPEAN UNION SPACE POLICY AND INTERNATIONAL COOPERATION	EURO	EURO 185.7I
SPECIAL TOPICS IN EUROPEAN POLITICS: THE EUROPEAN UNION AND PEACEBUILDING	EURO	EURO 185.8I
SPECIAL TOPICS IN EUROPEAN POLITICS: INTRODUCTION TO EUROPEAN INTELLIGENCE STUDIES	EURO	EURO 185.9
RESEARCH METHODS	EURO	EURO 192
INTEGRATING CLASS	EURO	EURO 197
RESEARCH ON EUROPE	EURO	EURO 199
EVOLUTION OF EUROPEAN INTEGRATION	EURO	EURO 20
CROSS CULTURAL COMMUNICATION	EURO	EURO 21
POLICIES AND INSTITUTIONS OF THE EUROPEAN UNION	EURO	EURO 22
INTERDISCIPLINARY ELECTIVE: EUROPE, GLOBALIZATION AND POPULAR CULTURE	EURO	EURO 23I
ECONOMICS OF THE EUROPEAN INTEGRATION	EURO	EURO 24
EUROPEAN POLITICAL AND SOCIAL INTEGRATION	EURO	EURO 25
RESEARCH PAPER	EURO	EURO 298
SUBMISSION OF FINAL CAPSTONE PROJECT	EURO	EURO 298.66
THESIS II	EURO	EURO 299.2
ORAL DEFENSE	EURO	EURO 299.4
FINAL PAPER SUBMISSION	EURO	EURO 299.6
FINANCIAL ACCOUNTING	FAA	FAA 101
FINANCIAL ACCOUNTING FOR DECISION MAKERS	FAA	FAA 101.10
FINANCIAL ACCOUNTING FOR ENTREPRENEURS	FAA	FAA 101.20
FINANCIAL ACCOUNTING FOR RESTAURANT ENTREPRENEURS	FAA	FAA 101.30
COST ACCOUNTING AND PRODUCT PRICING	FAA	FAA 102
PROJECT RESOURCE MANAGEMENT	FAA	FAA 106
FINANCIAL MANAGEMENT	FAA	FAA 111
FINANCIAL MANAGEMENT FOR DECISION MAKERS	FAA	FAA 111.10
FINANCIAL MANAGEMENT FOR ENTREPRENEURS	FAA	FAA 111.20
FINANCIAL MANAGEMENT FOR RESTAURANT ENTREPRENEURS	FAA	FAA 111.30
ENTREPRENEURIAL FINANCE	FAA	FAA 112
MALAYUNING KOMUNIKASYON	FILI	FILI 11
MALAYUNING KOMUNIKASYON PARA SA MGA DI-KATUTUBONG TAGAPAGSALITA NG FILIPINO (MALAYUNING KOMUNIKASYON FOR NON-FILIPINO SPEAKERS)	FILI	FILI 11.1
PANITIKAN NG PILIPINAS	FILI	FILI 12
PANITIKAN NG PILIPINAS PARA SA MGA DI-KATUTUBONG TAGAPAGSALITA NG FILIPINO (PANITIKAN NG PILIPINAS FOR NON-FILIPINO SPEAKERS)	FILI	FILI 12.1
FILIPINO LANGUAGE LEARNING:ELEMENTARY FILIPINO 1	FILI	FILI 21.1
FILIPINO LANGUAGE LEARNING: ELEMENTARY FILIPINO 2	FILI	FILI 21.2
FUNDAMENTALS OF FINANCE	FINN	FINN 111
FINANCIAL MANAGEMENT	FINN	FINN 115
ENTREPRENEURIAL FINANCE	FINN	FINN 117
ENTREPRENEURIAL FINANCE	FINN	FINN 117.30
INVESTMENT MANAGEMENT	FINN	FINN 121
INVESTMENT ANALYSIS	FINN	FINN 123
EQUITY INVESTMENT ANALYSIS	FINN	FINN 124
BANKING AND OTHER FINANCIAL INSTITUTIONS	FINN	FINN 131
ADVANCED CORPORATE FINANCE	FINN	FINN 150
SPECIAL TOPICS IN FINANCE:  PERSONAL FINANCE	FINN	FINN 180.03
SPECIAL TOPICS IN FINANCE: INTRODUCTION TO RISK MANAGEMENT	FINN	FINN 180.04
SEMINAR IN FINANCE	FINN	FINN 190
BASIC FRENCH 1 LANGUAGE AND CULTURE	FRE	FRE 11
BASIC FRENCH 2 LANGUAGE AND CULTURE	FRE	FRE 12
INTERMEDIATE FRENCH 1	FRE	FRE 13
INTERMEDIATE FRENCH 2	FRE	FRE 14
ADVANCED FRENCH 1	FRE	FRE 15
LANGUAGE FOR SPECIFIC PURPOSES: FRENCH	FRE	FRE 21
INTEGRATIVE PROJECT 1	GDEV	GDEV 198.1
INTEGRATIVE PROJECT 2	GDEV	GDEV 198.2
INTEGRATIVE PROJECT 3	GDEV	GDEV 198.3
INTRODUCTION TO THE DESIGN AND DEVELOPMENT OF COMPUTER GAMES	GDEV	GDEV 20I
COMPUTER GRAPHICS PROGRAMMING	GDEV	GDEV 30
ADVANCED COMPUTER GRAPHICS THEORY AND PROGRAMMING	GDEV	GDEV 32
PC AND CONSOLE GAME DEVELOPMENT 1	GDEV	GDEV 41
PC AND CONSOLE GAME DEVELOPMENT II	GDEV	GDEV 42
BASIC GERMAN 1 LANGUAGE AND CULTURE	GER	GER 11
BASIC GERMAN 2 LANGUAGE AND CULTURE	GER	GER 12
INTERMEDIATE GERMAN 1	GER	GER 13
INTERMEDIATE GERMAN 2	GER	GER 14
ADVANCED GERMAN 1	GER	GER 15
INTRODUCTION TO HISTORICAL STUDIES	HISTO	HISTO 100
RIZAL AND THE EMERGENCE OF THE PHILIPPINE NATION	HISTO	HISTO 11
PHILOSOPHY OF HISTORY	HISTO	HISTO 110
READINGS IN PHILIPPINE HISTORY	HISTO	HISTO 12
ECONOMIC HISTORY OF THE PHILIPPINES	HISTO	HISTO 122.03
WOMEN AND GENDER IN PHILIPPINE HISTORY	HISTO	HISTO 122.07
HISTORY OF MEDICINE AND PUBLIC HEALTH IN THE PHILIPPINES	HISTO	HISTO 127
ASIA IN THE MODERN WORLD	HISTO	HISTO 131.04
MODERN AND CONTEMPORARY EUROPE	HISTO	HISTO 140.04
HISTORICAL METHODOLOGY	HISTO	HISTO 192
PRACTICUM	HISTO	HISTO 197
SENIOR THESIS I	HISTO	HISTO 199.1
SENIOR THESIS II	HISTO	HISTO 199.2
SEMINAR IN HISTORIOGRAPHY	HISTO	HISTO 201
PHILIPPINE HISTORIOGRAPHY I:  PREHISTORY TO 1898	HISTO	HISTO 202.03
PHILIPPINE HISTORIOGRAPHY II: 1898-1946	HISTO	HISTO 202.04
PHILOSOPHIES OF HISTORY	HISTO	HISTO 203
SURVEY OF ASIAN CIVILIZATION	HISTO	HISTO 21
RESEARCH METHODS IN HISTORY	HISTO	HISTO 292
COMPREHENSIVE EXAMINATIONS	HISTO	HISTO 296
RESEARCH PROJECTS IN HISTORY	HISTO	HISTO 298
SUBMISSION OF FINAL CAPSTONE PROJECT	HISTO	HISTO 298.66
SUBMISSION OF FINAL CAPSTONE PROJECT	HISTO	HISTO 298.77
THESIS I	HISTO	HISTO 299.1
THESIS PROPOSAL DEFENSE	HISTO	HISTO 299.19
THESIS II	HISTO	HISTO 299.2
ORAL DEFENSE	HISTO	HISTO 299.4
RESIDENCY	HISTO	HISTO 299.5
FINAL PAPER SUBMISSION	HISTO	HISTO 299.6
FINAL PAPER SUBMISSION	HISTO	HISTO 299.7
SURVEY OF WESTERN CIVILIZATION	HISTO	HISTO 31
THE HEALTH PROFESSIONAL AS AGENT OF CHANGE	HSCI	HSCI 100.2
THE HEALTH PROFESSIONAL AS A CHANGED AGENT	HSCI	HSCI 100.3
APPROACHES TO HEALTH LITERACY	HSCI	HSCI 112.9I
HEALTH COMMUNICATION	HSCI	HSCI 113
RESEARCH METHODS IN HEALTH SCIENCES	HSCI	HSCI 192
SCHOLARLY WORK 1A: DEFINING THE PROBLEM	HSCI	HSCI 199.1
SCHOLARLY WORK 1B: COLLABORATION AND DATA COLLECTION	HSCI	HSCI 199.2
SCHOLARLY WORK 2A: DATA ANALYSIS AND SYNTHESIS	HSCI	HSCI 199.3
SCHOLARLY WORK 2B: WRITING, PRESENTATION, EVALUATION, AND PUBLICATION	HSCI	HSCI 199.4
FUNDAMENTALS OF NUTRITION	HSCI	HSCI 30I
PERSPECTIVES ON THE HUMAN LIFE CYCLE	HSCI	HSCI 40I
STATISTICS FOR THE HEALTH SCIENCES	HSCI	HSCI 50
INTRODUCTION TO EPIDEMIOLOGY	HSCI	HSCI 51
FUNDAMENTALS OF GLOBAL HEALTH	HSCI	HSCI 60I
DESIGN THINKING IN PUBLIC HEALTH	HSCI	HSCI 61I
INTRODUCTION TO HEALTH POLICY AND SYSTEMS RESEARCH	HSCI	HSCI 70I
INTRODUCTION TO PHYSIOLOGY: REGULATION AND CONTROL	HSCI	HSCI 80.1
INTRODUCTION TO PHYSIOLOGY: METABOLISM, RESPIRATION, AND CIRCULATION	HSCI	HSCI 80.2
EXERCISE PHYSIOLOGY	HSCI	HSCI 80.7
INTRODUCTION TO AESTHETICS	HUMAN	HUMAN 141
GREAT BOOKS I: ANCIENT PERIOD	HUMAN	HUMAN 145
GREAT BOOKS II: MIDDLE PERIOD	HUMAN	HUMAN 146
GREAT BOOKS III: MODERN PERIOD	HUMAN	HUMAN 147
SENIOR SEMINAR	HUMAN	HUMAN 199.1
SENIOR SEMINAR II	HUMAN	HUMAN 199.2
DESIGN THEORY AND HISTORY: INFORMATION ARCHITECTURE	IDES	IDES 101.03
DESIGN THEORY AND HISTORY: VISUAL COMMUNICATION	IDES	IDES 101.04
DESIGN THEORY AND HISTORY: HISTORY OF GRAPHIC DESIGN	IDES	IDES 101.05
DESIGN THEORY AND HISTORY: PHILIPPINE DESIGN	IDES	IDES 101.06
DESIGN PROCEDURES: TYPOGRAPHY	IDES	IDES 102.03
DESIGN PROCEDURES: PRINT AND PUBLICATION DESIGN	IDES	IDES 102.04
DESIGN PROCEDURES: WEB DESIGN	IDES	IDES 102.05
DESIGN PROCEDURES: INTERACTION DESIGN	IDES	IDES 102.06
DESIGN PROCEDURES: CHARACTER DESIGN	IDES	IDES 102.07
DESIGN PROCEDURES: PHOTOGRAPHY FOR DESIGNERS	IDES	IDES 102.08
DESIGN PROCEDURES: ADVANCED TYPOGRAPHY	IDES	IDES 102.13
DESIGN PRACTICE: GRAPHIC DESIGN PRACTICE	IDES	IDES 103.03
DESIGN PRACTICE: ADVANCED PUBLICATION	IDES	IDES 103.04
DESIGN PRACTICE: BRANDING	IDES	IDES 103.05
VISUAL TECHNIQUES: ADVANCED PAINTING	IDES	IDES 140.04
STORYBOARDING	IDES	IDES 151
SPECIAL TOPICS IN INFORMATION DESIGN: VISUAL NARRATIVES IN COMICS AND GRAPHIC NOVELS	IDES	IDES 180.03
SPECIAL PROJECTS IN INFORMATION DESIGN	IDES	IDES 185
DESIGN RESEARCH	IDES	IDES 192
INFORMATION DESIGN THESIS: SENIOR PROJECT 1	IDES	IDES 199.1
INFORMATION DESIGN THESIS: SENIOR PROJECT 2	IDES	IDES 199.2
MUSIC: THE DEVELOPMENT OF MUSIC IN WESTERN SOCIETY	IDS	IDS 121.13
MUSIC: RUDIMENTS OF MUSIC	IDS	IDS 121.14
BASIC MUSIC RESEARCH AND CRITICISM	IDS	IDS 121.15I
MUSIC: THE BROADWAY MUSICAL OF THE 20TH CENTURY	IDS	IDS 121.26
CULTURAL STUDIES OF CONTEMPORARY TECHNOLOGY	IDS	IDS 132.05I
IDEOLOGIES: GENDER AND SOCIETY IN THE PHILIPPINES - PERSPECTIVES, PROBLEMS, AND PROSPECTS	IDS	IDS 133.04I
LITERATURE AND CULTURE: READING THE ROMANCE	IDS	IDS 142.33
LITERATURE AND PHILOSOPHY: INTRODUCTION TO AESTHETICS	IDS	IDS 143.03
LITERATURE AND PHILOSOPHY:  INTERDISCIPLINARY APPROACHES TO THE ARTS	IDS	IDS 143.04
LITERATURE AND PHILOSOPHY: READING FOR LIFE	IDS	IDS 143.05I
GREAT BOOKS I: ANCIENT PERIOD	IDS	IDS 145
GREAT BOOKS II: MIDDLE PERIOD	IDS	IDS 146
GREAT BOOKS III: MODERN PERIOD	IDS	IDS 147
GREAT BOOKS IV: PHILIPPINES	IDS	IDS 148
MEDIA STUDIES: INTRODUCTION TO POPULAR CULTURE	IDS	IDS 162.03
MEDIA STUDIES: FILIPINO FILM AND SOCIETY	IDS	IDS 162.13I
DESIGN AND INNOVATION: CREATIVE AND SPATIAL GEOHUMANITIES	IDS	IDS 165.04
DESIGN AND INNOVATION:  INTRODUCTION TO THE DEVELOPMENT OF CREATIVE PROJECTS	IDS	IDS 165.05
DESIGN AND INNOVATION:  INTERDISCIPLINARY APPROACHES TO CREATIVITY AND INNOVATION	IDS	IDS 165.06
SPECIAL TOPICS IN PHILIPPINE STUDIES: INTERPLAY- PSYCHOLOGY OF INTERPERSONAL COMMUNICATION	IDS	IDS 180.03
SPECIAL TOPICS IN PHILIPPINE STUDIES:  YOUTH LEADERSHIP FOR ENGAGED CITIZENSHIP	IDS	IDS 180.05
SPECIAL TOPICS IN PHILIPPINE STUDIES: REPRESENTATION OF OTHERNESS IN FILM AND LITERATURE	IDS	IDS 180.13I
SPECIAL TOPICS IN PHILIPPINE STUDIES: PHILIPPINE MUSIC AND CULTURE	IDS	IDS 180.16I
SENIOR SEMINAR I	IDS	IDS 199.1
SENIOR SEMINAR II	IDS	IDS 199.2
INTRODUCTION TO ATENEO CULTURE AND TRADITIONS 11	INTACT	INTACT 11
INTRODUCTION TO ATENEO CULTURE AND TRADITIONS 12	INTACT	INTACT 12
GUIDED STUDIES IN MIXED REALITY EXPERIENCES	ISCS	ISCS 30.13
GUIDED STUDIES IN GENRE-SPECIFIC GAME DEVELOPMENT	ISCS	ISCS 30.14
GUIDED STUDIES IN DESIGNING DIGITAL EXPERIENCES FOR MUSEUMS	ISCS	ISCS 30.16
GUIDED STUDIES IN DESIGNING TECHNOLOGIES FOR AGING POPULATIONS	ISCS	ISCS 30.17
GUIDED STUDIES IN DATA PREPROCESSING	ISCS	ISCS 30.18
GUIDED STUDIES IN BIG DATA APPRECIATION	ISCS	ISCS 30.19
GUIDED STUDIES IN MACHINE LEARNING: ML PIPELINES	ISCS	ISCS 30.20
GUIDED STUDIES IN CONTAINERS I: CONTAINERIZING APPLICATIONS	ISCS	ISCS 30.23
GUIDED STUDIES IN WEB ANIMATION	ISCS	ISCS 30.30
GUIDED STUDIES IN JAVASCRIPT DEVELOPMENT	ISCS	ISCS 30.33
GUIDED STUDIES IN WEB FRAMEWORKS	ISCS	ISCS 30.37
GUIDED STUDIES IN CREATIVE CSS DEVELOPMENT	ISCS	ISCS 30.38
GUIDED STUDIES IN MODERN IT MANAGEMENT FRAMEWORKS	ISCS	ISCS 30.40
GUIDED STUDIES IN DESIGN THINKING FOR I.T. SOLUTIONS	ISCS	ISCS 30.45
GUIDED STUDIES IN DATA LITERACY	ISCS	ISCS 30.46
GUIDED STUDIES IN OBJECT-ORIENTED PROGRAMMING FOR WINDOWS	ISCS	ISCS 30.50
GUIDED STUDIES IN DECLARATIVE FRAMEWORK DESIGN AND IMPLEMENTATION	ISCS	ISCS 30.53
GUIDED STUDIES IN DEVELOPING DECENTRALIZED APPLICATIONS ON PUBLIC BLOCKCHAINS	ISCS	ISCS 30.66
BASIC ITALIAN 1 LANGUAGE AND CULTURE	ITA	ITA 11
USER EXPERIENCE DESIGN	ITENT	ITENT 120
TECHNOLOGY VENTURE BUSINESS PLAN PREPARATION	ITENT	ITENT 156
TECHNOLOGY VENTURE START-UP I	ITENT	ITENT 157
TECHNOLOGY VENTURE START-UP II	ITENT	ITENT 158
INTRODUCTION TO COMPUTING FOR TECHNOLOGY STARTUPS	ITENT	ITENT 21
SOLUTIONS ARCHITECTURE	ITMGT	ITMGT 115
DECISION MAKING USING BUSINESS SIMULATIONS	ITMGT	ITMGT 125.1
CORPORATE INFORMATION SYSTEMS MANAGEMENT	ITMGT	ITMGT 151
INFORMATION TECHNOLOGY AND BUSINESS STRATEGY (APPLICATION)	ITMGT	ITMGT 163
BASIC INFORMATION TECHNOLOGY APPLICATIONS IN BUSINESS (BYOD)	ITMGT	ITMGT 20.03
BASIC INFORMATION TECHNOLOGY APPLICATIONS IN BUSINESS: EXCEL + E-COMMERCE DEVELOPMENT	ITMGT	ITMGT 20.12
BASIC INFORMATION TECHNOLOGY APPLICATIONS IN BUSINESS BYOD: EXCEL + DATA VISUALIZATION	ITMGT	ITMGT 20.51
BASIC INFORMATION TECHNOLOGY APPLICATIONS IN BUSINESS: NO/LOW-CODE AUTOMATION (BYOD)	ITMGT	ITMGT 20.54
INFORMATION TECHNOLOGY PROTOTYPE DEVELOPMENT USING APPLE SWIFT (BYOD)	ITMGT	ITMGT 23.03
INFORMATION TECHNOLOGY APPLICATION PROGRAMMING (BYOD)	ITMGT	ITMGT 25.03
THE DIGITAL ECONOMY	ITMGT	ITMGT 45
E-COMMERCE FUNDAMENTALS	ITMGT	ITMGT 45.03
MANAGING E-COMMERCE OPERATIONS	ITMGT	ITMGT 46
JAPANESE LANGUAGE AND CULTURE 1	JPN	JPN 11
JAPANESE LANGUAGE AND CULTURE 2	JPN	JPN 12
JAPANESE CULTURE 1	JPN	JPN 120
COMPARATIVE CULTURES: PHILIPPINES AND JAPAN	JPN	JPN 122
JAPANESE LANGUAGE AND CULTURE 3	JPN	JPN 13
HISTORY OF JAPAN's FOREIGN RELATIONS	JPN	JPN 131
MODERNIZATION OF JAPAN	JPN	JPN 133
INTERMEDIATE JAPANESE 1	JPN	JPN 14
JAPAN AND ASEAN	JPN	JPN 142
INTERMEDIATE JAPANESE 2	JPN	JPN 15
JAPANESE BUSINESS MANAGEMENT AND LABOR	JPN	JPN 151
INTERMEDIATE JAPANESE 3	JPN	JPN 16
EDUCATION IN JAPAN	JPN	JPN 170
SPECIAL TOPIC: GENDER IN JAPAN	JPN	JPN 180.21I
SPECIAL TOPIC: JAPANESE FOOD CULTURE	JPN	JPN 180.22I
SPECIAL TOPIC: JAPANESE MUSIC	JPN	JPN 180.62
SPECIAL TOPIC: JAPANESE FILMS	JPN	JPN 180.65
FOUNDATIONS OF JAPANESE STUDIES	JPN	JPN 220
RESEARCH METHODS IN SOCIOLOGY	JPN	JPN 223
MODERNIZATION OF JAPAN	JPN	JPN 231
THESIS I	JPN	JPN 299.1
THESIS PROPOSAL DEFENSE	JPN	JPN 299.19
THESIS II	JPN	JPN 299.2
ORAL DEFENSE	JPN	JPN 299.4
RESIDENCY	JPN	JPN 299.5
FINAL PAPER SUBMISSION	JPN	JPN 299.6
FINAL PAPER SUBMISSION	JPN	JPN 299.7
MASTER'S PROJECT 2	JRN	JRN 298.2
KOREAN CULTURAL HERITAGE	KOR	KOR 112
KOREAN HISTORY THROUGH K-DRAMA	KOR	KOR 115
SOUTH KOREAN PUBLIC DIPLOMACY AND NATION BRANDING	KOR	KOR 116
KOREAN FOR BUSINESS COMMUNICATION	KOR	KOR 21
BASIC KOREAN 1 LANGUAGE AND CULTURE	KRN	KRN 11
BASIC KOREAN 2 LANGUAGE AND CULTURE	KRN	KRN 12
KOREAN LANGUAGE AND CULTURE 3	KRN	KRN 13
KOREAN LANGUAGE AND CULTURE 4	KRN	KRN 14
STRATEGIC HUMAN RESOURCE MANAGEMENT	LAS	LAS 111
STRATEGIC HUMAN RESOURCE MANAGEMENT IN THE HOSPITALITY INDUSTRY	LAS	LAS 111.30
STRATEGIC HUMAN RESOURCE DEVELOPMENT	LAS	LAS 112
LEADING TEAMS FOR INNOVATION	LAS	LAS 112.73I
ORGANIZATIONAL DEVELOPMENT	LAS	LAS 113
ORGANIZATIONAL COMMUNICATION	LAS	LAS 114
BUSINESS COMMUNICATIONS IN THE HOSPITALITY INDUSTRY	LAS	LAS 114.30
LEADING AND MANAGING CHANGE	LAS	LAS 115
STRATEGIC MANAGEMENT	LAS	LAS 120
STRATEGY FORMULATION	LAS	LAS 120.03
STRATEGY IMPLEMENTATION	LAS	LAS 120.04
STRATEGIC MANAGEMENT IN THE HOSPITALITY INDUSTRY	LAS	LAS 120.30
ENTREP SERIES 2: BUSINESS PLAN DEVELOPMENT	LAS	LAS 121
ENTREP SERIES 3: BUSINESS PLAN IMPLEMENTATION	LAS	LAS 122
BUSINESS PLAN IMPLEMENTATION IN THE HOSPITALITY INDUSTRY	LAS	LAS 122.30
INTERNATIONAL BUSINESS AND TRADE	LAS	LAS 123
STRATEGIC ISSUES IN DOING BUSINESS IN THE ASEAN CONTEXT	LAS	LAS 123.73
STRATEGIC ISSUES IN DOING BUSINESS IN JAPAN	LAS	LAS 123.75
MANAGEMENT CONSULTING	LAS	LAS 124
ENTREPRENEURIAL SERIES 3: BUSINESS PLAN IMPLEMENTATION	LAS	LAS 127
LEADERSHIP IN THE 21ST CENTURY	LAS	LAS 130
FAMILY BUSINESS MANAGEMENT AND LEADERSHIP	LAS	LAS 130.40
BUSINESS ETHICS	LAS	LAS 132
ORGANIZATIONAL BEHAVIOR AND LEADERSHIP	LAS	LAS 134
SUSTAINABILITY AND SOCIAL RESPONSIBILITY	LAS	LAS 140
CORPORATE SUSTAINABILITY	LAS	LAS 142
CROSS CULTURAL COMMUNICATION	LAS	LAS 144.70
DECISION MAKING FOR MANAGERS	LAS	LAS 150.30
CREATIVE PROBLEM SOLVING FOR SUSTAINABILITY MANAGEMENT	LAS	LAS 150.6I
WORK PRACTICUM	LAS	LAS 197.20
WORK PRACTICUM	LAS	LAS 197.33
WORK PRACTICUM	LAS	LAS 197.34
PHILIPPINE BUSINESS ENVIRONMENT: POLICIES AND PROGRAMS ON ENTERPRISE DEVELOPMENT	LAS	LAS 20
PHILIPPINE BUSINESS ENVIRONMENT: ESSENTIAL CONCEPTS AND TRENDS IN REAL ESTATE	LAS	LAS 20.10
MISSION TO DISCOVER COMPANIES	LAS	LAS 20.74
PRINCIPLES OF MANAGEMENT	LAS	LAS 21
PRINCIPLES OF MANAGEMENT FOR THE SERVICE SECTOR	LAS	LAS 21.20
RESTAURANT CONCEPTS AND MANAGEMENT	LAS	LAS 21.30
MANAGEMENT CONCEPTS IN THE HOSPITALITY INDUSTRY	LAS	LAS 21.33
HUMAN RESOURCE MANAGEMENT	LAS	LAS 211
PRINCIPLES OF STRATEGIC MANAGEMENT	LAS	LAS 220
BUSINESS ETHICS	LAS	LAS 260
LEADERSHIP AND MANAGEMENT IN ACTION	LAS	LAS 30.30
ENTREPRENEURIAL MINDSET	LAS	LAS 50
INTERDISCIPLINARY ISSUES IN SPORT MANAGEMENT	LAS	LAS 50.2I
ENTREPRENEURSHIP AND BUSINESS MANAGEMENT	LAS	LAS 50.30
THE ENTREPRENEURIAL QUEST	LAS	LAS 50.74
THE HOSPITALITY EXPERIENCE	LAS	LAS 51.30
WINE FUNDAMENTALS	LAS	LAS 51.33
FOOD AND WINE PHILOSOPHY	LAS	LAS 51.34
FOUNDATIONS OF LEADERSHIP THEORY	LEAD	LEAD 301
COMPREHENSIVE EXAMINATIONS	LEAD	LEAD 396
SUBMISSION OF FINAL CAPSTONE PROJECT	LEAD	LEAD 398.66
SUBMISSION OF FINAL CAPSTONE PROJECT	LEAD	LEAD 398.77
DISSERTATION I	LEAD	LEAD 399.1
DISSERTATION PROPOSAL DEFENSE	LEAD	LEAD 399.19
DISSERTATION II	LEAD	LEAD 399.2
ORAL DEFENSE	LEAD	LEAD 399.4
RESIDENCY	LEAD	LEAD 399.5
FINAL PAPER SUBMISSION	LEAD	LEAD 399.6
FINAL PAPER SUBMISSION	LEAD	LEAD 399.7
FOUNDATIONS OF LEADERSHIP THEORY	LEADS	LEADS 301
PSYCHOLOGY OF LEADERSHIP	LEADS	LEADS 303
STRATEGIC LEADERSHIP, INNOVATION AND CHANGE	LEADS	LEADS 305
BUSINESS LAW AND TAXATION	LLAW	LLAW 111
OBLIGATIONS AND CONTRACTS	LLAW	LLAW 113
LAW ON BUSINESS TRANSACTION	LLAW	LLAW 113.03
RETAIL TRADE LAWS AND CONSUMER ACT	LLAW	LLAW 113.04
LAW ON BUSINESS ORGANIZATIONS	LLAW	LLAW 114
BUSINESS PROTECTION LAW	LLAW	LLAW 114.03
LAW ON TAXATION	LLAW	LLAW 115
LAW ON BUSINESS AND TRANSFER TAXATION	LLAW	LLAW 115.04
LABOR LAW AND SOCIAL LEGISLATION	LLAW	LLAW 116
FAMILY LAW	LLAW	LLAW 117
THE LAWS ON GOVERNMENT AGENCIES AND PUBLIC SECTOR MANAGEMENT	LLAW	LLAW 122
ENVIRONMENTAL AND SUSTAINABILITY LAWS	LLAW	LLAW 123
HOSPITALITY BUSINESS LAW	LLAW	LLAW 126
GENDER ISSUES: A LEGAL FRAMEWORK WITH A DEVELOPMENT PERSPECTIVE	LLAW	LLAW 127I
SPECIAL TOPICS IN LAW: LAW FOR ART'S SAKE	LLAW	LLAW 180.03
SPECIAL TOPICS IN LAW:  LAW ON MEDIA AND THE ARTS	LLAW	LLAW 180.04
SPECIAL TOPICS IN LAW: BUSINESS ETHICS AND LAW	LLAW	LLAW 180.05
LEGAL RESEARCH	LLAW	LLAW 192
LEGAL MANAGEMENT THESIS	LLAW	LLAW 199
PREPARATION FOR COLLEGE MATHEMATICS I	MATH	MATH 1.1
PREPARATION FOR COLLEGE MATHEMATICS II	MATH	MATH 1.2
MATHEMATICS IN THE MODERN WORLD	MATH	MATH 10
TOPICS IN FINANCIAL MATHEMATICS I	MATH	MATH 100.1
TOPICS IN FINANCIAL MATHEMATICS II	MATH	MATH 100.2
THEORY OF INTEREST	MATH	MATH 101.6
TOPICS IN OPERATIONS RESEARCH	MATH	MATH 102.1
PREDICTIVE MODELING FOR TEXT	MATH	MATH 103.1
PROBABILISTIC MACHINE LEARNING I	MATH	MATH 104.1
UNDERGRADUATE RESEARCH SEMINAR	MATH	MATH 192
PREPARATORY COURSE TO CALCULUS	MATH	MATH 2
UNIVERSITY PRECALCULUS	MATH	MATH 21
MODERN ALGEBRA AND TRIGONOMETRY	MATH	MATH 212.4
HIGH SCHOOL GEOMETRY FROM AN ADVANCED VIEWPOINT I	MATH	MATH 213.1
ANALYSIS FOR TEACHERS I	MATH	MATH 214.1
ANALYSIS FOR TEACHERS II	MATH	MATH 214.2
AN INTRODUCTION TO PROBABILITY	MATH	MATH 215.1
BASIC STATISTICAL ANALYSIS	MATH	MATH 215.2
ELEMENTARY NUMBER THEORY	MATH	MATH 217.1
SEMINAR ON GRAPH THEORY	MATH	MATH 226.2
SEMINAR ON GRAPH THEORY AND DISCRETE MATHEMATICS	MATH	MATH 226.3
FINANCIAL DERIVATIVES I	MATH	MATH 232.1
FINANCIAL DERIVATIVES II	MATH	MATH 232.2
FINANCIAL RISK MANAGEMENT I	MATH	MATH 233.2
FINANCIAL RISK MANAGEMENT II	MATH	MATH 233.4
MATHEMATICS SEMINAR (SEMINAR IN TOPICS IN OPERATIONS RESEARCH)	MATH	MATH 234.4
STOCHASTIC CALCULUS I	MATH	MATH 236.1
STOCHASTIC CALCULUS II	MATH	MATH 236.2
TOPICS IN STOCHASTIC CALCULUS	MATH	MATH 236.3
ADVANCED PROBABILITY AND MARTINGALES	MATH	MATH 236.4
SEMINAR IN COMPUTER RELATED MATHEMATICS	MATH	MATH 240.1
APPLIED LINEAR ALGEBRA	MATH	MATH 240.5
LINEAR ALGEBRA	MATH	MATH 250.1
MATRIX ANALYSIS	MATH	MATH 250.3
ALGEBRAIC STRUCTURES, I	MATH	MATH 251.1
ALGEBRAIC STRUCTURES, II	MATH	MATH 251.2
MODERN REAL ANALYSIS, I	MATH	MATH 261.1
MATHEMATICS SEMINAR (SEMINAR IN REAL ANALYSIS II)	MATH	MATH 261.3
MODERN COMPLEX ANALYSIS, I	MATH	MATH 262.1
TOPOLOGICAL STRUCTURES	MATH	MATH 263.1
COMPUTATIONAL HOMOLOGY	MATH	MATH 263.3
INTRODUCTION TO ERGODIC THEORY	MATH	MATH 269.6
STATISTICAL METHODS	MATH	MATH 271.1
ADVANCED TIME SERIES AND FORECASTING	MATH	MATH 271.2
BAYESIAN TECHNIQUES I	MATH	MATH 271.6
INTRODUCTION TO STATISTICAL LEARNING	MATH	MATH 271.7
SPECIAL TOPICS IN ALGEBRA	MATH	MATH 280.1
INTRODUCTION TO RESEARCH AND THESIS WRITING	MATH	MATH 292
COMPREHENSIVE EXAMINATIONS	MATH	MATH 296
MATHEMATICAL FINANCE PROJECT	MATH	MATH 298.1
SUBMISSION OF FINAL CAPSTONE PROJECT	MATH	MATH 298.66
SUBMISSION OF FINAL CAPSTONE PROJECT	MATH	MATH 298.77
THESIS I	MATH	MATH 299.1
THESIS PROPOSAL DEFENSE	MATH	MATH 299.19
THESIS II	MATH	MATH 299.2
ORAL DEFENSE	MATH	MATH 299.4
RESIDENCY	MATH	MATH 299.5
FINAL PAPER SUBMISSION	MATH	MATH 299.6
FINAL PAPER SUBMISSION	MATH	MATH 299.7
APPLIED CALCULUS AND FINITE MATHEMATICS FOR THE MANAGERIAL SCIENCES	MATH	MATH 30.03
APPLIED CALCULUS FOR BUSINESS AND ECONOMICS I	MATH	MATH 30.13
APPLIED CALCULUS FOR BUSINESS AND ECONOMICS II	MATH	MATH 30.14
APPLIED CALCULUS FOR SCIENCE AND ENGINEERING I	MATH	MATH 30.23
APPLIED CALCULUS FOR SCIENCE AND ENGINEERING II	MATH	MATH 30.24
APPLIED CALCULUS FOR INTEGRATED ENGINEERING I	MATH	MATH 30.43
APPLIED CALCULUS FOR INTEGRATED ENGINEERING II	MATH	MATH 30.44
MATHEMATICAL ANALYSIS IA	MATH	MATH 31.1
MATHEMATICAL ANALYSIS IB	MATH	MATH 31.2
MATHEMATICAL ANALYSIS II	MATH	MATH 31.3
MATHEMATICAL ANALYSIS III	MATH	MATH 31.4
ADVANCED STUDIES IN NUMBER THEORY	MATH	MATH 317.3
ADVANCED STUDIES IN COMBINATORICS	MATH	MATH 325.6
TOPICS IN GRAPH THEORY	MATH	MATH 326.2
ADVANCED PROBABILITY AND MARTINGALES	MATH	MATH 336.4
MODERN COMPUTER ALGEBRA AND SYMBOLIC COMPUTATION	MATH	MATH 340.1
ALGEBRAIC STRUCTURES, II	MATH	MATH 351.2
MODERN GEOMETRY	MATH	MATH 356.1
MATHEMATICS SEMINAR (SEMINAR IN REAL ANALYSIS II)	MATH	MATH 361.3
MODERN COMPLEX ANALYSIS I	MATH	MATH 362.1
TOPOLOGICAL STRUCTURES	MATH	MATH 363.1
INTRODUCTION TO ERGODIC THEORY	MATH	MATH 369.6
SPECIAL TOPICS IN ALGEBRA	MATH	MATH 380.1
SPECIAL TOPICS IN ANALYSIS	MATH	MATH 380.2
COMPREHENSIVE EXAMINATIONS	MATH	MATH 396
SUBMISSION OF FINAL CAPSTONE PROJECT	MATH	MATH 398.66
SUBMISSION OF FINAL CAPSTONE PROJECT	MATH	MATH 398.77
DISSERTATION I	MATH	MATH 399.1
DISSERTATION PROPOSAL DEFENSE	MATH	MATH 399.19
DISSERTATION II	MATH	MATH 399.2
ORAL DEFENSE	MATH	MATH 399.4
RESIDENCY	MATH	MATH 399.5
FINAL PAPER SUBMISSION	MATH	MATH 399.6
FINAL PAPER SUBMISSION	MATH	MATH 399.7
LINEAR ALGEBRA	MATH	MATH 40.1
LINEAR ALGEBRA FOR GAMES PROGRAMMING	MATH	MATH 40.4
ELEMENTARY NUMBER THEORY	MATH	MATH 50.1
DISCRETE MATHEMATICS I	MATH	MATH 51.1
MATH FOR COMPUTER SCIENCE I	MATH	MATH 51.3
MATH FOR COMPUTER SCIENCE II	MATH	MATH 51.4
GRAPH THEORY I	MATH	MATH 53.1
FUNDAMENTAL CONCEPTS OF MATHEMATICS	MATH	MATH 55.1
STATISTICS FOR LIFE SCIENCES	MATH	MATH 60.1
INTRODUCTION TO STATISTICAL ANALYSIS	MATH	MATH 60.2
INTRODUCTION TO STATISTICS IN PHARMACEUTICAL CLINICAL TRIALS	MATH	MATH 60.3I
ELEMENTARY PROBABILITY THEORY	MATH	MATH 61.2
INTRODUCTION TO STATISTICAL THEORY	MATH	MATH 62.1
TIME SERIES AND FORECASTING	MATH	MATH 62.2
NUMERICAL METHODS FOR SCIENCE AND ENGINEERING	MATH	MATH 70.1
FUNDAMENTALS OF COMPUTING I	MATH	MATH 71.1
SCIENTIFIC COMPUTING I	MATH	MATH 71.3
SCIENTIFIC COMPUTING II	MATH	MATH 71.4
ORDINARY DIFFERENTIAL EQUATIONS	MATH	MATH 72.1
PARTIAL DIFFERENTIAL EQUATIONS	MATH	MATH 72.2
FUNDAMENTAL CONCEPTS OF ALGEBRA	MATH	MATH 80.1
MODERN GEOMETRY I	MATH	MATH 81.1
ADVANCED CALCULUS I	MATH	MATH 90.1
REAL ANALYSIS I	MATH	MATH 91.1
COMPLEX ANALYSIS I	MATH	MATH 92.1
INTRODUCTION TO TOPOLOGY	MATH	MATH 93.1
MATERIALS AND ENERGY AROUND US	MATSE	MATSE 100.1
MATERIALS SCIENCE AND FLIGHT MECHANICS	MATSE	MATSE 100.2
PRINCIPLES OF MATERIALS SCIENCE AND ENGINEERING I	MATSE	MATSE 101
PRINCIPLES OF MATERIALS SCIENCE AND ENGINEERING II	MATSE	MATSE 102
METALLIC MATERIALS	MATSE	MATSE 111I
POLYMERIC MATERIALS, LECTURE	MATSE	MATSE 121.01
POLYMERIC MATERIALS, LABORATORY	MATSE	MATSE 121.02
CERAMIC MATERIALS	MATSE	MATSE 131
ENGINEERING MANAGEMENT	MATSE	MATSE 161
SPECIAL TOPICS IN POLYMERS: POLYMER PROCESSING AND TECHNOLOGY	MATSE	MATSE 180.1
SPECIAL TOPICS IN COMPUTATIONAL MATERIALS SCIENCE: ENGINEERING STATISTICS	MATSE	MATSE 182.1
MODERN TOPICS IN MATERIALS SCIENCE AND ENGINEERING: OPTICAL AND OPTOELECTRONIC MATERIALS	MATSE	MATSE 183.1
MODERN TOPICS IN MATERIALS SCIENCE AND ENGINEERING:INTRODUCTION TO NANOTECHNOLOGY	MATSE	MATSE 183.2
MATERIALS RESEARCH PROJECT I	MATSE	MATSE 199.1
MATERIALS RESEARCH PROJECT II	MATSE	MATSE 199.2
ECOSCIENCE	MEM	MEM 211
URBAN ECOLOGY	MEM	MEM 220
ENVIRONMENT, CULTURE AND SOCIETY	MEM	MEM 260
WASTE MANAGEMENT	MEM	MEM 274
ENVIRONMENTAL ECONOMICS	MEM	MEM 275
ENVIRONMENTAL IMPACT ASSESSMENT	MEM	MEM 276
ENVIRONMENTAL RISK ASSESSMENT AND MANAGEMENT	MEM	MEM 279
SEMINAR	MEM	MEM 290
COMPREHENSIVE EXAMINATIONS	MEM	MEM 296
MASTER'S PROJECT	MEM	MEM 298
CAPSTONE PROJECT FINAL ORAL DEFENSE	MEM	MEM 298.44
MARKETING MANAGEMENT	MKTG	MKTG 111
ENTREPRENEURIAL MARKETING (MGMT)	MKTG	MKTG 111.03
ENTREPRENEURIAL MARKETING (MAC)	MKTG	MKTG 111.04
INTERMEDIATE MARKETING	MKTG	MKTG 111.30
MARKETING COMMUNICATIONS	MKTG	MKTG 113
PUBLIC RELATIONS MANAGEMENT	MKTG	MKTG 114
BRAND MANAGEMENT	MKTG	MKTG 118
SALES MANAGEMENT	MKTG	MKTG 119
INTERNATIONAL MARKETING	MKTG	MKTG 125
INTERNATIONAL BUSINESS OPPORTUNITIES	MKTG	MKTG 125.03
DIGITAL MARKETING	MKTG	MKTG 126
SOCIAL MEDIA MARKETING	MKTG	MKTG 126.03I
MARKETING AND CONSUMER PSYCHOLOGY	MKTG	MKTG 128.03I
POLITICAL MARKETING	MKTG	MKTG 130
SUSTAINABILITY MARKETING	MKTG	MKTG 131I
SOMBA: BUSINESS VENTURE 1 (LECTURE)	MKTG	MKTG 140.01
SOMBA: BUSINESS VENTURE 2 (LABORATORY)	MKTG	MKTG 140.02
SOMBA: BUSINESS DEVELOPMENT 1 (LECTURE)	MKTG	MKTG 141.01
ENTREP SERIES 1: PRODUCT DEVELOPMENT AND MARKET ANALYSIS	MKTG	MKTG 145
START-UP OPERATIONS 2, LABORATORY (MAC)	MKTG	MKTG 145.02
ADVANCED MARKETING (RENT)	MKTG	MKTG 179.30
MARKETING RESEARCH	MKTG	MKTG 192
MARKETING RESEARCH (MGMT)	MKTG	MKTG 192.03
INTEGRATIVE PROJECT	MKTG	MKTG 198
MARKETING MANAGEMENT	MKTG	MKTG 211
BUSINESS PROCESS MANAGEMENT	MSYS	MSYS 111
ENTERPRISE SYSTEMS PLANNING	MSYS	MSYS 112
APPLICATIONS IN MEDICINE AND PUBLIC HEALTH INFORMATICS	MSYS	MSYS 116
APPLIED DIGITAL LAW AND ETHICS	MSYS	MSYS 121I
DATA AND INFORMATION MANAGEMENT	MSYS	MSYS 140
INFORMATION TECHNOLOGY PROJECT MANAGEMENT	MSYS	MSYS 141
INFORMATION TECHNOLOGY GOVERNANCE	MSYS	MSYS 142
IT SECURITY AND RISK MANAGEMENT	MSYS	MSYS 171
PRACTICUM	MSYS	MSYS 197
CAPSTONE PROJECT 1	MSYS	MSYS 198.1
CAPSTONE PROJECT 2	MSYS	MSYS 198.2
CAPSTONE PROJECT 3	MSYS	MSYS 198.3
THESIS WRITING 1	MSYS	MSYS 199.1
THESIS WRITING 2	MSYS	MSYS 199.2
THESIS WRITING 3	MSYS	MSYS 199.3
INTRODUCTION TO MANAGEMENT INFORMATION SYSTEMS	MSYS	MSYS 20
INTRODUCTION TO PROGRAMMING I	MSYS	MSYS 21
INTRODUCTION TO PROGRAMMING II	MSYS	MSYS 22
INTRODUCTION TO INFORMATION TECHNOLOGY	MSYS	MSYS 25
DATA STRUCTURES AND ALGORITHMS	MSYS	MSYS 30
BUSINESS APPLICATIONS DEVELOPMENT 1	MSYS	MSYS 40
BUSINESS APPLICATIONS DEVELOPMENT 2	MSYS	MSYS 41
BUSINESS APPLICATIONS DEVELOPMENT 3	MSYS	MSYS 42
ENTERPRISE ARCHITECTURE	MSYS	MSYS 50
INFORMATION TECHNOLOGY INFRASTRUCTURE	MSYS	MSYS 51
MIS GAMES AND STRATEGIES	MSYS	MSYS 60
CURRICULUM AND INSTRUCTION IN MATHEMATICS	MTHED	MTHED 201
SPECIAL TOPICS IN MATHEMATICS EDUCATION	MTHED	MTHED 280.1
SEMINAR ON RESEARCH IN MATHEMATICS EDUCATION	MTHED	MTHED 290.2
Seminar on Assessment in Mathematics	MTHED	MTHED 290.3
SEMINAR ON TECHNOLOGY IN MATHEMATICS EDUCATION	MTHED	MTHED 290.4
SEMINAR ON PSYCHOLOGY OF MATHEMATICS INSTRUCTION	MTHED	MTHED 290.5
COMPREHENSIVE EXAMINATION	MTHED	MTHED 296
SUBMISSION OF FINAL CAPSTONE PROJECT	MTHED	MTHED 298.66
SUBMISSION OF FINAL CAPSTONE PROJECT	MTHED	MTHED 298.77
THESIS I	MTHED	MTHED 299.1
THESIS PROPOSAL DEFENSE	MTHED	MTHED 299.19
THESIS II	MTHED	MTHED 299.2
ORAL DEFENSE	MTHED	MTHED 299.4
RESIDENCY	MTHED	MTHED 299.5
FINAL PAPER SUBMISSION	MTHED	MTHED 299.6
FINAL PAPER SUBMISSION	MTHED	MTHED 299.7
ADVANCED SPECIAL TOPICS IN MATHEMATICS EDUCATION	MTHED	MTHED 380.4
PROBLEM SOLVING, MODELING AND INVESTIGATIONS FOR TEACHING MATHEMATICS	MTHED	MTHED 380.5
RESEARCH IN MATHEMATICS EDUCATION I	MTHED	MTHED 392.1
RESEARCH IN MATHEMATICS EDUCATION II	MTHED	MTHED 392.2
RESEARCH IN MATHEMATICS EDUCATION III	MTHED	MTHED 392.3
COMPREHENSIVE EXAMINATIONS	MTHED	MTHED 396
SUBMISSION OF FINAL CAPSTONE PROJECT	MTHED	MTHED 398.66
SUBMISSION OF FINAL CAPSTONE PROJECT	MTHED	MTHED 398.77
DISSERTATION I	MTHED	MTHED 399.1
DISSERTATION PROPOSAL DEFENSE	MTHED	MTHED 399.19
DISSERTATION II	MTHED	MTHED 399.2
ORAL DEFENSE	MTHED	MTHED 399.4
RESIDENCY	MTHED	MTHED 399.5
FINAL PAPER SUBMISSION	MTHED	MTHED 399.6
FINAL PAPER SUBMISSION	MTHED	MTHED 399.7
CIVIC WELFARE TRAINING SERVICE	NSTP	NSTP 11(CWTS)
RESERVE OFFICERS' TRAINING CORPS	NSTP	NSTP 11(ROTC)
CIVIC WELFARE TRAINING SERVICE	NSTP	NSTP 12(CWTS)
RESERVE OFFICERS' TRAINING CORPS	NSTP	NSTP 12(ROTC)
PRODUCTION AND OPERATIONS MANAGEMENT	OPMAN	OPMAN 120
KITCHEN OPERATIONS MANAGEMENT (LAB)	OPMAN	OPMAN 122
CULINARY PRACTICE (LAB)	OPMAN	OPMAN 123
INTERMEDIATE PRODUCTION AND OPERATIONS MANAGEMENT	OPMAN	OPMAN 125
BUSINESS PROCESS RE-ENGINEERING	OPMAN	OPMAN 131.04
PRODUCT DEVELOPMENT	OPMAN	OPMAN 142
QUALITY SERVICE MANAGEMENT	OPMAN	OPMAN 151
FOOD QUALITY MANAGEMENT	OPMAN	OPMAN 159.03
PROJECT MANAGEMENT FUNDAMENTALS	OPMAN	OPMAN 160
PROJECT MANAGEMENT TOOLS AND TECHNIQUES	OPMAN	OPMAN 161
MANAGING PROJECT TEAMS	OPMAN	OPMAN 162
STRATEGIC PROJECT MANAGEMENT	OPMAN	OPMAN 163
FOOD AND BEVERAGE SERVICE (LAB)	OPMAN	OPMAN 172.03
FOOD AND BEVERAGE MANAGEMENT	OPMAN	OPMAN 172.04
AN OVERVIEW OF SUSTAINABLE OPERATIONS MANAGEMENT	OPMAN	OPMAN 221
BASIC BELLY DANCE	PE	PE 143
FUNDAMENTAL MOVEMENT FOR HEALTH AND FITNESS	PEPC	PEPC 10
PHYSICAL FITNESS	PEPC	PEPC 11.03
FITNESS WALKING	PEPC	PEPC 11.04
FUNCTIONAL TRAINING	PEPC	PEPC 11.05
CIRCUIT TRAINING	PEPC	PEPC 11.06
DANCE FUNDAMENTALS AND RHYTHMIC ACTIVITIES	PEPC	PEPC 11.13
AEROBICS	PEPC	PEPC 11.14
YOGA	PEPC	PEPC 11.15
FUNDAMENTALS OF SELF-DEFENSE	PEPC	PEPC 11.23
TAI CHI - SHIBASHI	PEPC	PEPC 11.24
POWERBOXING	PEPC	PEPC 11.25
FOUNDATIONAL MOVEMENT AND EXERCISE FOR GAMES AND SPORTS	PEPC	PEPC 11.30
ARNIS: NATIONAL SPORT	PEPC	PEPC 13.03
MUAY THAI	PEPC	PEPC 13.04
GASAIDO PENJAK SILAT	PEPC	PEPC 13.05
JUDO	PEPC	PEPC 13.07
TAEKKYEON	PEPC	PEPC 13.09
TAEKWONDO	PEPC	PEPC 13.14
TAI CHI	PEPC	PEPC 13.15
BASIC BELLY DANCE	PEPC	PEPC 14.04
BALLROOM DANCE	PEPC	PEPC 14.05
LINE DANCE	PEPC	PEPC 14.06
INTERMEDIATE BELLY DANCE	PEPC	PEPC 14.14
TAP DANCE	PEPC	PEPC 15.06
FOUNDATIONS AND FUNDAMENTALS OF BREAKIN'	PEPC	PEPC 15.07
STREET DANCE: HIP HOP & HOUSE DANCE	PEPC	PEPC 15.08
BASIC SURVIVAL SWIMMING	PEPC	PEPC 15.26
BADMINTON	PEPC	PEPC 16.03
TABLE TENNIS	PEPC	PEPC 16.04
LAWN TENNIS	PEPC	PEPC 16.05
FENCING	PEPC	PEPC 16.15
CHESS	PEPC	PEPC 16.19
WEIGHT TRAINING	PEPC	PEPC 16.20
SWIMMING	PEPC	PEPC 17.13
BASKETBALL	PEPC	PEPC 18.03
VOLLEYBALL	PEPC	PEPC 18.04
RECREATIONAL ACTIVITIES	PEPC	PEPC 19.03
ATHLETIC TRAINING AND CONDITIONING I	PEPC	PEPC 19.53
ATHLETIC TRAINING AND CONDITIONING II	PEPC	PEPC 19.54
THE HUMAN CONDITION: IN THE AMBIT OF LIVED EXPERIENCE (PHENOMENOLOGICAL TRACK)	PHILO	PHILO 11.03
THE HUMAN CONDITION: ADVENTURES IN BEING (METAPHYSICAL TRACK)	PHILO	PHILO 11.04
THE HUMAN CONDITION: THE POLITICAL DIMENSION	PHILO	PHILO 11.05
THE HUMAN CONDITION: HOW DO WE COME TO KNOW ANYTHING (EPISTEMOLOGICAL TRACK)	PHILO	PHILO 11.06
PHILOSOPHY OF RELIGION	PHILO	PHILO 12
ENVIRONMENTAL ETHICS	PHILO	PHILO 126.06
PHILOSOPHICAL PERSPECTIVES ON PHILIPPINE SOCIAL THEORY	PHILO	PHILO 127.07
SPECIAL QUESTIONS IN PHILOSOPHY: PHILOSOPHY OF EMBODIMENT	PHILO	PHILO 127.08
ETHICS	PHILO	PHILO 13
THE VALUE AND AIMS OF EDUCATION	PHILO	PHILO 132.2I
BUDDHIST THOUGHT	PHILO	PHILO 144.13
SCIENCE AND RELIGION	PHILO	PHILO 190.1
PHILOSOPHY OF WOMAN	PHILO	PHILO 190.3
COMPREHENSIVE ORAL EXAMS	PHILO	PHILO 196
METHODS OF RESEARCH 1: THESIS PROPOSAL	PHILO	PHILO 199.1
METHODS OF RESEARCH 2: THESIS DEFENSE	PHILO	PHILO 199.2
INTRODUCTION TO PHILOSOPHY	PHILO	PHILO 20
ADVANCED REFLEXIVE METAPHYSICS	PHILO	PHILO 201
THEORY OF KNOWLEDGE	PHILO	PHILO 202
LOGIC	PHILO	PHILO 21
AUGUSTINE	PHILO	PHILO 214.4
HISTORY OF ANCIENT INDIAN THOUGHT	PHILO	PHILO 215
BUDDHIST THOUGHT:  PHILOSOPHICAL PSYCHOLOGY	PHILO	PHILO 215.3
KANT	PHILO	PHILO 218.7
LEVINAS	PHILO	PHILO 219.19
RICOEUR	PHILO	PHILO 219.23
AESTHETICS	PHILO	PHILO 22
CRITICAL THEORY	PHILO	PHILO 228
METAPHYSICS	PHILO	PHILO 23
SOCIAL ETHICS	PHILO	PHILO 236.6
EPISTEMOLOGY	PHILO	PHILO 24
POLITICAL PHILOSOPHY:  PHILOSOPHY OF LAW	PHILO	PHILO 246
POLITICAL PHILOSOPHY	PHILO	PHILO 25
ADVANCED AESTHETICS	PHILO	PHILO 253.3
BUDDHIST THOUGHT	PHILO	PHILO 261
PHILOSOPHICAL QUESTIONS IN EDUCATION: THE AIMS OF EDUCATION	PHILO	PHILO 275.1
PHILOSOPHICAL PERSPECTIVES	PHILO	PHILO 281
METHODS OF RESEARCH	PHILO	PHILO 292
COMPREHENSIVE EXAMINATIONS	PHILO	PHILO 296
SUBMISSION OF FINAL CAPSTONE PROJECT	PHILO	PHILO 298.66
SUBMISSION OF FINAL CAPSTONE PROJECT	PHILO	PHILO 298.77
THESIS I	PHILO	PHILO 299.1
THESIS PROPOSAL DEFENSE	PHILO	PHILO 299.19
THESIS II	PHILO	PHILO 299.2
ORAL DEFENSE	PHILO	PHILO 299.4
RESIDENCY	PHILO	PHILO 299.5
FINAL PAPER SUBMISSION (MASTERS)	PHILO	PHILO 299.6
FINAL PAPER SUBMISSION (MASTERS)	PHILO	PHILO 299.7
PHILOSOPHY OF SCIENCE	PHILO	PHILO 30
ADVANCED THEORIES IN ETHICS	PHILO	PHILO 302
PHILOSOPHY OF LANGUAGE	PHILO	PHILO 31
Augustine	PHILO	PHILO 314.4
ANCIENT INDIAN THOUGHT	PHILO	PHILO 315
ANCIENT INDIAN THOUGHT:  BUDDHIST PHILOSOPHICAL PSYCHOLOGY	PHILO	PHILO 315.3
KANT	PHILO	PHILO 318.7
LEVINAS	PHILO	PHILO 319.19
RICOEUR	PHILO	PHILO 319.23
HABERMAS	PHILO	PHILO 319.26
SOCIAL ETHICS	PHILO	PHILO 336.6
PHILOSOPHY OF LAW	PHILO	PHILO 346
BUDDHIST THOUGHT	PHILO	PHILO 361
SEMINAR ON FILIPINO PHILOSOPHY	PHILO	PHILO 364
PHILOSOPHICAL TOPICS	PHILO	PHILO 380
PHILOSOPHICAL FOUNDATIONS OF EDUCATION	PHILO	PHILO 381.3
ADVANCED EPISTEMOLOGY	PHILO	PHILO 381.4
RESEARCH SEMINAR IN PHILOSPHY	PHILO	PHILO 392
COMPREHENSIVE EXAMINATIONS	PHILO	PHILO 396
PRACTICUM	PHILO	PHILO 397
RESEARCH APPRENTICESHIP	PHILO	PHILO 397.1
SUBMISSION OF FINAL CAPSTONE PROJECT	PHILO	PHILO 398.66
SUBMISSION OF FINAL CAPSTONE PROJECT	PHILO	PHILO 398.77
DISSERTATION I	PHILO	PHILO 399.1
DISSERTATION PROPOSAL DEFENSE	PHILO	PHILO 399.19
DISSERTATION II	PHILO	PHILO 399.2
ORAL DEFENSE	PHILO	PHILO 399.4
RESIDENCY	PHILO	PHILO 399.5
FINAL PAPER SUBMISSION (DOCTORAL)	PHILO	PHILO 399.6
FINAL PAPER SUBMISSION (DOCTORAL)	PHILO	PHILO 399.7
INDIAN PHILOSOPHY	PHILO	PHILO 40
FILIPINO PHILOSOPHY	PHILO	PHILO 43
ANCIENT WESTERN PHILOSOPHY	PHILO	PHILO 50
MEDIEVAL WESTERN PHILOSOPHY	PHILO	PHILO 51
SWIMMING	PHYED	PHYED 100
BASIC SURVIVAL SWIMMING	PHYED	PHYED 100.20
AEROBICS	PHYED	PHYED 112
WEIGHT TRAINING	PHYED	PHYED 114
CIRCUIT TRAINING	PHYED	PHYED 115
TAI-CHI	PHYED	PHYED 116
YOGA	PHYED	PHYED 117
BADMINTON	PHYED	PHYED 121
TABLE TENNIS	PHYED	PHYED 122
LAWN TENNIS	PHYED	PHYED 123
FITNESS WALKING	PHYED	PHYED 124.10
GYMNASTICS	PHYED	PHYED 125
CHESS	PHYED	PHYED 127
FENCING	PHYED	PHYED 128
BASKETBALL	PHYED	PHYED 134
VOLLEYBALL	PHYED	PHYED 135
ARNIS	PHYED	PHYED 141
GASAIDO PENJAK SILAT	PHYED	PHYED 143
JUDO	PHYED	PHYED 144
MUAY THAI	PHYED	PHYED 146
TAEKWONDO	PHYED	PHYED 149
TAP DANCE	PHYED	PHYED 152
BASIC BELLY DANCE	PHYED	PHYED 153
BALLROOM DANCING	PHYED	PHYED 154
FOUNDATION AND FUNDAMENTALS OF BREAKIN'	PHYED	PHYED 156
STREETDANCE	PHYED	PHYED 157
RECREATIONAL ACTIVITIES	PHYED	PHYED 161
CAPABILITY FOR OUTDOOR RESEARCH AND EXPLORATION (CORE)	PHYED	PHYED 162
ATHLETIC TRAINING AND CONDITIONING I	PHYED	PHYED 171
ATHLETIC TRAINING AND CONDITIONING II	PHYED	PHYED 171.10
ATHLETIC TRAINING AND CONDITIONING III	PHYED	PHYED 171.20
ATHLETIC TRAINING AND CONDITIONING IV	PHYED	PHYED 171.30
INTRODUCTORY PHYSICS, LECTURE	PHYS	PHYS 10.01
INTRODUCTORY PHYSICS, LABORATORY	PHYS	PHYS 10.02
MATHEMATICAL PHYSICS I	PHYS	PHYS 111
MATHEMATICAL PHYSICS II	PHYS	PHYS 112
MATHEMATICAL PHYSICS III	PHYS	PHYS 113
MATHEMATICAL PHYSICS IV	PHYS	PHYS 114
CLASSICAL MECHANICS I	PHYS	PHYS 121
CLASSICAL MECHANICS II	PHYS	PHYS 122
FLUID MECHANICS	PHYS	PHYS 123
ELECTROMAGNETICS	PHYS	PHYS 131
ELECTROMAGNETIC ENERGY TRANSFER	PHYS	PHYS 132
OPTICS, LECTURE	PHYS	PHYS 135.01
OPTICS, LABORATORY	PHYS	PHYS 135.02
INTRODUCTION TO QUANTUM MECHANICS I	PHYS	PHYS 141
INTRODUCTORY THERMODYNAMICS AND STATISTICAL MECHANICS	PHYS	PHYS 151
ELECTRONICS	PHYS	PHYS 160
PHYSICAL ELECTRONICS, LECTURE	PHYS	PHYS 161.01
PHYSICAL ELECTRONICS, LABORATORY	PHYS	PHYS 161.02
COMPUTATIONAL PHYSICS, LECTURE	PHYS	PHYS 162.01I
COMPUTATIONAL PHYSICS, LABORATORY	PHYS	PHYS 162.02
TOPICS IN ENVIRONMENTAL PHYSICS SERIES I	PHYS	PHYS 180.1
TOPICS IN ENVIRONMENTAL PHYSICS SERIES II	PHYS	PHYS 180.2
CLIMATE CHANGE AND DISASTER RISK	PHYS	PHYS 180.5I
TOPICS IN MATERIALS PHYSICS SERIES I	PHYS	PHYS 181.1
TOPICS IN MATERIALS PHYSICS SERIES II	PHYS	PHYS 181.2
PHYSICS IN SOCIETY WITH PRACTICUM	PHYS	PHYS 197
UNDERGRADUATE THESIS I	PHYS	PHYS 199.1
UNDERGRADUATE THESIS II	PHYS	PHYS 199.2
UNDERGRADUATE THESIS III	PHYS	PHYS 199.3
UNDERGRADUATE THESIS IV	PHYS	PHYS 199.4
ELEMENTARY PHYSICS I, LECTURE	PHYS	PHYS 20.01
ELEMENTARY PHYSICS I, LABORATORY	PHYS	PHYS 20.02
ELEMENTARY PHYSICS II, LECTURE	PHYS	PHYS 21.01
ELEMENTARY PHYSICS II, LABORATORY	PHYS	PHYS 21.02
THEORETICAL MECHANICS	PHYS	PHYS 221
INTRODUCTION TO GEOPHYSICAL FLUID DYNAMICS	PHYS	PHYS 224
UNIVERSITY PHYSICS I, LECTURE	PHYS	PHYS 23.01
UNIVERSITY PHYSICS I, LABORATORY	PHYS	PHYS 23.02
UNIVERSITY PHYSICS FOR COMPUTER SCIENCE I, LECTURE	PHYS	PHYS 23.11
UNIVERSITY PHYSICS FOR COMPUTER SCIENCE I, LABORATORY	PHYS	PHYS 23.12
UNIVERSITY PHYSICS FOR ENVIRONMENTAL SCIENCE I, LECTURE	PHYS	PHYS 23.21
UNIVERSITY PHYSICS FOR ENVIRONMENTAL SCIENCE I, LABORATORY	PHYS	PHYS 23.22
CLASSICAL ELECTRODYNAMICS I	PHYS	PHYS 231
QUANTUM MECHANICS I	PHYS	PHYS 241
QUANTUM MECHANICS II	PHYS	PHYS 242
GENERAL PHYSICS I, LECTURE	PHYS	PHYS 25.01
GENERAL PHYSICS I, LABORATORY	PHYS	PHYS 25.02
STATISTICAL MECHANICS	PHYS	PHYS 251
THERMODYNAMICS AND PHASE TRANSFORMATIONS	PHYS	PHYS 256
GRADUATE COLLOQUIUM	PHYS	PHYS 290.1
GRADUATE COLLOQUIUM	PHYS	PHYS 290.2
GRADUATE SEMINAR	PHYS	PHYS 291
COMPREHENSIVE EXAMINATIONS	PHYS	PHYS 296
SUBMISSION OF FINAL CAPSTONE PROJECT	PHYS	PHYS 298.66
SUBMISSION OF FINAL CAPSTONE PROJECT	PHYS	PHYS 298.77
THESIS I	PHYS	PHYS 299.1
THESIS PROPOSAL DEFENSE	PHYS	PHYS 299.19
THESIS II	PHYS	PHYS 299.2
ORAL DEFENSE	PHYS	PHYS 299.4
RESIDENCY	PHYS	PHYS 299.5
FINAL PAPER SUBMISSION	PHYS	PHYS 299.6
FINAL PAPER SUBMISSION	PHYS	PHYS 299.7
ANALYTICAL PHYSICS I, LECTURE	PHYS	PHYS 31.01
ANALYTICAL PHYSICS I, LABORATORY	PHYS	PHYS 31.02
ANALYTICAL PHYSICS FOR ENGINEERING 1, LECTURE	PHYS	PHYS 31.31
ANALYTICAL PHYSICS FOR ENGINEERING 1, LABORATORY	PHYS	PHYS 31.32
ANALYTICAL PHYSICS II, LECTURE	PHYS	PHYS 32.01
ANALYTICAL PHYSICS II, LABORATORY	PHYS	PHYS 32.02
ANALYTICAL PHYSICS III, LECTURE	PHYS	PHYS 33.01
ANALYTICAL PHYSICS III, LABORATORY	PHYS	PHYS 33.02
ANALYTICAL PHYSICS IV, LECTURE	PHYS	PHYS 34.01
ANALYTICAL PHYSICS IV, LABORATORY	PHYS	PHYS 34.02
SUBMISSION OF FINAL CAPSTONE PROJECT	PHYS	PHYS 398.66
SUBMISSION OF FINAL CAPSTONE PROJECT	PHYS	PHYS 398.77
DISSERTATION I	PHYS	PHYS 399.1
DISSERTATION PROPOSAL DEFENSE	PHYS	PHYS 399.19
DISSERTATION II	PHYS	PHYS 399.2
ORAL DEFENSE	PHYS	PHYS 399.4
RESIDENCY	PHYS	PHYS 399.5
FINAL PAPER SUBMISSION	PHYS	PHYS 399.6
FINAL PAPER SUBMISSION	PHYS	PHYS 399.7
PROJECT I	PHYSE	PHYSE 298.1
CAPSTONE PROJECT PROPOSAL DEFENSE	PHYSE	PHYSE 298.19
PROJECT II	PHYSE	PHYSE 298.2
INTRODUKSYON SA PANITIKAN AT PAMPANITIKANG PAG-AARAL	PNTKN	PNTKN 111
INTRODUKSYON SA TEORYANG PAMPANITIKAN	PNTKN	PNTKN 112
INTRODUKSYON SA TEORYANG PANGKULTURA	PNTKN	PNTKN 113
MGA PORMALISMONG FILIPINO: MAIKLING KUWENTO & NOBELA	PNTKN	PNTKN 119.2
MGA KATAWANG FILIPINO: QUEER	PNTKN	PNTKN 129.2
MGA KATAWANG FILIPINO: PAGKALALAKI	PNTKN	PNTKN 129.3
MGA PANITIKAN AT PELIKULA NG SIYUDAD: PANAHON NG BATAS MILITAR	PNTKN	PNTKN 135.03I
ANG LUNAN SA PILIPINAS	PNTKN	PNTKN 136
KULTURANG POPULAR AT USAPIN NG KASARIAN	PNTKN	PNTKN 149.03I
MGA DALUMAT NG WIKA SA PANITIKAN	PNTKN	PNTKN 152
MIDYANG FILIPINO: HYPERMEDIA	PNTKN	PNTKN 159.5
PAMPANITIKANG PANANALIKSIK	PNTKN	PNTKN 192
DEPENSA NG TESIS	PNTKN	PNTKN 199.3
TEORYA AT KRITISISMONG PAMPANITIKAN	PNTKN	PNTKN 201
KRITISISMONG PAMPANITIKAN NG PILIPINAS	PNTKN	PNTKN 202
MAPANURING KASAYSAYAN NG PANITIKAN NG PILIPINAS	PNTKN	PNTKN 203
ARALING HENERIKO:  MAIKLING KWENTONG FILIPINO	PNTKN	PNTKN 212.4
ARALING KRITIKAL:  MARXISMO SA PANITIKANG FILIPINO	PNTKN	PNTKN 215.1
PAMARAAN NG PAGSASALIKSIK NA PAMPANITIKAN	PNTKN	PNTKN 292
COMPREHENSIVE EXAMINATIONS	PNTKN	PNTKN 296
SUBMISSION OF FINAL CAPSTONE PROJECT	PNTKN	PNTKN 298.66
SUBMISSION OF FINAL CAPSTONE PROJECT	PNTKN	PNTKN 298.77
THESIS I	PNTKN	PNTKN 299.1
THESIS PROPOSAL DEFENSE	PNTKN	PNTKN 299.19
THESIS II	PNTKN	PNTKN 299.2
ORAL DEFENSE	PNTKN	PNTKN 299.4
RESIDENCY	PNTKN	PNTKN 299.5
FINAL PAPER SUBMISSION (MASTERS)	PNTKN	PNTKN 299.6
FINAL PAPER SUBMISSION (MASTERS)	PNTKN	PNTKN 299.7
COMPARATIVE POLITICS	POLSC	POLSC 110
COMPARATIVE POLITICS (ASIA)	POLSC	POLSC 111
COMPARATIVE MILITARIES IN ASIA	POLSC	POLSC 111.10
POLITICS AND GOVERNANCE IN SOUTHEAST ASIA	POLSC	POLSC 112
MODERNIZATION OF JAPAN	POLSC	POLSC 114.10
RELIGION AND POLITICS	POLSC	POLSC 116
FUNDAMENTALS OF PUBLIC MANAGEMENT	POLSC	POLSC 120
PUBLIC POLICY	POLSC	POLSC 121
THE POLITICS OF DEVELOPMENT POLICY	POLSC	POLSC 121.10
ENVIRONMENTAL POLICIES	POLSC	POLSC 121.30
PARTICIPATORY GOVERNANCE	POLSC	POLSC 124
INTERNATIONAL RELATIONS	POLSC	POLSC 130
KOREA - ASEAN RELATIONS	POLSC	POLSC 130.30
INTERNATIONAL POLITICAL ECONOMY	POLSC	POLSC 131
THE STATE AND ECONOMIC DEVELOPMENT: EAST AND SOUTHEAST ASIA	POLSC	POLSC 131.40
INTERNATIONAL LAW	POLSC	POLSC 132
INTERNATIONAL HUMAN RIGHTS AND DOMESTIC LEGAL PROCESSES	POLSC	POLSC 132.10
COMPARATIVE PEACE PROCESSES	POLSC	POLSC 134.20
PHILIPPINE FOREIGN POLICY	POLSC	POLSC 135
DIPLOMACY AND CONSULAR PRACTICE	POLSC	POLSC 136
ISSUES AND PROBLEMS IN DIPLOMACY AND CONSULAR PRACTICE	POLSC	POLSC 136.10
GOVERNMENT AND POLITICS OF JAPAN	POLSC	POLSC 142
GLOBAL GOVERNANCE	POLSC	POLSC 150
PHILIPPINE-JAPANESE RELATIONS	POLSC	POLSC 161
THEORIES AND ISSUES OF HUMAN SECURITY IN EAST AND SOUTHEAST ASIA	POLSC	POLSC 180.70
SPECIAL TOPICS IN PHILIPPINE POLITICS: LEGAL ISSUES IN DEVELOPMENT	POLSC	POLSC 186.40
CORRUPTION	POLSC	POLSC 188.30
QUANTITATIVE METHODS IN THE SOCIAL SCIENCES	POLSC	POLSC 193
QUALITATIVE METHODS IN THE SOCIAL SCIENCES	POLSC	POLSC 194
DIRECTED STUDY: PRACTICUM	POLSC	POLSC 197
DIRECTED STUDY: RESEARCH	POLSC	POLSC 199
INTRODUCTION TO POLITICAL SCIENCE	POLSC	POLSC 20
FOUNDATIONS AND FRAMEWORK FOR POLITICAL RESEARCH AND ANALYSIS	POLSC	POLSC 201
GRADUATE SEMINAR IN COMPARATIVE POLITICS	POLSC	POLSC 202
GRADUATE SEMINAR IN INTERNATIONAL RELATIONS	POLSC	POLSC 203
PHILIPPINE POLITICS AND GOVERNANCE	POLSC	POLSC 21
GRADUATE SEMINAR IN PUBLIC POLICY	POLSC	POLSC 221
BUDGET PROCESS, POLICY AND POLITICS	POLSC	POLSC 221.10
GENDER AND TRANSITIONAL JUSTICE	POLSC	POLSC 233.31
QUALITATIVE AND QUANTITATIVE  METHODS FOR POLITICAL RESEARCH	POLSC	POLSC 292
COMPREHENSIVE EXAMINATIONS	POLSC	POLSC 296
SUBMISSION OF FINAL CAPSTONE PROJECT	POLSC	POLSC 298.66
SUBMISSION OF FINAL CAPSTONE PROJECT	POLSC	POLSC 298.77
THESIS I	POLSC	POLSC 299.1
THESIS PROPOSAL DEFENSE	POLSC	POLSC 299.19
THESIS II	POLSC	POLSC 299.2
ORAL DEFENSE	POLSC	POLSC 299.4
RESIDENCY	POLSC	POLSC 299.5
FINAL PAPER SUBMISSION	POLSC	POLSC 299.6
FINAL PAPER SUBMISSION	POLSC	POLSC 299.7
HISTORY OF POLITICAL THEORY	POLSC	POLSC 30
CONTEMPORARY POLITICAL THEORIES	POLSC	POLSC 31
BASIC PORTUGUESE 1 LANGUAGE AND CULTURE	PORT	PORT 11
LEADERSHIP IN PUBLIC SERVICE	POSPM	POSPM 201
UNDERSTANDING THE BUREAUCRACY	POSPM	POSPM 202
POWER, ETHICS AND ACCOUNTABILITY	POSPM	POSPM 203
PUBLIC POLICY DEVELOPMENT AND ANALYSIS	POSPM	POSPM 204
TEACHING PHYSICS	PS	PS ED 200.11
FIELD METHODS, LECTURE	PSYC	PSYC 192.01
FIELD METHODS, LABORATORY	PSYC	PSYC 192.02
INTRODUCTION TO PSYCHOLOGICAL RESEARCH	PSYC	PSYC 192.11
PRACTICUM	PSYC	PSYC 197
RESEARCH IN PSYCHOLOGY I	PSYC	PSYC 199.1
RESEARCH IN PSYCHOLOGY II	PSYC	PSYC 199.2
GENERAL PSYCHOLOGY	PSYC	PSYC 20
DEVELOPMENT OF PSYCHOLOGICAL THOUGHT:  HISTORY, PERSPECTIVE AND EMERGING TRENDS	PSYC	PSYC 201
APPLIED RESEARCH I	PSYC	PSYC 209
PHYSIOLOGICAL PSYCHOLOGY	PSYC	PSYC 21
RESEARCH SEMINAR I	PSYC	PSYC 210
ADVANCED PERSONALITY PSYCHOLOGY	PSYC	PSYC 211
ADVANCED PSYCHOLOGICAL ASSESSMENT	PSYC	PSYC 212
ADVANCED ABNORMAL PSYCHOLOGY	PSYC	PSYC 213
COUNSELING AND PSYCHOTHERAPY	PSYC	PSYC 214
GROUP THERAPY	PSYC	PSYC 215
HYPNOSIS AND HYPNOTHERAPY	PSYC	PSYC 219.03
PSYCHOLOGY OF DISASTER RESPONSE	PSYC	PSYC 219.06
MARRIAGE AND FAMILY THERAPY	PSYC	PSYC 219.07
SOCIAL PSYCHOLOGY	PSYC	PSYC 22
ADVANCED DEVELOPMENTAL PSYCHOLOGY	PSYC	PSYC 220
HUMAN DEVELOPMENT IN FAMILY, SOCIETY, AND CULTURE	PSYC	PSYC 221
FAMILY, SCHOOL AND COMMUNITY INTERVENTIONS	PSYC	PSYC 222
INFANCY AND CHILDHOOD	PSYC	PSYC 223
ADOLESCENT DEVELOPMENT	PSYC	PSYC 224
SOCIOEMOTIONAL DEVELOPMENT	PSYC	PSYC 226
COGNITIVE PSYCHOLOGY	PSYC	PSYC 23
ORGANIZATIONAL PSYCHOLOGY	PSYC	PSYC 230
HUMAN RESOURCE DEVELOPMENT	PSYC	PSYC 231
PSYCHOLOGY OF PLANNED CHANGE	PSYC	PSYC 232
STRATEGIC HUMAN RESOURCE MANAGEMENT	PSYC	PSYC 233
ORGANIZATIONAL DEVELOPMENT INTERVENTIONS	PSYC	PSYC 234
THEORIES OF PERSONALITY	PSYC	PSYC 24
ADVANCED SOCIAL PSYCHOLOGY	PSYC	PSYC 240
PROCESS FACILITATION	PSYC	PSYC 241
ENVIRONMENTAL PSYCHOLOGY	PSYC	PSYC 249.05
SEMINAR IN SOCIAL PSYCHOLOGY:  SOCIAL ISSUES	PSYC	PSYC 249.44
DEVELOPMENTAL PSYCHOLOGY	PSYC	PSYC 25
POSITIVE PSYCHOLOGY	PSYC	PSYC 251.7
ABNORMAL PSYCHOLOGY	PSYC	PSYC 26
INDUSTRIAL ORGANIZATIONAL PSYCHOLOGY	PSYC	PSYC 27
CULTURE AND PSYCHOLOGY	PSYC	PSYC 28
QUANTITATIVE METHODS I	PSYC	PSYC 293
QUALITATIVE METHODS I	PSYC	PSYC 294
COMPREHENSIVE EXAMINATIONS	PSYC	PSYC 296
PRACTICUM IN COUNSELING/ DEVELOPMENTAL PSYCHOLOGY	PSYC	PSYC 297.1
PRACTICUM IN COUNSELING/ DEVELOPMENTAL PSYCHOLOGY	PSYC	PSYC 297.2
PRACTICUM IN SOCIAL/ORGANIZATIONAL PSYCHOLOGY	PSYC	PSYC 297.3
PRACTICUM IN SOCIAL/ORGANIZATIONAL PSYCHOLOGY	PSYC	PSYC 297.4
CULMINATING PROJECT	PSYC	PSYC 298
CAPSTONE PROJECT FINAL ORAL DEFENSE	PSYC	PSYC 298.44
SUBMISSION OF FINAL CAPSTONE PROJECT	PSYC	PSYC 298.66
SUBMISSION OF FINAL CAPSTONE PROJECT	PSYC	PSYC 298.77
THESIS I	PSYC	PSYC 299.1
THESIS PROPOSAL DEFENSE	PSYC	PSYC 299.19
THESIS II	PSYC	PSYC 299.2
ORAL DEFENSE	PSYC	PSYC 299.4
RESIDENCY	PSYC	PSYC 299.5
FINAL PAPER SUBMISSION	PSYC	PSYC 299.6
FINAL PAPER SUBMISSION	PSYC	PSYC 299.7
RESEARCH SEMINAR II	PSYC	PSYC 310
GROUP THERAPY II	PSYC	PSYC 312
RESEARCH AND DEVELOPMENT IN PHILIPPINE PSYCHOLOGY	PSYC	PSYC 320
PSYCHOMETRIC THEORY	PSYC	PSYC 321
SUPERVISED STUDY	PSYC	PSYC 322
SUPERVISED STUDY I	PSYC	PSYC 322.1
QUANTITATIVE METHODS II	PSYC	PSYC 393
QUALITATIVE METHODS II	PSYC	PSYC 394
COMPREHENSIVE EXAMINATIONS	PSYC	PSYC 396
INTERNSHIP I	PSYC	PSYC 397.1
INTERNSHIP II	PSYC	PSYC 397.2
DOCTORAL INTERNSHIP I	PSYC	PSYC 397.3
DOCTORAL INTERNSHIP II	PSYC	PSYC 397.4
DISSERTATION I	PSYC	PSYC 399.1
DISSERTATION PROPOSAL DEFENSE	PSYC	PSYC 399.19
DISSERTATION II	PSYC	PSYC 399.2
ORAL DEFENSE	PSYC	PSYC 399.4
RESIDENCY	PSYC	PSYC 399.5
FINAL PAPER SUBMISSION	PSYC	PSYC 399.6
FINAL PAPER SUBMISSION	PSYC	PSYC 399.7
EMPLOYEE SELECTION AND DEVELOPMENT	PSYC	PSYC 50.05
STRATEGIC HUMAN RESOURCE MANAGEMENT	PSYC	PSYC 50.07
LEADERSHIP SELECTION AND DEVELOPMENT IN ORGANIZATIONS	PSYC	PSYC 50.08I
TEACHING YOUNG CHILDREN	PSYC	PSYC 70.05I
BASIC COUNSELING PRINCIPLES AND TECHNIQUES FOR INDIVIDUAL AND GROUP SETTINGS	PSYC	PSYC 70.06
HYPNOSIS AND HYPNOTHERAPHY	PSYC	PSYC 70.08
POSITIVE PSYCHOLOGY	PSYC	PSYC 70.09
INTRODUCTION TO ASSESSMENT AND MANAGEMENT OF DEVELOPMENT DISABILITIES	PSYC	PSYC 70.16
GENDER AND SEXUALITY	PSYC	PSYC 80.05I
GENIUS AND MADNESS: ABNORMAL PSYCHOLOGY IN WESTERN ARTS, LITERATURE AND HISTORY	PSYC	PSYC 80.06I
DISASTER AND MENTAL HEALTH	PSYC	PSYC 80.08I
THE SCIENCE OF HAPPINESS	PSYC	PSYC 80.19I
PSYCHOLOGICAL STATISTICS, LECTURE	PSYC	PSYC 90.01
PSYCHOLOGICAL STATISTICS, LABORATORY	PSYC	PSYC 90.02
EXPERIMENTAL PSYCHOLOGY, LECTURE	PSYC	PSYC 91.01
EXPERIMENTAL PSYCHOLOGY, LABORATORY	PSYC	PSYC 91.02
PSYCHOLOGICAL ASSESSMENT, LECTURE	PSYC	PSYC 92.01
PSYCHOLOGICAL ASSESSMENT, LABORATORY	PSYC	PSYC 92.02
APPLIED STATISTICAL MODELLING	QUANT	QUANT 121
BASIC PRINCIPLES OF OPERATIONS RESEARCH	QUANT	QUANT 160
INTERMEDIATE OPERATIONS RESEARCH	QUANT	QUANT 162
ADVANCED OPERATIONS RESEARCH	QUANT	QUANT 163
OPERATIONS RESEARCH MODELLING APPLICATION	QUANT	QUANT 164
OPERATIONS RESEARCH APPLICATION	QUANT	QUANT 165
INTEGRATED CASE STUDY: HUMAN RESOURCES AND FINANCE	QUANT	QUANT 170.10
INTEGRATED CASE STUDY: OPERATIONS AND MARKETING	QUANT	QUANT 170.20
RESEARCH METHODS AND BUSINESS MODELLING TECHNIQUES	QUANT	QUANT 192
GUIDED STUDY IN QUANTITATIVE METHODS	QUANT	QUANT 193
THESIS/FEASIBILITY STUDY	QUANT	QUANT 199
APPLIED STATISTICS: TOOLS AND APPLICATIONS	QUANT	QUANT 30
STATISTICAL ANALYSIS	QUANT	QUANT 33
STATISTICAL MODELING	QUANT	QUANT 34
TEACHING DOCTRINE	RELED	RELED 201
TEACHING FUNDAMENTAL MORAL THEOLOGY	RELED	RELED 203
TEACHING WORSHIP AND SPIRITUALITY	RELED	RELED 204
TEACHING ECCLESIOLOGY	RELED	RELED 205
INTERPRETING SACRED SCRIPTURE FOR TEACHING	RELED	RELED 214
TEACHING SPECIAL TOPICS IN MORAL THEOLOGY	RELED	RELED 220
CONSTRUCTING SYLLABI/CURRICULA	RELED	RELED 221
DESIGNING CATECHETICAL MATERIALS	RELED	RELED 231
DOCTRINE, MORALS, AND WORSHIP:  A SYNTHESIS	RELED	RELED 240
CONTEMPORARY TOPICS	RELED	RELED 241
INTEGRATED, INCULTURATED, AND COMMUNITY FORMING PEDAGOGIES	RELED	RELED 292
SOURCES AND RESEARCH STRATEGIES FOR RELIGIOUS EDUCATION	RELED	RELED 294
COMPREHENSIVE EXAMINATIONS	RELED	RELED 296
READINGS IN MORAL THEOLOGY	RELED	RELED 297.3
READINGS IN WORSHIP AND SPIRITUALITY	RELED	RELED 297.4
CAPSTONE PROJECT	RELED	RELED 298
THESIS I	RELED	RELED 299.1
THESIS PROPOSAL DEFENSE	RELED	RELED 299.19
THESIS II	RELED	RELED 299.2
THESIS FINAL ORAL DEFENSE	RELED	RELED 299.4
FINAL PAPER SUBMISSION (MASTERS)	RELED	RELED 299.6
FOUNDATIONS OF SCIENCE EDUCATION AND LEARNING PROCESSES IN MATH AND SCIENCE	SCIED	SCIED 201
INTEGRATED SCIENCE 1: ENVIRONMENTAL SCIENCE	SCIED	SCIED 271
INTEGRATED SCIENCE 5 - INTERACTIONS AND CYCLES	SCIED	SCIED 275
SCIENCE CURRICULUM DEVELOPMENT	SCIED	SCIED 282
LABORATORY PRACTICES AND EXPERIMENTAL DESIGN	SCIED	SCIED 284
GRADUATE SEMINAR	SCIED	SCIED 290
SEMINAR ON SCIENTIFIC WRITING AND PUBLISHING	SCIED	SCIED 290.1
COMPREHENSIVE EXAMINATIONS	SCIED	SCIED 296
SUBMISSION OF FINAL CAPSTONE PROJECT	SCIED	SCIED 298.66
SUBMISSION OF FINAL CAPSTONE PROJECT	SCIED	SCIED 298.77
THESIS I	SCIED	SCIED 299.1
THESIS PROPOSAL DEFENSE	SCIED	SCIED 299.19
THESIS II	SCIED	SCIED 299.2
ORAL DEFENSE	SCIED	SCIED 299.4
RESIDENCY	SCIED	SCIED 299.5
FINAL PAPER SUBMISSION	SCIED	SCIED 299.6
FINAL PAPER SUBMISSION	SCIED	SCIED 299.7
COMPARATIVE ASEAN HEALTH POLICIES	SEAS	SEAS 103I
FEMINIST THEORIES	SOAN	SOAN 103.7
CITIES AND SOCIETY	SOAN	SOAN 123.1
SEX, CULTURE, AND SOCIETY	SOAN	SOAN 137.1
CULTURE, BUSINESS AND CHANGE	SOAN	SOAN 155.1
CULTURE AND THE SENSES	SOAN	SOAN 173
TOPICS IN SOCIOLOGY AND ANTHROPOLOGY: MEDIA AND SOCIAL MEDIA	SOAN	SOAN 180.3
ATENEO SOCIAL AND CULTURAL LABORATORY I	SOAN	SOAN 197.1
ATENEO SOCIAL AND CULTURAL LABORATORY II	SOAN	SOAN 197.2
TRANSNATIONAL MIGRATION:  GENDER, CULTURE, AND IDENTITIES	SOAN	SOAN 218.1
RESEARCH IN SOCIAL SYSTEMS	SOAN	SOAN 292.1
READINGS IN SOCIAL SYSTEMS	SOAN	SOAN 292.2
COMPREHENSIVE EXAMINATIONS	SOAN	SOAN 296
THESIS I	SOAN	SOAN 299.1
THESIS PROPOSAL DEFENSE	SOAN	SOAN 299.19
THESIS II	SOAN	SOAN 299.2
ORAL DEFENSE	SOAN	SOAN 299.4
FINAL PAPER SUBMISSION	SOAN	SOAN 299.6
FINAL PAPER SUBMISSION	SOAN	SOAN 299.7
KEY CONCEPTS AND CRITICAL DEBATES IN SOCIAL, INTERNATIONAL, AND TRANSDISCIPLINARY DEVELOPMENT	SOCDV	SOCDV 201.3
THEORIES OF DEVELOPMENT	SOCDV	SOCDV 203.2
SYSTEMS THINKING FOR RISK GOVERNANCE, RESILIENCE, AND DEVELOPMENT	SOCDV	SOCDV 282.1
COMPREHENSIVE EXAMINATION	SOCDV	SOCDV 296
FUNDAMENTALS OF SOCIOLOGY	SOCIO	SOCIO 101
SOCIOLOGY OF THE PHILIPPINES	SOCIO	SOCIO 102
SOCIOLOGICAL THEORIES I	SOCIO	SOCIO 103.1
SOCIOLOGICAL THEORIES II	SOCIO	SOCIO 103.2
INDUSTRIAL AND OTHER COMPLEX ORGANIZATIONS	SOCIO	SOCIO 114.2
SOCIOLOGY OF INEQUALITY	SOCIO	SOCIO 116
CONTEMPORARY SOCIAL PROBLEMS	SOCIO	SOCIO 119.1
SOCIOLOGY OF SOCIAL MOVEMENTS	SOCIO	SOCIO 135.1
GENDER RELATIONS	SOCIO	SOCIO 138.1
STATISTICAL ANALYSIS FOR THE SOCIAL SCIENCES	SOCIO	SOCIO 192.1
QUANTITATIVE RESEARCH METHODS: SOCIAL SURVEY	SOCIO	SOCIO 193.1
QUANTITATIVE DATA ANALYSIS	SOCIO	SOCIO 193.2
DIRECTED RESEARCH (THESIS) I	SOCIO	SOCIO 199.1
DIRECTED RESEARCH (THESIS) II	SOCIO	SOCIO 199.2
SPECIAL TOPICS IN SOCIOLOGY AND ANTHROPOLOGY:  URBAN SOCIAL ISSUES AND PROBLEMS	SOCIO	SOCIO 215.2
SOCIOLOGY OF EDUCATION	SOCIO	SOCIO 269
SPECIAL TOPICS IN SOCIOLOGY AND ANTHROPOLOGY:  PERSPECTIVES AND CRITIQUES IN THE SOCIOLOGY OF EDUCATION	SOCIO	SOCIO 269.2
RESEARCH STRATEGIES	SOCIO	SOCIO 292
RESEARCH TECHNIQUES (STATISTICS)	SOCIO	SOCIO 292.1
FUNDAMENTAL STATISTICS	SOCIO	SOCIO 293.1
QUANTITATIVE DATA ANALYSIS	SOCIO	SOCIO 293.4
SPECIAL TOPICS IN SOCIAL PROBLEMS AND SOCIAL ORGANIZATION	SOCIO	SOCIO 340
SEMINAR ON ISSUES IN SOCIOLOGICAL THEORY	SOCIO	SOCIO 390
SEMINAR ON SOCIOLOGICAL ANALYSIS	SOCIO	SOCIO 390.11
SEMINAR IN ANTHROPOLOGICAL ANALYSIS	SOCIO	SOCIO 390.13
SEMINAR ON DIRECTED SOCIAL CHANGE	SOCIO	SOCIO 390.7
SEMINAR ON ADVANCED RESEARCH METHODS	SOCIO	SOCIO 392.2
PROSEMINAR ON METHODOLOGY	SOCIO	SOCIO 392.4
PROSEMINAR ON QUANTITATIVE ANALYSIS	SOCIO	SOCIO 393
ADVANCED QUALITATIVE METHODS FOR THE SOCIAL SCIENCES	SOCIO	SOCIO 394.1
DISSERTATION I	SOCIO	SOCIO 399.1
ORAL DEFENSE	SOCIO	SOCIO 399.4
UNDERSTANDING THE SELF	SOCSC	SOCSC 11
THE CONTEMPORARY WORLD	SOCSC	SOCSC 12
THE ECONOMY, SOCIETY, AND SUSTAINABLE DEVELOPMENT	SOCSC	SOCSC 13
THE POLITICAL ECONOMY OF INTERNATIONAL MIGRATION	SOCSC	SOCSC 130I
RIGHT TO FOOD, THE FOOD SYSTEMS AND DEVELOPMENT	SOCSC	SOCSC 131I
COMPETITION POLICY AND THE LAW	SOCSC	SOCSC 134I
POLITICS, GOVERNANCE, AND CITIZENSHIP	SOCSC	SOCSC 14
AN INTRODUCTION TO MEDIA AND POLITICS	SOCSC	SOCSC 180I
RESEARCH SEMINAR:FUNDAMENTALS OF ACADEMIC RESEARCH	SOMGT	SOMGT 290
RESEARCH METHODS	SOMGT	SOMGT 292
QUANTITATIVE METHODS	SOMGT	SOMGT 293
QUALITATIVE METHODS	SOMGT	SOMGT 294
COMPREHENSIVE EXAMINATIONS	SOMGT	SOMGT 296
SUBMISSION OF FINAL CAPSTONE PROJECT	SOMGT	SOMGT 298.77
THESIS I	SOMGT	SOMGT 299.1
RESEARCH REPORT (THESIS PROPOSAL)	SOMGT	SOMGT 299.12
THESIS PROPOSAL DEFENSE	SOMGT	SOMGT 299.19
THESIS 2	SOMGT	SOMGT 299.2
ORAL DEFENSE	SOMGT	SOMGT 299.4
RESIDENCY	SOMGT	SOMGT 299.5
FINAL PAPER SUBMISSION	SOMGT	SOMGT 299.6
FINAL PAPER SUBMISSION	SOMGT	SOMGT 299.7
SUPERVISED STUDY	SOMGT	SOMGT 322
RESEARCH LAB: QUALITATIVE METHODS	SOMGT	SOMGT 394
COMPREHENSIVE EXAM	SOMGT	SOMGT 396
SUBMISSION OF FINAL CAPSTONE PROJECT	SOMGT	SOMGT 398.66
SUBMISSION OF FINAL CAPSTONE PROJECT	SOMGT	SOMGT 398.77
DISSERTATION I	SOMGT	SOMGT 399.1
DISSERTATION PROPOSAL DEFENSE	SOMGT	SOMGT 399.19
DISSERTATION II	SOMGT	SOMGT 399.2
ORAL DEFENSE	SOMGT	SOMGT 399.4
RESIDENCY	SOMGT	SOMGT 399.5
FINAL PAPER SUBMISSION	SOMGT	SOMGT 399.6
FINAL PAPER SUBMISSION	SOMGT	SOMGT 399.7
BASIC SPANISH 1 LANGUAGE AND CULTURE	SPA	SPA 11
BASIC SPANISH 2 LANGUAGE AND CULTURE	SPA	SPA 12
INTERMEDIATE SPANISH 1	SPA	SPA 13
INTERMEDIATE SPANISH 2	SPA	SPA 14
ADVANCED SPANISH 1	SPA	SPA 15
LANGUAGE FOR SPECIFIC PURPOSES: SPANISH	SPA	SPA 21
CONVERSATIONAL SPANISH	SPA	SPA 22
SCIENCE, TECHNOLOGY, AND SOCIETY	STS	STS 10
Course Title	SUBJECT	SUBJECT CODE
FAITH, SPIRITUALITY, AND THE CHURCH	THEO	THEO 11
LET THE LITTLE CHILDREN COME TO ME: TEACHING CATECHISM TO URBAN POOR CHILDREN	THEO	THEO 114.03I
THEOLOGY OF THE CATHOLIC SOCIAL VISION	THEO	THEO 12
A THEOLOGY OF MARRIAGE, FAMILY, AND VOCATION	THEO	THEO 13
INTRODUCTION TO THEATER	THTR	THTR 101
THEATRICAL PERFORMANCE: VOICE, MOVEMENT, AND MIME	THTR	THTR 110.03
THEATRICAL PERFORMANCE: ACTING 1	THTR	THTR 110.04
THEATRICAL PERFORMANCE: ACTING 2	THTR	THTR 110.05
THEATER DESIGN: SET DESIGN	THTR	THTR 130.03
THEATER DESIGN: COSTUME DESIGN	THTR	THTR 130.04
THEATER TECHNOLOGY: TECHNICAL THEATER	THTR	THTR 140.03
THEATER MANAGEMENT: STAGE MANAGEMENT	THTR	THTR 145.03
THEATER GENRES: MUSICAL THEATER	THTR	THTR 150.03
THEATER HISTORY AND DRAMATIC LITERATURE: SURVEY OF THEATER HISTORY AND DRAMATIC LITERATURE	THTR	THTR 160.03
THEATER HISTORY AND DRAMATIC LITERATURE: PHILIPPINE DRAMA	THTR	THTR 160.04
DRAMATURGY	THTR	THTR 162
THEATER PRODUCTION	THTR	THTR 170
DEVISING AND NON-TEXT BASED PERFORMANCE	THTR	THTR 172
ACTING FOR THE CAMERA	THTR	THTR 173
THEATER THEORY	THTR	THTR 180
THEATER ARTS THESIS: SENIOR PROJECT 1	THTR	THTR 199.1
THEATER ARTS THESIS: SENIOR PROJECT 2	THTR	THTR 199.2
REVELATION-FAITH	TMP	TMP 201
FUNDAMENTAL MORAL THEOLOGY	TMP	TMP 202
CHRISTIAN WORSHIP	TMP	TMP 203
CHRISTOLOGY	TMP	TMP 204
ECCLESIOLOGY	TMP	TMP 205
INTRODUCTION TO THE OLD TESTAMENT	TMP	TMP 211.04
PENTATEUCHAL STUDIES	TMP	TMP 211.10
PROPHETS OF ISRAEL	TMP	TMP 211.30
PSALMS AND WISDOM LITERATURE	TMP	TMP 211.81
INTRODUCTION TO THE NEW TESTAMENT	TMP	TMP 212.04
SYNOPTICS	TMP	TMP 212.20
JOHN	TMP	TMP 212.30
PAUL	TMP	TMP 212.40
THE BIBLE AND PEOPLE OF GOD ON THE MOVE	TMP	TMP 215.04
GOD ONE AND TRIUNE	TMP	TMP 221.11
THEOLOGICAL ANTHROPOLOGY I:  CREATION, SIN, ESCHATOLOGY	TMP	TMP 221.13
THEOLOGICAL ANTHROPOLOGY II:  SIN AND GRACE	TMP	TMP 221.15
SOTERIOLOGY AND MARIOLOGY	TMP	TMP 221.34
THEMES RELATED TO ECCLESIOLOGY	TMP	TMP 222
NEW ECCLESIOLOGIES AND MINISTRIES IN THE CATHOLIC CHURCH	TMP	TMP 222.03
CHURCH AND MISSION	TMP	TMP 222.11
THE SACRAMENTS OF THE CHURCH	TMP	TMP 223
SACRAMENTS OF VOCATION	TMP	TMP 223.05
THEOLOGY OF THE EUCHARIST	TMP	TMP 223.06
INTRODUCING THEOLOGIES OF MIGRATION	TMP	TMP 226.03
SPECIAL MORAL THEOLOGY I:  MEDICAL/SEXUAL ETHICS	TMP	TMP 231.04
FAMILY SPIRITUALITY AND SEXUAL ETHICS	TMP	TMP 231.05
SPECIAL MORAL THEOLOGY II:  CHRISTIAN SOCIAL ETHICS	TMP	TMP 232.04
THEMES RELATED TO CHRISTIAN SOCIAL ETHICS II	TMP	TMP 232.06
MIGRATION IN CATHOLIC SOCIAL TEACHING	TMP	TMP 232.17
HUMAN RIGHTS OF MIGRANTS	TMP	TMP 232.19
PASTORAL MINISTRY AND CANON LAW	TMP	TMP 241
CANON LAW I	TMP	TMP 241.03
CANON LAW II	TMP	TMP 241.04
SELECTED TOPICS OF CHURCH HISTORY	TMP	TMP 248
CHURCH HISTORY II:  FOURTEENTH CENTURY TO THE PRESENT	TMP	TMP 248.04
ADVANCED PASTORAL METHODS	TMP	TMP 251.03
ESSENTIALS OF PARISH LEADERSHIP	TMP	TMP 251.04
CONFLICT AND PARISH MANAGEMENT CONSULTING	TMP	TMP 251.06
DESIGNING PARISH LEADERSHIP PROGRAMS (PRACTICUM)	TMP	TMP 251.09
ORGANIZING CATECHETICAL LEADERSHIP PROGRAMS (PRACTICUM)	TMP	TMP 251.10
ORGANIZING YOUTH MINISTRY (PRACTICUM)	TMP	TMP 251.11
HISTORY OF SPIRITUALITY	TMP	TMP 255
THE CLASSICS OF WESTERN SPIRITUALITY	TMP	TMP 255.04
MYSTICISM	TMP	TMP 255.05
CHRISTIAN SANCTITY:  INTEGRATION OF DOGMA, SPIRITUALITY AND LIFE	TMP	TMP 257
DEVELOPMENT IN THE SPIRITUAL LIFE	TMP	TMP 257.03
FUNDAMENTALS OF HUMAN AND CHRISTIAN FORMATION	TMP	TMP 259.03
GROWING IN RELIGIOUS VOWS	TMP	TMP 259.04
BASIC CONCEPTS IN PSYCHO-SEXUAL FORMATION	TMP	TMP 259.06
FORMATIVE PROCESSING SKILLS	TMP	TMP 259.07
PASTORAL PSYCHOLOGY AND COUNSELING	TMP	TMP 267
PASTORAL GROUP PROCESS	TMP	TMP 267.07
FAMILY DYNAMICS AND COUNSELING APPROACHES	TMP	TMP 268
MARITAL/PREMARITAL DYNAMICS AND COUNSELING:  A PSYCHO-SPIRITUAL APPROACH	TMP	TMP 268.03
MARITAL/FAMILY COUNSELING PRACTICUM	TMP	TMP 268.04
SPECIAL TOPICS IN MARITAL AND FAMILY COUNSELING:  CHILD AND ADOLESCENT COUNSELING	TMP	TMP 268.08
FAMILY SPIRITUALITY PRACTICUM	TMP	TMP 268.09
CATECHESIS	TMP	TMP 280
EFFECTIVE METHODOLOGY IN ECCLESIAL MINISTRY	TMP	TMP 282
BIBLICAL HEBREW I	TMP	TMP 295.11
BIBLICAL HEBREW II	TMP	TMP 295.12
BIBLICAL GREEK I	TMP	TMP 295.21
BIBLICAL GREEK II	TMP	TMP 295.22
BIBLICAL GREEK III	TMP	TMP 295.23
BIBLICAL GREEK IV	TMP	TMP 295.24
SUBMISSION OF FINAL CAPSTONE PROJECT	TMP	TMP 298.66
SUBMISSION OF FINAL CAPSTONE PROJECT	TMP	TMP 298.77
THESIS PROPOSAL DEFENSE	TMP	TMP 299.19
ORAL DEFENSE	TMP	TMP 299.4
RESIDENCY	TMP	TMP 299.5
FINAL PAPER SUBMISSION	TMP	TMP 299.6
FINAL PAPER SUBMISSION	TMP	TMP 299.7
RESEARCH METHODOLOGY IN MINISTRY	TMP	TMP 306
ETHICS IN PASTORAL CARE AND MINISTRY	TMP	TMP 307
HISTORICAL AND CULTURAL BACKGROUND TO THE OLD TESTAMENT	TMP	TMP 311.03
EXEGESIS:  PENTATEUCH	TMP	TMP 311.12
EXEGESIS:  PROPHETS	TMP	TMP 311.32
OLD TESTAMENT SEMINAR II	TMP	TMP 311.91
THEOLOGY OF THE NEW TESTAMENT	TMP	TMP 312
EXEGESIS:  SYNOPTICS	TMP	TMP 312.23
EXEGESIS:  JOHANNINE LITERATURE	TMP	TMP 312.33
EXEGESIS:  NEW TESTAMENT LETTERS	TMP	TMP 312.60
EXEGESIS:  LUKE/ACTS	TMP	TMP 312.81
NEW TESTAMENT SEMINAR II	TMP	TMP 312.91
DOGMATICS	TMP	TMP 321.03
THOMAS AQUINAS	TMP	TMP 321.18
THEOLOGIES OF THE PASCHAL MYSTERY	TMP	TMP 321.25
HAGIOGRAPHY AND THE CONSTRUCTION OF SANCTITY	TMP	TMP 321.30
DOGMATICS (READING COURSE I)	TMP	TMP 321.96
DOGMATICS (READING COURSE II)	TMP	TMP 321.97
NEW ECCLESIOLOGIES AND MINISTRIES IN THE CATHOLIC CHURCH	TMP	TMP 322.03
THE THEOLOGY OF THE EUCHARIST	TMP	TMP 323.06
RELIGION, THE CATHOLIC CHURCH, AND SOCIETY	TMP	TMP 326
FAITH AND SCIENCE	TMP	TMP 326.08
THEMES RELATED TO CHRISTIAN SOCIAL ETHICS I	TMP	TMP 332.06
MORAL DEVELOPMENT	TMP	TMP 332.08
CHRISTIAN MORALITY AND MORAL EDUCATION (READING COURSE I)	TMP	TMP 332.96
CHRISTIAN MORALITY AND MORAL EDUCATION (READING COURSE III)	TMP	TMP 332.98
CHRISTIAN MORALITY AND MORAL EDUCATION (READING COURSE IV)	TMP	TMP 332.99
APPRENTICESHIP FOR MINISTRY I	TMP	TMP 342.03
APPRENTICESHIP FOR MINISTRY II	TMP	TMP 342.04
HISTORY OF SPIRITUALITY	TMP	TMP 355
MYSTICISM	TMP	TMP 355.05
CHRISTIAN SANCTITY:  INTEGRATION OF DOGMA, SPIRITUALITY AND LIFE	TMP	TMP 357
DEVELOPMENT IN THE SPIRITUAL LIFE	TMP	TMP 357.03
THEORIES OF PASTORAL COUNSELING	TMP	TMP 366
PRINCIPLES OF CHANGE:  HUMAN DEVELOPMENT AND LIFE CYCLE	TMP	TMP 366.03
PRINCIPLES OF SUPERVISION IN PASTORAL COUNSELING AND SPIRITUAL CARE	TMP	TMP 366.04
ASSESSMENT, DIAGNOSIS AND CLINICAL THEOLOGY	TMP	TMP 366.05
PASTORAL COUNSELING WITH CHILDREN AND ADOLESCENTS	TMP	TMP 366.06
MULTIDISCIPLINARY FOUNDATIONS FOR THEOLOGICAL REFLECTION	TMP	TMP 383
THEOLOGIC AL METHOD	TMP	TMP 383.03
SUBMISSION OF FINAL CAPSTONE PROJECT	TMP	TMP 398.66
SUBMISSION OF FINAL CAPSTONE PROJECT	TMP	TMP 398.77
DISSERTATION PROPOSAL DEFENSE	TMP	TMP 399.19
ORAL DEFENSE	TMP	TMP 399.4
RESIDENCY	TMP	TMP 399.5
FINAL PAPER SUBMISSION	TMP	TMP 399.6
FINAL PAPER SUBMISSION	TMP	TMP 399.7
SUBMISSION OF FINAL CAPSTONE PROJECT	TMPSS	TMPSS 298.66
SUBMISSION OF FINAL CAPSTONE PROJECT	TMPSS	TMPSS 298.77
